codice_istat_comune,codice_catastale,comune,comune_italiano,comune_normalized,provincia,sigla_provincia,codice_uts_provincia,provincia_normalized,regione,codice_regione,regione_normalized,ripartizione_geografica,is_capoluogo
069001,A235,Altino,Altino,ALTINO,Chieti,CH,069,CHIETI,Abruzzo,13,ABRUZZO,Sud,0
069002,A367,Archi,Archi,ARCHI,Chieti,CH,069,CHIETI,Abruzzo,13,ABRUZZO,Sud,0
069003,A398,Ari,Ari,ARI,Chieti,CH,069,CHIETI,Abruzzo,13,ABRUZZO,Sud,0
069004,A402,Arielli,Arielli,ARIELLI,Chieti,CH,069,CHIETI,Abruzzo,13,ABRUZZO,Sud,0
069005,A485,Atessa,Atessa,ATESSA,Chieti,CH,069,CHIETI,Abruzzo,13,ABRUZZO,Sud,0
069006,A956,Bomba,Bomba,BOMBA,Chieti,CH,069,CHIETI,Abruzzo,13,ABRUZZO,Sud,0
069007,B057,Borrello,Borrello,BORRELLO,Chieti,CH,069,CHIETI,Abruzzo,13,ABRUZZO,Sud,0
069008,B238,Bucchianico,Bucchianico,BUCCHIANICO,Chieti,CH,069,CHIETI,Abruzzo,13,ABRUZZO,Sud,0
069010,B620,Canosa Sannita,Canosa Sannita,CANOSA SANNITA,Chieti,CH,069,CHIETI,Abruzzo,13,ABRUZZO,Sud,0
069011,B826,Carpineto Sinello,Carpineto Sinello,CARPINETO SINELLO,Chieti,CH,069,CHIETI,Abruzzo,13,ABRUZZO,Sud,0
069012,B853,Carunchio,Carunchio,CARUNCHIO,Chieti,CH,069,CHIETI,Abruzzo,13,ABRUZZO,Sud,0
069013,B859,Casacanditella,Casacanditella,CASACANDITELLA,Chieti,CH,069,CHIETI,Abruzzo,13,ABRUZZO,Sud,0
069014,B861,Casalanguida,Casalanguida,CASALANGUIDA,Chieti,CH,069,CHIETI,Abruzzo,13,ABRUZZO,Sud,0
069015,B865,Casalbordino,Casalbordino,CASALBORDINO,Chieti,CH,069,CHIETI,Abruzzo,13,ABRUZZO,Sud,0
069016,B896,Casalincontrada,Casalincontrada,CASALINCONTRADA,Chieti,CH,069,CHIETI,Abruzzo,13,ABRUZZO,Sud,0
069017,B985,Casoli,Casoli,CASOLI,Chieti,CH,069,CHIETI,Abruzzo,13,ABRUZZO,Sud,0
069018,C114,Castel Frentano,Castel Frentano,CASTEL FRENTANO,Chieti,CH,069,CHIETI,Abruzzo,13,ABRUZZO,Sud,0
069019,C123,Castelguidone,Castelguidone,CASTELGUIDONE,Chieti,CH,069,CHIETI,Abruzzo,13,ABRUZZO,Sud,0
069020,C298,Castiglione Messer Marino,Castiglione Messer Marino,CASTIGLIONE MESSER MARINO,Chieti,CH,069,CHIETI,Abruzzo,13,ABRUZZO,Sud,0
069021,C428,Celenza sul Trigno,Celenza sul Trigno,CELENZA SUL TRIGNO,Chieti,CH,069,CHIETI,Abruzzo,13,ABRUZZO,Sud,0
069022,C632,Chieti,Chieti,CHIETI,Chieti,CH,069,CHIETI,Abruzzo,13,ABRUZZO,Sud,1
069023,C768,Civitaluparella,Civitaluparella,CIVITALUPARELLA,Chieti,CH,069,CHIETI,Abruzzo,13,ABRUZZO,Sud,0
069024,C776,Civitella Messer Raimondo,Civitella Messer Raimondo,CIVITELLA MESSER RAIMONDO,Chieti,CH,069,CHIETI,Abruzzo,13,ABRUZZO,Sud,0
069025,C855,Colledimacine,Colledimacine,COLLEDIMACINE,Chieti,CH,069,CHIETI,Abruzzo,13,ABRUZZO,Sud,0
069026,C856,Colledimezzo,Colledimezzo,COLLEDIMEZZO,Chieti,CH,069,CHIETI,Abruzzo,13,ABRUZZO,Sud,0
069027,D137,Crecchio,Crecchio,CRECCHIO,Chieti,CH,069,CHIETI,Abruzzo,13,ABRUZZO,Sud,0
069028,D209,Cupello,Cupello,CUPELLO,Chieti,CH,069,CHIETI,Abruzzo,13,ABRUZZO,Sud,0
069029,D315,Dogliola,Dogliola,DOGLIOLA,Chieti,CH,069,CHIETI,Abruzzo,13,ABRUZZO,Sud,0
069104,D480,Fallo,Fallo,FALLO,Chieti,CH,069,CHIETI,Abruzzo,13,ABRUZZO,Sud,0
069030,D494,Fara Filiorum Petri,Fara Filiorum Petri,FARA FILIORUM PETRI,Chieti,CH,069,CHIETI,Abruzzo,13,ABRUZZO,Sud,0
069031,D495,Fara San Martino,Fara San Martino,FARA SAN MARTINO,Chieti,CH,069,CHIETI,Abruzzo,13,ABRUZZO,Sud,0
069032,D592,Filetto,Filetto,FILETTO,Chieti,CH,069,CHIETI,Abruzzo,13,ABRUZZO,Sud,0
069033,D738,Fossacesia,Fossacesia,FOSSACESIA,Chieti,CH,069,CHIETI,Abruzzo,13,ABRUZZO,Sud,0
069034,D757,Fraine,Fraine,FRAINE,Chieti,CH,069,CHIETI,Abruzzo,13,ABRUZZO,Sud,0
069035,D763,Francavilla al Mare,Francavilla al Mare,FRANCAVILLA AL MARE,Chieti,CH,069,CHIETI,Abruzzo,13,ABRUZZO,Sud,0
069036,D796,Fresagrandinaria,Fresagrandinaria,FRESAGRANDINARIA,Chieti,CH,069,CHIETI,Abruzzo,13,ABRUZZO,Sud,0
069037,D803,Frisa,Frisa,FRISA,Chieti,CH,069,CHIETI,Abruzzo,13,ABRUZZO,Sud,0
069038,D823,Furci,Furci,FURCI,Chieti,CH,069,CHIETI,Abruzzo,13,ABRUZZO,Sud,0
069039,D898,Gamberale,Gamberale,GAMBERALE,Chieti,CH,069,CHIETI,Abruzzo,13,ABRUZZO,Sud,0
069040,D996,Gessopalena,Gessopalena,GESSOPALENA,Chieti,CH,069,CHIETI,Abruzzo,13,ABRUZZO,Sud,0
069041,E052,Gissi,Gissi,GISSI,Chieti,CH,069,CHIETI,Abruzzo,13,ABRUZZO,Sud,0
069042,E056,Giuliano Teatino,Giuliano Teatino,GIULIANO TEATINO,Chieti,CH,069,CHIETI,Abruzzo,13,ABRUZZO,Sud,0
069043,E243,Guardiagrele,Guardiagrele,GUARDIAGRELE,Chieti,CH,069,CHIETI,Abruzzo,13,ABRUZZO,Sud,0
069044,E266,Guilmi,Guilmi,GUILMI,Chieti,CH,069,CHIETI,Abruzzo,13,ABRUZZO,Sud,0
069045,E424,Lama dei Peligni,Lama dei Peligni,LAMA DEI PELIGNI,Chieti,CH,069,CHIETI,Abruzzo,13,ABRUZZO,Sud,0
069046,E435,Lanciano,Lanciano,LANCIANO,Chieti,CH,069,CHIETI,Abruzzo,13,ABRUZZO,Sud,0
069047,E531,Lentella,Lentella,LENTELLA,Chieti,CH,069,CHIETI,Abruzzo,13,ABRUZZO,Sud,0
069048,E559,Lettopalena,Lettopalena,LETTOPALENA,Chieti,CH,069,CHIETI,Abruzzo,13,ABRUZZO,Sud,0
069049,E611,Liscia,Liscia,LISCIA,Chieti,CH,069,CHIETI,Abruzzo,13,ABRUZZO,Sud,0
069050,F196,Miglianico,Miglianico,MIGLIANICO,Chieti,CH,069,CHIETI,Abruzzo,13,ABRUZZO,Sud,0
069051,F433,Montazzoli,Montazzoli,MONTAZZOLI,Chieti,CH,069,CHIETI,Abruzzo,13,ABRUZZO,Sud,0
069009,B268,Montebello sul Sangro,Montebello sul Sangro,MONTEBELLO SUL SANGRO,Chieti,CH,069,CHIETI,Abruzzo,13,ABRUZZO,Sud,0
069052,F498,Monteferrante,Monteferrante,MONTEFERRANTE,Chieti,CH,069,CHIETI,Abruzzo,13,ABRUZZO,Sud,0
069053,F535,Montelapiano,Montelapiano,MONTELAPIANO,Chieti,CH,069,CHIETI,Abruzzo,13,ABRUZZO,Sud,0
069054,F578,Montenerodomo,Montenerodomo,MONTENERODOMO,Chieti,CH,069,CHIETI,Abruzzo,13,ABRUZZO,Sud,0
069055,F582,Monteodorisio,Monteodorisio,MONTEODORISIO,Chieti,CH,069,CHIETI,Abruzzo,13,ABRUZZO,Sud,0
069056,F785,Mozzagrogna,Mozzagrogna,MOZZAGROGNA,Chieti,CH,069,CHIETI,Abruzzo,13,ABRUZZO,Sud,0
069057,G128,Orsogna,Orsogna,ORSOGNA,Chieti,CH,069,CHIETI,Abruzzo,13,ABRUZZO,Sud,0
069058,G141,Ortona,Ortona,ORTONA,Chieti,CH,069,CHIETI,Abruzzo,13,ABRUZZO,Sud,0
069059,G237,Paglieta,Paglieta,PAGLIETA,Chieti,CH,069,CHIETI,Abruzzo,13,ABRUZZO,Sud,0
069060,G271,Palena,Palena,PALENA,Chieti,CH,069,CHIETI,Abruzzo,13,ABRUZZO,Sud,0
069061,G290,Palmoli,Palmoli,PALMOLI,Chieti,CH,069,CHIETI,Abruzzo,13,ABRUZZO,Sud,0
069062,G294,Palombaro,Palombaro,PALOMBARO,Chieti,CH,069,CHIETI,Abruzzo,13,ABRUZZO,Sud,0
069063,G434,Pennadomo,Pennadomo,PENNADOMO,Chieti,CH,069,CHIETI,Abruzzo,13,ABRUZZO,Sud,0
069064,G435,Pennapiedimonte,Pennapiedimonte,PENNAPIEDIMONTE,Chieti,CH,069,CHIETI,Abruzzo,13,ABRUZZO,Sud,0
069065,G441,Perano,Perano,PERANO,Chieti,CH,069,CHIETI,Abruzzo,13,ABRUZZO,Sud,0
069103,G613,Pietraferrazzana,Pietraferrazzana,PIETRAFERRAZZANA,Chieti,CH,069,CHIETI,Abruzzo,13,ABRUZZO,Sud,0
069066,G724,Pizzoferrato,Pizzoferrato,PIZZOFERRATO,Chieti,CH,069,CHIETI,Abruzzo,13,ABRUZZO,Sud,0
069067,G760,Poggiofiorito,Poggiofiorito,POGGIOFIORITO,Chieti,CH,069,CHIETI,Abruzzo,13,ABRUZZO,Sud,0
069068,G799,Pollutri,Pollutri,POLLUTRI,Chieti,CH,069,CHIETI,Abruzzo,13,ABRUZZO,Sud,0
069069,H052,Pretoro,Pretoro,PRETORO,Chieti,CH,069,CHIETI,Abruzzo,13,ABRUZZO,Sud,0
069070,H098,Quadri,Quadri,QUADRI,Chieti,CH,069,CHIETI,Abruzzo,13,ABRUZZO,Sud,0
069071,H184,Rapino,Rapino,RAPINO,Chieti,CH,069,CHIETI,Abruzzo,13,ABRUZZO,Sud,0
069072,H320,Ripa Teatina,Ripa Teatina,RIPA TEATINA,Chieti,CH,069,CHIETI,Abruzzo,13,ABRUZZO,Sud,0
069074,H439,Rocca San Giovanni,Rocca San Giovanni,ROCCA SAN GIOVANNI,Chieti,CH,069,CHIETI,Abruzzo,13,ABRUZZO,Sud,0
069073,H424,Roccamontepiano,Roccamontepiano,ROCCAMONTEPIANO,Chieti,CH,069,CHIETI,Abruzzo,13,ABRUZZO,Sud,0
069075,H442,Roccascalegna,Roccascalegna,ROCCASCALEGNA,Chieti,CH,069,CHIETI,Abruzzo,13,ABRUZZO,Sud,0
069076,H448,Roccaspinalveti,Roccaspinalveti,ROCCASPINALVETI,Chieti,CH,069,CHIETI,Abruzzo,13,ABRUZZO,Sud,0
069077,H495,Roio del Sangro,Roio del Sangro,ROIO DEL SANGRO,Chieti,CH,069,CHIETI,Abruzzo,13,ABRUZZO,Sud,0
069078,H566,Rosello,Rosello,ROSELLO,Chieti,CH,069,CHIETI,Abruzzo,13,ABRUZZO,Sud,0
069079,H784,San Buono,San Buono,SAN BUONO,Chieti,CH,069,CHIETI,Abruzzo,13,ABRUZZO,Sud,0
069080,H923,San Giovanni Lipioni,San Giovanni Lipioni,SAN GIOVANNI LIPIONI,Chieti,CH,069,CHIETI,Abruzzo,13,ABRUZZO,Sud,0
069081,D690,San Giovanni Teatino,San Giovanni Teatino,SAN GIOVANNI TEATINO,Chieti,CH,069,CHIETI,Abruzzo,13,ABRUZZO,Sud,0
069082,H991,San Martino sulla Marrucina,San Martino sulla Marrucina,SAN MARTINO SULLA MARRUCINA,Chieti,CH,069,CHIETI,Abruzzo,13,ABRUZZO,Sud,0
069083,I148,San Salvo,San Salvo,SAN SALVO,Chieti,CH,069,CHIETI,Abruzzo,13,ABRUZZO,Sud,0
069086,I394,San Vito Chietino,San Vito Chietino,SAN VITO CHIETINO,Chieti,CH,069,CHIETI,Abruzzo,13,ABRUZZO,Sud,0
069085,I335,Sant'Eusanio del Sangro,Sant'Eusanio del Sangro,SANT EUSANIO DEL SANGRO,Chieti,CH,069,CHIETI,Abruzzo,13,ABRUZZO,Sud,0
069084,I244,Santa Maria Imbaro,Santa Maria Imbaro,SANTA MARIA IMBARO,Chieti,CH,069,CHIETI,Abruzzo,13,ABRUZZO,Sud,0
069087,I520,Scerni,Scerni,SCERNI,Chieti,CH,069,CHIETI,Abruzzo,13,ABRUZZO,Sud,0
069088,I526,Schiavi di Abruzzo,Schiavi di Abruzzo,SCHIAVI DI ABRUZZO,Chieti,CH,069,CHIETI,Abruzzo,13,ABRUZZO,Sud,0
069089,L047,Taranta Peligna,Taranta Peligna,TARANTA PELIGNA,Chieti,CH,069,CHIETI,Abruzzo,13,ABRUZZO,Sud,0
069090,L194,Tollo,Tollo,TOLLO,Chieti,CH,069,CHIETI,Abruzzo,13,ABRUZZO,Sud,0
069091,L218,Torino di Sangro,Torino di Sangro,TORINO DI SANGRO,Chieti,CH,069,CHIETI,Abruzzo,13,ABRUZZO,Sud,0
069092,L224,Tornareccio,Tornareccio,TORNARECCIO,Chieti,CH,069,CHIETI,Abruzzo,13,ABRUZZO,Sud,0
069093,L253,Torrebruna,Torrebruna,TORREBRUNA,Chieti,CH,069,CHIETI,Abruzzo,13,ABRUZZO,Sud,0
069094,L284,Torrevecchia Teatina,Torrevecchia Teatina,TORREVECCHIA TEATINA,Chieti,CH,069,CHIETI,Abruzzo,13,ABRUZZO,Sud,0
069095,L291,Torricella Peligna,Torricella Peligna,TORRICELLA PELIGNA,Chieti,CH,069,CHIETI,Abruzzo,13,ABRUZZO,Sud,0
069096,L363,Treglio,Treglio,TREGLIO,Chieti,CH,069,CHIETI,Abruzzo,13,ABRUZZO,Sud,0
069097,L459,Tufillo,Tufillo,TUFILLO,Chieti,CH,069,CHIETI,Abruzzo,13,ABRUZZO,Sud,0
069098,L526,Vacri,Vacri,VACRI,Chieti,CH,069,CHIETI,Abruzzo,13,ABRUZZO,Sud,0
069099,E372,Vasto,Vasto,VASTO,Chieti,CH,069,CHIETI,Abruzzo,13,ABRUZZO,Sud,0
069102,M022,Villa Santa Maria,Villa Santa Maria,VILLA SANTA MARIA,Chieti,CH,069,CHIETI,Abruzzo,13,ABRUZZO,Sud,0
069100,L961,Villalfonsina,Villalfonsina,VILLALFONSINA,Chieti,CH,069,CHIETI,Abruzzo,13,ABRUZZO,Sud,0
069101,L964,Villamagna,Villamagna,VILLAMAGNA,Chieti,CH,069,CHIETI,Abruzzo,13,ABRUZZO,Sud,0
066001,A018,Acciano,Acciano,ACCIANO,L'Aquila,AQ,066,L AQUILA,Abruzzo,13,ABRUZZO,Sud,0
066002,A100,Aielli,Aielli,AIELLI,L'Aquila,AQ,066,L AQUILA,Abruzzo,13,ABRUZZO,Sud,0
066003,A187,Alfedena,Alfedena,ALFEDENA,L'Aquila,AQ,066,L AQUILA,Abruzzo,13,ABRUZZO,Sud,0
066004,A318,Anversa degli Abruzzi,Anversa degli Abruzzi,ANVERSA DEGLI ABRUZZI,L'Aquila,AQ,066,L AQUILA,Abruzzo,13,ABRUZZO,Sud,0
066005,A481,Ateleta,Ateleta,ATELETA,L'Aquila,AQ,066,L AQUILA,Abruzzo,13,ABRUZZO,Sud,0
066006,A515,Avezzano,Avezzano,AVEZZANO,L'Aquila,AQ,066,L AQUILA,Abruzzo,13,ABRUZZO,Sud,0
066007,A603,Balsorano,Balsorano,BALSORANO,L'Aquila,AQ,066,L AQUILA,Abruzzo,13,ABRUZZO,Sud,0
066008,A656,Barete,Barete,BARETE,L'Aquila,AQ,066,L AQUILA,Abruzzo,13,ABRUZZO,Sud,0
066009,A667,Barisciano,Barisciano,BARISCIANO,L'Aquila,AQ,066,L AQUILA,Abruzzo,13,ABRUZZO,Sud,0
066010,A678,Barrea,Barrea,BARREA,L'Aquila,AQ,066,L AQUILA,Abruzzo,13,ABRUZZO,Sud,0
066011,A884,Bisegna,Bisegna,BISEGNA,L'Aquila,AQ,066,L AQUILA,Abruzzo,13,ABRUZZO,Sud,0
066012,B256,Bugnara,Bugnara,BUGNARA,L'Aquila,AQ,066,L AQUILA,Abruzzo,13,ABRUZZO,Sud,0
066013,B358,Cagnano Amiterno,Cagnano Amiterno,CAGNANO AMITERNO,L'Aquila,AQ,066,L AQUILA,Abruzzo,13,ABRUZZO,Sud,0
066014,B382,Calascio,Calascio,CALASCIO,L'Aquila,AQ,066,L AQUILA,Abruzzo,13,ABRUZZO,Sud,0
066015,B526,Campo di Giove,Campo di Giove,CAMPO DI GIOVE,L'Aquila,AQ,066,L AQUILA,Abruzzo,13,ABRUZZO,Sud,0
066016,B569,Campotosto,Campotosto,CAMPOTOSTO,L'Aquila,AQ,066,L AQUILA,Abruzzo,13,ABRUZZO,Sud,0
066017,B606,Canistro,Canistro,CANISTRO,L'Aquila,AQ,066,L AQUILA,Abruzzo,13,ABRUZZO,Sud,0
066018,B624,Cansano,Cansano,CANSANO,L'Aquila,AQ,066,L AQUILA,Abruzzo,13,ABRUZZO,Sud,0
066019,B651,Capestrano,Capestrano,CAPESTRANO,L'Aquila,AQ,066,L AQUILA,Abruzzo,13,ABRUZZO,Sud,0
066020,B656,Capistrello,Capistrello,CAPISTRELLO,L'Aquila,AQ,066,L AQUILA,Abruzzo,13,ABRUZZO,Sud,0
066021,B658,Capitignano,Capitignano,CAPITIGNANO,L'Aquila,AQ,066,L AQUILA,Abruzzo,13,ABRUZZO,Sud,0
066022,B672,Caporciano,Caporciano,CAPORCIANO,L'Aquila,AQ,066,L AQUILA,Abruzzo,13,ABRUZZO,Sud,0
066023,B677,Cappadocia,Cappadocia,CAPPADOCIA,L'Aquila,AQ,066,L AQUILA,Abruzzo,13,ABRUZZO,Sud,0
066024,B725,Carapelle Calvisio,Carapelle Calvisio,CARAPELLE CALVISIO,L'Aquila,AQ,066,L AQUILA,Abruzzo,13,ABRUZZO,Sud,0
066025,B842,Carsoli,Carsoli,CARSOLI,L'Aquila,AQ,066,L AQUILA,Abruzzo,13,ABRUZZO,Sud,0
066026,C083,Castel del Monte,Castel del Monte,CASTEL DEL MONTE,L'Aquila,AQ,066,L AQUILA,Abruzzo,13,ABRUZZO,Sud,0
066027,C090,Castel di Ieri,Castel di Ieri,CASTEL DI IERI,L'Aquila,AQ,066,L AQUILA,Abruzzo,13,ABRUZZO,Sud,0
066028,C096,Castel di Sangro,Castel di Sangro,CASTEL DI SANGRO,L'Aquila,AQ,066,L AQUILA,Abruzzo,13,ABRUZZO,Sud,0
066029,C126,Castellafiume,Castellafiume,CASTELLAFIUME,L'Aquila,AQ,066,L AQUILA,Abruzzo,13,ABRUZZO,Sud,0
066030,C278,Castelvecchio Calvisio,Castelvecchio Calvisio,CASTELVECCHIO CALVISIO,L'Aquila,AQ,066,L AQUILA,Abruzzo,13,ABRUZZO,Sud,0
066031,C279,Castelvecchio Subequo,Castelvecchio Subequo,CASTELVECCHIO SUBEQUO,L'Aquila,AQ,066,L AQUILA,Abruzzo,13,ABRUZZO,Sud,0
066032,C426,Celano,Celano,CELANO,L'Aquila,AQ,066,L AQUILA,Abruzzo,13,ABRUZZO,Sud,0
066033,C492,Cerchio,Cerchio,CERCHIO,L'Aquila,AQ,066,L AQUILA,Abruzzo,13,ABRUZZO,Sud,0
066034,C766,Civita d'Antino,Civita d'Antino,CIVITA D ANTINO,L'Aquila,AQ,066,L AQUILA,Abruzzo,13,ABRUZZO,Sud,0
066035,C778,Civitella Alfedena,Civitella Alfedena,CIVITELLA ALFEDENA,L'Aquila,AQ,066,L AQUILA,Abruzzo,13,ABRUZZO,Sud,0
066036,C783,Civitella Roveto,Civitella Roveto,CIVITELLA ROVETO,L'Aquila,AQ,066,L AQUILA,Abruzzo,13,ABRUZZO,Sud,0
066037,C811,Cocullo,Cocullo,COCULLO,L'Aquila,AQ,066,L AQUILA,Abruzzo,13,ABRUZZO,Sud,0
066038,C844,Collarmele,Collarmele,COLLARMELE,L'Aquila,AQ,066,L AQUILA,Abruzzo,13,ABRUZZO,Sud,0
066039,C862,Collelongo,Collelongo,COLLELONGO,L'Aquila,AQ,066,L AQUILA,Abruzzo,13,ABRUZZO,Sud,0
066040,C866,Collepietro,Collepietro,COLLEPIETRO,L'Aquila,AQ,066,L AQUILA,Abruzzo,13,ABRUZZO,Sud,0
066041,C999,Corfinio,Corfinio,CORFINIO,L'Aquila,AQ,066,L AQUILA,Abruzzo,13,ABRUZZO,Sud,0
066042,D465,Fagnano Alto,Fagnano Alto,FAGNANO ALTO,L'Aquila,AQ,066,L AQUILA,Abruzzo,13,ABRUZZO,Sud,0
066043,D681,Fontecchio,Fontecchio,FONTECCHIO,L'Aquila,AQ,066,L AQUILA,Abruzzo,13,ABRUZZO,Sud,0
066044,D736,Fossa,Fossa,FOSSA,L'Aquila,AQ,066,L AQUILA,Abruzzo,13,ABRUZZO,Sud,0
066045,D850,Gagliano Aterno,Gagliano Aterno,GAGLIANO ATERNO,L'Aquila,AQ,066,L AQUILA,Abruzzo,13,ABRUZZO,Sud,0
066046,E040,Gioia dei Marsi,Gioia dei Marsi,GIOIA DEI MARSI,L'Aquila,AQ,066,L AQUILA,Abruzzo,13,ABRUZZO,Sud,0
066047,E096,Goriano Sicoli,Goriano Sicoli,GORIANO SICOLI,L'Aquila,AQ,066,L AQUILA,Abruzzo,13,ABRUZZO,Sud,0
066048,E307,Introdacqua,Introdacqua,INTRODACQUA,L'Aquila,AQ,066,L AQUILA,Abruzzo,13,ABRUZZO,Sud,0
066049,A345,L'Aquila,L'Aquila,L AQUILA,L'Aquila,AQ,066,L AQUILA,Abruzzo,13,ABRUZZO,Sud,1
066050,E505,Lecce nei Marsi,Lecce nei Marsi,LECCE NEI MARSI,L'Aquila,AQ,066,L AQUILA,Abruzzo,13,ABRUZZO,Sud,0
066051,E723,Luco dei Marsi,Luco dei Marsi,LUCO DEI MARSI,L'Aquila,AQ,066,L AQUILA,Abruzzo,13,ABRUZZO,Sud,0
066052,E724,Lucoli,Lucoli,LUCOLI,L'Aquila,AQ,066,L AQUILA,Abruzzo,13,ABRUZZO,Sud,0
066053,E811,Magliano de' Marsi,Magliano de' Marsi,MAGLIANO DE MARSI,L'Aquila,AQ,066,L AQUILA,Abruzzo,13,ABRUZZO,Sud,0
066054,F022,Massa d'Albe,Massa d'Albe,MASSA D ALBE,L'Aquila,AQ,066,L AQUILA,Abruzzo,13,ABRUZZO,Sud,0
066055,M255,Molina Aterno,Molina Aterno,MOLINA ATERNO,L'Aquila,AQ,066,L AQUILA,Abruzzo,13,ABRUZZO,Sud,0
066056,F595,Montereale,Montereale,MONTEREALE,L'Aquila,AQ,066,L AQUILA,Abruzzo,13,ABRUZZO,Sud,0
066057,F732,Morino,Morino,MORINO,L'Aquila,AQ,066,L AQUILA,Abruzzo,13,ABRUZZO,Sud,0
066058,F852,Navelli,Navelli,NAVELLI,L'Aquila,AQ,066,L AQUILA,Abruzzo,13,ABRUZZO,Sud,0
066059,F996,Ocre,Ocre,OCRE,L'Aquila,AQ,066,L AQUILA,Abruzzo,13,ABRUZZO,Sud,0
066060,G002,Ofena,Ofena,OFENA,L'Aquila,AQ,066,L AQUILA,Abruzzo,13,ABRUZZO,Sud,0
066061,G079,Opi,Opi,OPI,L'Aquila,AQ,066,L AQUILA,Abruzzo,13,ABRUZZO,Sud,0
066062,G102,Oricola,Oricola,ORICOLA,L'Aquila,AQ,066,L AQUILA,Abruzzo,13,ABRUZZO,Sud,0
066063,G142,Ortona dei Marsi,Ortona dei Marsi,ORTONA DEI MARSI,L'Aquila,AQ,066,L AQUILA,Abruzzo,13,ABRUZZO,Sud,0
066064,G145,Ortucchio,Ortucchio,ORTUCCHIO,L'Aquila,AQ,066,L AQUILA,Abruzzo,13,ABRUZZO,Sud,0
066065,G200,Ovindoli,Ovindoli,OVINDOLI,L'Aquila,AQ,066,L AQUILA,Abruzzo,13,ABRUZZO,Sud,0
066066,G210,Pacentro,Pacentro,PACENTRO,L'Aquila,AQ,066,L AQUILA,Abruzzo,13,ABRUZZO,Sud,0
066067,G449,Pereto,Pereto,PERETO,L'Aquila,AQ,066,L AQUILA,Abruzzo,13,ABRUZZO,Sud,0
066068,G484,Pescasseroli,Pescasseroli,PESCASSEROLI,L'Aquila,AQ,066,L AQUILA,Abruzzo,13,ABRUZZO,Sud,0
066069,G492,Pescina,Pescina,PESCINA,L'Aquila,AQ,066,L AQUILA,Abruzzo,13,ABRUZZO,Sud,0
066070,G493,Pescocostanzo,Pescocostanzo,PESCOCOSTANZO,L'Aquila,AQ,066,L AQUILA,Abruzzo,13,ABRUZZO,Sud,0
066071,G524,Pettorano sul Gizio,Pettorano sul Gizio,PETTORANO SUL GIZIO,L'Aquila,AQ,066,L AQUILA,Abruzzo,13,ABRUZZO,Sud,0
066072,G726,Pizzoli,Pizzoli,PIZZOLI,L'Aquila,AQ,066,L AQUILA,Abruzzo,13,ABRUZZO,Sud,0
066073,G766,Poggio Picenze,Poggio Picenze,POGGIO PICENZE,L'Aquila,AQ,066,L AQUILA,Abruzzo,13,ABRUZZO,Sud,0
066074,G992,Prata d'Ansidonia,Prata d'Ansidonia,PRATA D ANSIDONIA,L'Aquila,AQ,066,L AQUILA,Abruzzo,13,ABRUZZO,Sud,0
066075,H007,Pratola Peligna,Pratola Peligna,PRATOLA PELIGNA,L'Aquila,AQ,066,L AQUILA,Abruzzo,13,ABRUZZO,Sud,0
066076,H056,Prezza,Prezza,PREZZA,L'Aquila,AQ,066,L AQUILA,Abruzzo,13,ABRUZZO,Sud,0
066077,H166,Raiano,Raiano,RAIANO,L'Aquila,AQ,066,L AQUILA,Abruzzo,13,ABRUZZO,Sud,0
066078,H353,Rivisondoli,Rivisondoli,RIVISONDOLI,L'Aquila,AQ,066,L AQUILA,Abruzzo,13,ABRUZZO,Sud,0
066083,H429,Rocca Pia,Rocca Pia,ROCCA PIA,L'Aquila,AQ,066,L AQUILA,Abruzzo,13,ABRUZZO,Sud,0
066080,H399,Rocca di Botte,Rocca di Botte,ROCCA DI BOTTE,L'Aquila,AQ,066,L AQUILA,Abruzzo,13,ABRUZZO,Sud,0
066081,H400,Rocca di Cambio,Rocca di Cambio,ROCCA DI CAMBIO,L'Aquila,AQ,066,L AQUILA,Abruzzo,13,ABRUZZO,Sud,0
066082,H402,Rocca di Mezzo,Rocca di Mezzo,ROCCA DI MEZZO,L'Aquila,AQ,066,L AQUILA,Abruzzo,13,ABRUZZO,Sud,0
066079,H389,Roccacasale,Roccacasale,ROCCACASALE,L'Aquila,AQ,066,L AQUILA,Abruzzo,13,ABRUZZO,Sud,0
066084,H434,Roccaraso,Roccaraso,ROCCARASO,L'Aquila,AQ,066,L AQUILA,Abruzzo,13,ABRUZZO,Sud,0
066085,H772,San Benedetto dei Marsi,San Benedetto dei Marsi,SAN BENEDETTO DEI MARSI,L'Aquila,AQ,066,L AQUILA,Abruzzo,13,ABRUZZO,Sud,0
066086,H773,San Benedetto in Perillis,San Benedetto in Perillis,SAN BENEDETTO IN PERILLIS,L'Aquila,AQ,066,L AQUILA,Abruzzo,13,ABRUZZO,Sud,0
066087,H819,San Demetrio ne' Vestini,San Demetrio ne' Vestini,SAN DEMETRIO NE VESTINI,L'Aquila,AQ,066,L AQUILA,Abruzzo,13,ABRUZZO,Sud,0
066088,I121,San Pio delle Camere,San Pio delle Camere,SAN PIO DELLE CAMERE,L'Aquila,AQ,066,L AQUILA,Abruzzo,13,ABRUZZO,Sud,0
066092,I389,San Vincenzo Valle Roveto,San Vincenzo Valle Roveto,SAN VINCENZO VALLE ROVETO,L'Aquila,AQ,066,L AQUILA,Abruzzo,13,ABRUZZO,Sud,0
066090,I336,Sant'Eusanio Forconese,Sant'Eusanio Forconese,SANT EUSANIO FORCONESE,L'Aquila,AQ,066,L AQUILA,Abruzzo,13,ABRUZZO,Sud,0
066089,I326,Sante Marie,Sante Marie,SANTE MARIE,L'Aquila,AQ,066,L AQUILA,Abruzzo,13,ABRUZZO,Sud,0
066091,I360,Santo Stefano di Sessanio,Santo Stefano di Sessanio,SANTO STEFANO DI SESSANIO,L'Aquila,AQ,066,L AQUILA,Abruzzo,13,ABRUZZO,Sud,0
066093,I501,Scanno,Scanno,SCANNO,L'Aquila,AQ,066,L AQUILA,Abruzzo,13,ABRUZZO,Sud,0
066094,I543,Scontrone,Scontrone,SCONTRONE,L'Aquila,AQ,066,L AQUILA,Abruzzo,13,ABRUZZO,Sud,0
066095,I546,Scoppito,Scoppito,SCOPPITO,L'Aquila,AQ,066,L AQUILA,Abruzzo,13,ABRUZZO,Sud,0
066096,I553,Scurcola Marsicana,Scurcola Marsicana,SCURCOLA MARSICANA,L'Aquila,AQ,066,L AQUILA,Abruzzo,13,ABRUZZO,Sud,0
066097,I558,Secinaro,Secinaro,SECINARO,L'Aquila,AQ,066,L AQUILA,Abruzzo,13,ABRUZZO,Sud,0
066098,I804,Sulmona,Sulmona,SULMONA,L'Aquila,AQ,066,L AQUILA,Abruzzo,13,ABRUZZO,Sud,0
066099,L025,Tagliacozzo,Tagliacozzo,TAGLIACOZZO,L'Aquila,AQ,066,L AQUILA,Abruzzo,13,ABRUZZO,Sud,0
066100,L173,Tione degli Abruzzi,Tione degli Abruzzi,TIONE DEGLI ABRUZZI,L'Aquila,AQ,066,L AQUILA,Abruzzo,13,ABRUZZO,Sud,0
066101,L227,Tornimparte,Tornimparte,TORNIMPARTE,L'Aquila,AQ,066,L AQUILA,Abruzzo,13,ABRUZZO,Sud,0
066102,L334,Trasacco,Trasacco,TRASACCO,L'Aquila,AQ,066,L AQUILA,Abruzzo,13,ABRUZZO,Sud,0
066105,M023,Villa Sant'Angelo,Villa Sant'Angelo,VILLA SANT ANGELO,L'Aquila,AQ,066,L AQUILA,Abruzzo,13,ABRUZZO,Sud,0
066104,M021,Villa Santa Lucia degli Abruzzi,Villa Santa Lucia degli Abruzzi,VILLA SANTA LUCIA DEGLI ABRUZZI,L'Aquila,AQ,066,L AQUILA,Abruzzo,13,ABRUZZO,Sud,0
066103,L958,Villalago,Villalago,VILLALAGO,L'Aquila,AQ,066,L AQUILA,Abruzzo,13,ABRUZZO,Sud,0
066106,M031,Villavallelonga,Villavallelonga,VILLAVALLELONGA,L'Aquila,AQ,066,L AQUILA,Abruzzo,13,ABRUZZO,Sud,0
066107,M041,Villetta Barrea,Villetta Barrea,VILLETTA BARREA,L'Aquila,AQ,066,L AQUILA,Abruzzo,13,ABRUZZO,Sud,0
066108,M090,Vittorito,Vittorito,VITTORITO,L'Aquila,AQ,066,L AQUILA,Abruzzo,13,ABRUZZO,Sud,0
068001,A008,Abbateggio,Abbateggio,ABBATEGGIO,Pescara,PE,068,PESCARA,Abruzzo,13,ABRUZZO,Sud,0
068002,A120,Alanno,Alanno,ALANNO,Pescara,PE,068,PESCARA,Abruzzo,13,ABRUZZO,Sud,0
068003,A945,Bolognano,Bolognano,BOLOGNANO,Pescara,PE,068,PESCARA,Abruzzo,13,ABRUZZO,Sud,0
068004,B193,Brittoli,Brittoli,BRITTOLI,Pescara,PE,068,PESCARA,Abruzzo,13,ABRUZZO,Sud,0
068005,B294,Bussi sul Tirino,Bussi sul Tirino,BUSSI SUL TIRINO,Pescara,PE,068,PESCARA,Abruzzo,13,ABRUZZO,Sud,0
068006,B681,Cappelle sul Tavo,Cappelle sul Tavo,CAPPELLE SUL TAVO,Pescara,PE,068,PESCARA,Abruzzo,13,ABRUZZO,Sud,0
068007,B722,Caramanico Terme,Caramanico Terme,CARAMANICO TERME,Pescara,PE,068,PESCARA,Abruzzo,13,ABRUZZO,Sud,0
068008,B827,Carpineto della Nora,Carpineto della Nora,CARPINETO DELLA NORA,Pescara,PE,068,PESCARA,Abruzzo,13,ABRUZZO,Sud,0
068009,C308,Castiglione a Casauria,Castiglione a Casauria,CASTIGLIONE A CASAURIA,Pescara,PE,068,PESCARA,Abruzzo,13,ABRUZZO,Sud,0
068010,C354,Catignano,Catignano,CATIGNANO,Pescara,PE,068,PESCARA,Abruzzo,13,ABRUZZO,Sud,0
068011,C474,Cepagatti,Cepagatti,CEPAGATTI,Pescara,PE,068,PESCARA,Abruzzo,13,ABRUZZO,Sud,0
068012,C750,Città Sant'Angelo,Città Sant'Angelo,CITTA SANT ANGELO,Pescara,PE,068,PESCARA,Abruzzo,13,ABRUZZO,Sud,0
068013,C771,Civitaquana,Civitaquana,CIVITAQUANA,Pescara,PE,068,PESCARA,Abruzzo,13,ABRUZZO,Sud,0
068014,C779,Civitella Casanova,Civitella Casanova,CIVITELLA CASANOVA,Pescara,PE,068,PESCARA,Abruzzo,13,ABRUZZO,Sud,0
068015,C853,Collecorvino,Collecorvino,COLLECORVINO,Pescara,PE,068,PESCARA,Abruzzo,13,ABRUZZO,Sud,0
068016,D078,Corvara,Corvara,CORVARA,Pescara,PE,068,PESCARA,Abruzzo,13,ABRUZZO,Sud,0
068017,D201,Cugnoli,Cugnoli,CUGNOLI,Pescara,PE,068,PESCARA,Abruzzo,13,ABRUZZO,Sud,0
068018,D394,Elice,Elice,ELICE,Pescara,PE,068,PESCARA,Abruzzo,13,ABRUZZO,Sud,0
068019,D501,Farindola,Farindola,FARINDOLA,Pescara,PE,068,PESCARA,Abruzzo,13,ABRUZZO,Sud,0
068020,E558,Lettomanoppello,Lettomanoppello,LETTOMANOPPELLO,Pescara,PE,068,PESCARA,Abruzzo,13,ABRUZZO,Sud,0
068021,E691,Loreto Aprutino,Loreto Aprutino,LORETO APRUTINO,Pescara,PE,068,PESCARA,Abruzzo,13,ABRUZZO,Sud,0
068022,E892,Manoppello,Manoppello,MANOPPELLO,Pescara,PE,068,PESCARA,Abruzzo,13,ABRUZZO,Sud,0
068023,F441,Montebello di Bertona,Montebello di Bertona,MONTEBELLO DI BERTONA,Pescara,PE,068,PESCARA,Abruzzo,13,ABRUZZO,Sud,0
068024,F646,Montesilvano,Montesilvano,MONTESILVANO,Pescara,PE,068,PESCARA,Abruzzo,13,ABRUZZO,Sud,0
068025,F765,Moscufo,Moscufo,MOSCUFO,Pescara,PE,068,PESCARA,Abruzzo,13,ABRUZZO,Sud,0
068026,F908,Nocciano,Nocciano,NOCCIANO,Pescara,PE,068,PESCARA,Abruzzo,13,ABRUZZO,Sud,0
068027,G438,Penne,Penne,PENNE,Pescara,PE,068,PESCARA,Abruzzo,13,ABRUZZO,Sud,0
068028,G482,Pescara,Pescara,PESCARA,Pescara,PE,068,PESCARA,Abruzzo,13,ABRUZZO,Sud,1
068029,G499,Pescosansonesco,Pescosansonesco,PESCOSANSONESCO,Pescara,PE,068,PESCARA,Abruzzo,13,ABRUZZO,Sud,0
068030,G555,Pianella,Pianella,PIANELLA,Pescara,PE,068,PESCARA,Abruzzo,13,ABRUZZO,Sud,0
068031,G589,Picciano,Picciano,PICCIANO,Pescara,PE,068,PESCARA,Abruzzo,13,ABRUZZO,Sud,0
068032,G621,Pietranico,Pietranico,PIETRANICO,Pescara,PE,068,PESCARA,Abruzzo,13,ABRUZZO,Sud,0
068033,G878,Popoli Terme,Popoli Terme,POPOLI TERME,Pescara,PE,068,PESCARA,Abruzzo,13,ABRUZZO,Sud,0
068034,H425,Roccamorice,Roccamorice,ROCCAMORICE,Pescara,PE,068,PESCARA,Abruzzo,13,ABRUZZO,Sud,0
068035,H562,Rosciano,Rosciano,ROSCIANO,Pescara,PE,068,PESCARA,Abruzzo,13,ABRUZZO,Sud,0
068036,H715,Salle,Salle,SALLE,Pescara,PE,068,PESCARA,Abruzzo,13,ABRUZZO,Sud,0
068038,I376,San Valentino in Abruzzo Citeriore,San Valentino in Abruzzo Citeriore,SAN VALENTINO IN ABRUZZO CITERIORE,Pescara,PE,068,PESCARA,Abruzzo,13,ABRUZZO,Sud,0
068037,I332,Sant'Eufemia a Maiella,Sant'Eufemia a Maiella,SANT EUFEMIA A MAIELLA,Pescara,PE,068,PESCARA,Abruzzo,13,ABRUZZO,Sud,0
068039,I482,Scafa,Scafa,SCAFA,Pescara,PE,068,PESCARA,Abruzzo,13,ABRUZZO,Sud,0
068040,I649,Serramonacesca,Serramonacesca,SERRAMONACESCA,Pescara,PE,068,PESCARA,Abruzzo,13,ABRUZZO,Sud,0
068041,I922,Spoltore,Spoltore,SPOLTORE,Pescara,PE,068,PESCARA,Abruzzo,13,ABRUZZO,Sud,0
068042,L186,Tocco da Casauria,Tocco da Casauria,TOCCO DA CASAURIA,Pescara,PE,068,PESCARA,Abruzzo,13,ABRUZZO,Sud,0
068043,L263,Torre de' Passeri,Torre de' Passeri,TORRE DE PASSERI,Pescara,PE,068,PESCARA,Abruzzo,13,ABRUZZO,Sud,0
068044,L475,Turrivalignani,Turrivalignani,TURRIVALIGNANI,Pescara,PE,068,PESCARA,Abruzzo,13,ABRUZZO,Sud,0
068045,L846,Vicoli,Vicoli,VICOLI,Pescara,PE,068,PESCARA,Abruzzo,13,ABRUZZO,Sud,0
068046,L922,Villa Celiera,Villa Celiera,VILLA CELIERA,Pescara,PE,068,PESCARA,Abruzzo,13,ABRUZZO,Sud,0
067001,A125,Alba Adriatica,Alba Adriatica,ALBA ADRIATICA,Teramo,TE,067,TERAMO,Abruzzo,13,ABRUZZO,Sud,0
067002,A270,Ancarano,Ancarano,ANCARANO,Teramo,TE,067,TERAMO,Abruzzo,13,ABRUZZO,Sud,0
067003,A445,Arsita,Arsita,ARSITA,Teramo,TE,067,TERAMO,Abruzzo,13,ABRUZZO,Sud,0
067004,A488,Atri,Atri,ATRI,Teramo,TE,067,TERAMO,Abruzzo,13,ABRUZZO,Sud,0
067005,A692,Basciano,Basciano,BASCIANO,Teramo,TE,067,TERAMO,Abruzzo,13,ABRUZZO,Sud,0
067006,A746,Bellante,Bellante,BELLANTE,Teramo,TE,067,TERAMO,Abruzzo,13,ABRUZZO,Sud,0
067007,A885,Bisenti,Bisenti,BISENTI,Teramo,TE,067,TERAMO,Abruzzo,13,ABRUZZO,Sud,0
067008,B515,Campli,Campli,CAMPLI,Teramo,TE,067,TERAMO,Abruzzo,13,ABRUZZO,Sud,0
067009,B640,Canzano,Canzano,CANZANO,Teramo,TE,067,TERAMO,Abruzzo,13,ABRUZZO,Sud,0
067010,C040,Castel Castagna,Castel Castagna,CASTEL CASTAGNA,Teramo,TE,067,TERAMO,Abruzzo,13,ABRUZZO,Sud,0
067011,C128,Castellalto,Castellalto,CASTELLALTO,Teramo,TE,067,TERAMO,Abruzzo,13,ABRUZZO,Sud,0
067012,C169,Castelli,Castelli,CASTELLI,Teramo,TE,067,TERAMO,Abruzzo,13,ABRUZZO,Sud,0
067013,C316,Castiglione Messer Raimondo,Castiglione Messer Raimondo,CASTIGLIONE MESSER RAIMONDO,Teramo,TE,067,TERAMO,Abruzzo,13,ABRUZZO,Sud,0
067014,C322,Castilenti,Castilenti,CASTILENTI,Teramo,TE,067,TERAMO,Abruzzo,13,ABRUZZO,Sud,0
067015,C449,Cellino Attanasio,Cellino Attanasio,CELLINO ATTANASIO,Teramo,TE,067,TERAMO,Abruzzo,13,ABRUZZO,Sud,0
067016,C517,Cermignano,Cermignano,CERMIGNANO,Teramo,TE,067,TERAMO,Abruzzo,13,ABRUZZO,Sud,0
067017,C781,Civitella del Tronto,Civitella del Tronto,CIVITELLA DEL TRONTO,Teramo,TE,067,TERAMO,Abruzzo,13,ABRUZZO,Sud,0
067018,C311,Colledara,Colledara,COLLEDARA,Teramo,TE,067,TERAMO,Abruzzo,13,ABRUZZO,Sud,0
067019,C901,Colonnella,Colonnella,COLONNELLA,Teramo,TE,067,TERAMO,Abruzzo,13,ABRUZZO,Sud,0
067020,C972,Controguerra,Controguerra,CONTROGUERRA,Teramo,TE,067,TERAMO,Abruzzo,13,ABRUZZO,Sud,0
067021,D043,Corropoli,Corropoli,CORROPOLI,Teramo,TE,067,TERAMO,Abruzzo,13,ABRUZZO,Sud,0
067022,D076,Cortino,Cortino,CORTINO,Teramo,TE,067,TERAMO,Abruzzo,13,ABRUZZO,Sud,0
067023,D179,Crognaleto,Crognaleto,CROGNALETO,Teramo,TE,067,TERAMO,Abruzzo,13,ABRUZZO,Sud,0
067024,D489,Fano Adriano,Fano Adriano,FANO ADRIANO,Teramo,TE,067,TERAMO,Abruzzo,13,ABRUZZO,Sud,0
067025,E058,Giulianova,Giulianova,GIULIANOVA,Teramo,TE,067,TERAMO,Abruzzo,13,ABRUZZO,Sud,0
067026,E343,Isola del Gran Sasso d'Italia,Isola del Gran Sasso d'Italia,ISOLA DEL GRAN SASSO D ITALIA,Teramo,TE,067,TERAMO,Abruzzo,13,ABRUZZO,Sud,0
067047,E989,Martinsicuro,Martinsicuro,MARTINSICURO,Teramo,TE,067,TERAMO,Abruzzo,13,ABRUZZO,Sud,0
067027,F500,Montefino,Montefino,MONTEFINO,Teramo,TE,067,TERAMO,Abruzzo,13,ABRUZZO,Sud,0
067028,F690,Montorio al Vomano,Montorio al Vomano,MONTORIO AL VOMANO,Teramo,TE,067,TERAMO,Abruzzo,13,ABRUZZO,Sud,0
067029,F747,Morro d'Oro,Morro d'Oro,MORRO D ORO,Teramo,TE,067,TERAMO,Abruzzo,13,ABRUZZO,Sud,0
067030,F764,Mosciano Sant'Angelo,Mosciano Sant'Angelo,MOSCIANO SANT ANGELO,Teramo,TE,067,TERAMO,Abruzzo,13,ABRUZZO,Sud,0
067031,F870,Nereto,Nereto,NERETO,Teramo,TE,067,TERAMO,Abruzzo,13,ABRUZZO,Sud,0
067032,F942,Notaresco,Notaresco,NOTARESCO,Teramo,TE,067,TERAMO,Abruzzo,13,ABRUZZO,Sud,0
067033,G437,Penna Sant'Andrea,Penna Sant'Andrea,PENNA SANT ANDREA,Teramo,TE,067,TERAMO,Abruzzo,13,ABRUZZO,Sud,0
067034,G608,Pietracamela,Pietracamela,PIETRACAMELA,Teramo,TE,067,TERAMO,Abruzzo,13,ABRUZZO,Sud,0
067035,F831,Pineto,Pineto,PINETO,Teramo,TE,067,TERAMO,Abruzzo,13,ABRUZZO,Sud,0
067036,H440,Rocca Santa Maria,Rocca Santa Maria,ROCCA SANTA MARIA,Teramo,TE,067,TERAMO,Abruzzo,13,ABRUZZO,Sud,0
067037,F585,Roseto degli Abruzzi,Roseto degli Abruzzi,ROSETO DEGLI ABRUZZI,Teramo,TE,067,TERAMO,Abruzzo,13,ABRUZZO,Sud,0
067038,I318,Sant'Egidio alla Vibrata,Sant'Egidio alla Vibrata,SANT EGIDIO ALLA VIBRATA,Teramo,TE,067,TERAMO,Abruzzo,13,ABRUZZO,Sud,0
067039,I348,Sant'Omero,Sant'Omero,SANT OMERO,Teramo,TE,067,TERAMO,Abruzzo,13,ABRUZZO,Sud,0
067040,I741,Silvi,Silvi,SILVI,Teramo,TE,067,TERAMO,Abruzzo,13,ABRUZZO,Sud,0
067041,L103,Teramo,Teramo,TERAMO,Teramo,TE,067,TERAMO,Abruzzo,13,ABRUZZO,Sud,1
067042,L207,Torano Nuovo,Torano Nuovo,TORANO NUOVO,Teramo,TE,067,TERAMO,Abruzzo,13,ABRUZZO,Sud,0
067043,L295,Torricella Sicura,Torricella Sicura,TORRICELLA SICURA,Teramo,TE,067,TERAMO,Abruzzo,13,ABRUZZO,Sud,0
067044,L307,Tortoreto,Tortoreto,TORTORETO,Teramo,TE,067,TERAMO,Abruzzo,13,ABRUZZO,Sud,0
067045,L314,Tossicia,Tossicia,TOSSICIA,Teramo,TE,067,TERAMO,Abruzzo,13,ABRUZZO,Sud,0
067046,L597,Valle Castellana,Valle Castellana,VALLE CASTELLANA,Teramo,TE,067,TERAMO,Abruzzo,13,ABRUZZO,Sud,0
077001,A017,Accettura,Accettura,ACCETTURA,Matera,MT,077,MATERA,Basilicata,17,BASILICATA,Sud,0
077002,A196,Aliano,Aliano,ALIANO,Matera,MT,077,MATERA,Basilicata,17,BASILICATA,Sud,0
077003,A801,Bernalda,Bernalda,BERNALDA,Matera,MT,077,MATERA,Basilicata,17,BASILICATA,Sud,0
077004,B391,Calciano,Calciano,CALCIANO,Matera,MT,077,MATERA,Basilicata,17,BASILICATA,Sud,0
077005,C723,Cirigliano,Cirigliano,CIRIGLIANO,Matera,MT,077,MATERA,Basilicata,17,BASILICATA,Sud,0
077006,C888,Colobraro,Colobraro,COLOBRARO,Matera,MT,077,MATERA,Basilicata,17,BASILICATA,Sud,0
077007,D128,Craco,Craco,CRACO,Matera,MT,077,MATERA,Basilicata,17,BASILICATA,Sud,0
077008,D547,Ferrandina,Ferrandina,FERRANDINA,Matera,MT,077,MATERA,Basilicata,17,BASILICATA,Sud,0
077009,D909,Garaguso,Garaguso,GARAGUSO,Matera,MT,077,MATERA,Basilicata,17,BASILICATA,Sud,0
077010,E093,Gorgoglione,Gorgoglione,GORGOGLIONE,Matera,MT,077,MATERA,Basilicata,17,BASILICATA,Sud,0
077011,E147,Grassano,Grassano,GRASSANO,Matera,MT,077,MATERA,Basilicata,17,BASILICATA,Sud,0
077012,E213,Grottole,Grottole,GROTTOLE,Matera,MT,077,MATERA,Basilicata,17,BASILICATA,Sud,0
077013,E326,Irsina,Irsina,IRSINA,Matera,MT,077,MATERA,Basilicata,17,BASILICATA,Sud,0
077014,F052,Matera,Matera,MATERA,Matera,MT,077,MATERA,Basilicata,17,BASILICATA,Sud,1
077015,F201,Miglionico,Miglionico,MIGLIONICO,Matera,MT,077,MATERA,Basilicata,17,BASILICATA,Sud,0
077016,F399,Montalbano Jonico,Montalbano Jonico,MONTALBANO JONICO,Matera,MT,077,MATERA,Basilicata,17,BASILICATA,Sud,0
077017,F637,Montescaglioso,Montescaglioso,MONTESCAGLIOSO,Matera,MT,077,MATERA,Basilicata,17,BASILICATA,Sud,0
077018,A942,Nova Siri,Nova Siri,NOVA SIRI,Matera,MT,077,MATERA,Basilicata,17,BASILICATA,Sud,0
077019,G037,Oliveto Lucano,Oliveto Lucano,OLIVETO LUCANO,Matera,MT,077,MATERA,Basilicata,17,BASILICATA,Sud,0
077020,G712,Pisticci,Pisticci,PISTICCI,Matera,MT,077,MATERA,Basilicata,17,BASILICATA,Sud,0
077021,G786,Policoro,Policoro,POLICORO,Matera,MT,077,MATERA,Basilicata,17,BASILICATA,Sud,0
077022,G806,Pomarico,Pomarico,POMARICO,Matera,MT,077,MATERA,Basilicata,17,BASILICATA,Sud,0
077023,H591,Rotondella,Rotondella,ROTONDELLA,Matera,MT,077,MATERA,Basilicata,17,BASILICATA,Sud,0
077024,H687,Salandra,Salandra,SALANDRA,Matera,MT,077,MATERA,Basilicata,17,BASILICATA,Sud,0
077025,H888,San Giorgio Lucano,San Giorgio Lucano,SAN GIORGIO LUCANO,Matera,MT,077,MATERA,Basilicata,17,BASILICATA,Sud,0
077026,I029,San Mauro Forte,San Mauro Forte,SAN MAURO FORTE,Matera,MT,077,MATERA,Basilicata,17,BASILICATA,Sud,0
077031,M256,Scanzano Jonico,Scanzano Jonico,SCANZANO JONICO,Matera,MT,077,MATERA,Basilicata,17,BASILICATA,Sud,0
077027,I954,Stigliano,Stigliano,STIGLIANO,Matera,MT,077,MATERA,Basilicata,17,BASILICATA,Sud,0
077028,L418,Tricarico,Tricarico,TRICARICO,Matera,MT,077,MATERA,Basilicata,17,BASILICATA,Sud,0
077029,L477,Tursi,Tursi,TURSI,Matera,MT,077,MATERA,Basilicata,17,BASILICATA,Sud,0
077030,D513,Valsinni,Valsinni,VALSINNI,Matera,MT,077,MATERA,Basilicata,17,BASILICATA,Sud,0
076001,A013,Abriola,Abriola,ABRIOLA,Potenza,PZ,076,POTENZA,Basilicata,17,BASILICATA,Sud,0
076002,A020,Acerenza,Acerenza,ACERENZA,Potenza,PZ,076,POTENZA,Basilicata,17,BASILICATA,Sud,0
076003,A131,Albano di Lucania,Albano di Lucania,ALBANO DI LUCANIA,Potenza,PZ,076,POTENZA,Basilicata,17,BASILICATA,Sud,0
076004,A321,Anzi,Anzi,ANZI,Potenza,PZ,076,POTENZA,Basilicata,17,BASILICATA,Sud,0
076005,A415,Armento,Armento,ARMENTO,Potenza,PZ,076,POTENZA,Basilicata,17,BASILICATA,Sud,0
076006,A482,Atella,Atella,ATELLA,Potenza,PZ,076,POTENZA,Basilicata,17,BASILICATA,Sud,0
076007,A519,Avigliano,Avigliano,AVIGLIANO,Potenza,PZ,076,POTENZA,Basilicata,17,BASILICATA,Sud,0
076008,A604,Balvano,Balvano,BALVANO,Potenza,PZ,076,POTENZA,Basilicata,17,BASILICATA,Sud,0
076009,A612,Banzi,Banzi,BANZI,Potenza,PZ,076,POTENZA,Basilicata,17,BASILICATA,Sud,0
076010,A615,Baragiano,Baragiano,BARAGIANO,Potenza,PZ,076,POTENZA,Basilicata,17,BASILICATA,Sud,0
076011,A666,Barile,Barile,BARILE,Potenza,PZ,076,POTENZA,Basilicata,17,BASILICATA,Sud,0
076012,A743,Bella,Bella,BELLA,Potenza,PZ,076,POTENZA,Basilicata,17,BASILICATA,Sud,0
076013,B173,Brienza,Brienza,BRIENZA,Potenza,PZ,076,POTENZA,Basilicata,17,BASILICATA,Sud,0
076014,B181,Brindisi Montagna,Brindisi Montagna,BRINDISI MONTAGNA,Potenza,PZ,076,POTENZA,Basilicata,17,BASILICATA,Sud,0
076015,B440,Calvello,Calvello,CALVELLO,Potenza,PZ,076,POTENZA,Basilicata,17,BASILICATA,Sud,0
076016,B443,Calvera,Calvera,CALVERA,Potenza,PZ,076,POTENZA,Basilicata,17,BASILICATA,Sud,0
076017,B549,Campomaggiore,Campomaggiore,CAMPOMAGGIORE,Potenza,PZ,076,POTENZA,Basilicata,17,BASILICATA,Sud,0
076018,B580,Cancellara,Cancellara,CANCELLARA,Potenza,PZ,076,POTENZA,Basilicata,17,BASILICATA,Sud,0
076019,B743,Carbone,Carbone,CARBONE,Potenza,PZ,076,POTENZA,Basilicata,17,BASILICATA,Sud,0
076021,C120,Castelgrande,Castelgrande,CASTELGRANDE,Potenza,PZ,076,POTENZA,Basilicata,17,BASILICATA,Sud,0
076022,C199,Castelluccio Inferiore,Castelluccio Inferiore,CASTELLUCCIO INFERIORE,Potenza,PZ,076,POTENZA,Basilicata,17,BASILICATA,Sud,0
076023,C201,Castelluccio Superiore,Castelluccio Superiore,CASTELLUCCIO SUPERIORE,Potenza,PZ,076,POTENZA,Basilicata,17,BASILICATA,Sud,0
076024,C209,Castelmezzano,Castelmezzano,CASTELMEZZANO,Potenza,PZ,076,POTENZA,Basilicata,17,BASILICATA,Sud,0
076025,C271,Castelsaraceno,Castelsaraceno,CASTELSARACENO,Potenza,PZ,076,POTENZA,Basilicata,17,BASILICATA,Sud,0
076026,C345,Castronuovo di Sant'Andrea,Castronuovo di Sant'Andrea,CASTRONUOVO DI SANT ANDREA,Potenza,PZ,076,POTENZA,Basilicata,17,BASILICATA,Sud,0
076027,C539,Cersosimo,Cersosimo,CERSOSIMO,Potenza,PZ,076,POTENZA,Basilicata,17,BASILICATA,Sud,0
076028,C619,Chiaromonte,Chiaromonte,CHIAROMONTE,Potenza,PZ,076,POTENZA,Basilicata,17,BASILICATA,Sud,0
076029,D010,Corleto Perticara,Corleto Perticara,CORLETO PERTICARA,Potenza,PZ,076,POTENZA,Basilicata,17,BASILICATA,Sud,0
076030,D414,Episcopia,Episcopia,EPISCOPIA,Potenza,PZ,076,POTENZA,Basilicata,17,BASILICATA,Sud,0
076031,D497,Fardella,Fardella,FARDELLA,Potenza,PZ,076,POTENZA,Basilicata,17,BASILICATA,Sud,0
076032,D593,Filiano,Filiano,FILIANO,Potenza,PZ,076,POTENZA,Basilicata,17,BASILICATA,Sud,0
076033,D696,Forenza,Forenza,FORENZA,Potenza,PZ,076,POTENZA,Basilicata,17,BASILICATA,Sud,0
076034,D766,Francavilla in Sinni,Francavilla in Sinni,FRANCAVILLA IN SINNI,Potenza,PZ,076,POTENZA,Basilicata,17,BASILICATA,Sud,0
076035,D876,Gallicchio,Gallicchio,GALLICCHIO,Potenza,PZ,076,POTENZA,Basilicata,17,BASILICATA,Sud,0
076036,D971,Genzano di Lucania,Genzano di Lucania,GENZANO DI LUCANIA,Potenza,PZ,076,POTENZA,Basilicata,17,BASILICATA,Sud,0
076099,E033,Ginestra,Ginestra,GINESTRA,Potenza,PZ,076,POTENZA,Basilicata,17,BASILICATA,Sud,0
076037,E221,Grumento Nova,Grumento Nova,GRUMENTO NOVA,Potenza,PZ,076,POTENZA,Basilicata,17,BASILICATA,Sud,0
076038,E246,Guardia Perticara,Guardia Perticara,GUARDIA PERTICARA,Potenza,PZ,076,POTENZA,Basilicata,17,BASILICATA,Sud,0
076039,E409,Lagonegro,Lagonegro,LAGONEGRO,Potenza,PZ,076,POTENZA,Basilicata,17,BASILICATA,Sud,0
076040,E474,Latronico,Latronico,LATRONICO,Potenza,PZ,076,POTENZA,Basilicata,17,BASILICATA,Sud,0
076041,E482,Laurenzana,Laurenzana,LAURENZANA,Potenza,PZ,076,POTENZA,Basilicata,17,BASILICATA,Sud,0
076042,E483,Lauria,Lauria,LAURIA,Potenza,PZ,076,POTENZA,Basilicata,17,BASILICATA,Sud,0
076043,E493,Lavello,Lavello,LAVELLO,Potenza,PZ,076,POTENZA,Basilicata,17,BASILICATA,Sud,0
076044,E919,Maratea,Maratea,MARATEA,Potenza,PZ,076,POTENZA,Basilicata,17,BASILICATA,Sud,0
076045,E976,Marsico Nuovo,Marsico Nuovo,MARSICO NUOVO,Potenza,PZ,076,POTENZA,Basilicata,17,BASILICATA,Sud,0
076046,E977,Marsicovetere,Marsicovetere,MARSICOVETERE,Potenza,PZ,076,POTENZA,Basilicata,17,BASILICATA,Sud,0
076047,F006,Maschito,Maschito,MASCHITO,Potenza,PZ,076,POTENZA,Basilicata,17,BASILICATA,Sud,0
076048,F104,Melfi,Melfi,MELFI,Potenza,PZ,076,POTENZA,Basilicata,17,BASILICATA,Sud,0
076049,F249,Missanello,Missanello,MISSANELLO,Potenza,PZ,076,POTENZA,Basilicata,17,BASILICATA,Sud,0
076050,F295,Moliterno,Moliterno,MOLITERNO,Potenza,PZ,076,POTENZA,Basilicata,17,BASILICATA,Sud,0
076051,F568,Montemilone,Montemilone,MONTEMILONE,Potenza,PZ,076,POTENZA,Basilicata,17,BASILICATA,Sud,0
076052,F573,Montemurro,Montemurro,MONTEMURRO,Potenza,PZ,076,POTENZA,Basilicata,17,BASILICATA,Sud,0
076053,F817,Muro Lucano,Muro Lucano,MURO LUCANO,Potenza,PZ,076,POTENZA,Basilicata,17,BASILICATA,Sud,0
076054,F866,Nemoli,Nemoli,NEMOLI,Potenza,PZ,076,POTENZA,Basilicata,17,BASILICATA,Sud,0
076055,F917,Noepoli,Noepoli,NOEPOLI,Potenza,PZ,076,POTENZA,Basilicata,17,BASILICATA,Sud,0
076056,G081,Oppido Lucano,Oppido Lucano,OPPIDO LUCANO,Potenza,PZ,076,POTENZA,Basilicata,17,BASILICATA,Sud,0
076057,G261,Palazzo San Gervasio,Palazzo San Gervasio,PALAZZO SAN GERVASIO,Potenza,PZ,076,POTENZA,Basilicata,17,BASILICATA,Sud,0
076100,M269,Paterno,Paterno,PATERNO,Potenza,PZ,076,POTENZA,Basilicata,17,BASILICATA,Sud,0
076058,G496,Pescopagano,Pescopagano,PESCOPAGANO,Potenza,PZ,076,POTENZA,Basilicata,17,BASILICATA,Sud,0
076059,G590,Picerno,Picerno,PICERNO,Potenza,PZ,076,POTENZA,Basilicata,17,BASILICATA,Sud,0
076060,G616,Pietragalla,Pietragalla,PIETRAGALLA,Potenza,PZ,076,POTENZA,Basilicata,17,BASILICATA,Sud,0
076061,G623,Pietrapertosa,Pietrapertosa,PIETRAPERTOSA,Potenza,PZ,076,POTENZA,Basilicata,17,BASILICATA,Sud,0
076062,G663,Pignola,Pignola,PIGNOLA,Potenza,PZ,076,POTENZA,Basilicata,17,BASILICATA,Sud,0
076063,G942,Potenza,Potenza,POTENZA,Potenza,PZ,076,POTENZA,Basilicata,17,BASILICATA,Sud,1
076064,H186,Rapolla,Rapolla,RAPOLLA,Potenza,PZ,076,POTENZA,Basilicata,17,BASILICATA,Sud,0
076065,H187,Rapone,Rapone,RAPONE,Potenza,PZ,076,POTENZA,Basilicata,17,BASILICATA,Sud,0
076066,H307,Rionero in Vulture,Rionero in Vulture,RIONERO IN VULTURE,Potenza,PZ,076,POTENZA,Basilicata,17,BASILICATA,Sud,0
076067,H312,Ripacandida,Ripacandida,RIPACANDIDA,Potenza,PZ,076,POTENZA,Basilicata,17,BASILICATA,Sud,0
076068,H348,Rivello,Rivello,RIVELLO,Potenza,PZ,076,POTENZA,Basilicata,17,BASILICATA,Sud,0
076069,H426,Roccanova,Roccanova,ROCCANOVA,Potenza,PZ,076,POTENZA,Basilicata,17,BASILICATA,Sud,0
076070,H590,Rotonda,Rotonda,ROTONDA,Potenza,PZ,076,POTENZA,Basilicata,17,BASILICATA,Sud,0
076071,H641,Ruoti,Ruoti,RUOTI,Potenza,PZ,076,POTENZA,Basilicata,17,BASILICATA,Sud,0
076072,H646,Ruvo del Monte,Ruvo del Monte,RUVO DEL MONTE,Potenza,PZ,076,POTENZA,Basilicata,17,BASILICATA,Sud,0
076073,H795,San Chirico Nuovo,San Chirico Nuovo,SAN CHIRICO NUOVO,Potenza,PZ,076,POTENZA,Basilicata,17,BASILICATA,Sud,0
076074,H796,San Chirico Raparo,San Chirico Raparo,SAN CHIRICO RAPARO,Potenza,PZ,076,POTENZA,Basilicata,17,BASILICATA,Sud,0
076075,H808,San Costantino Albanese,San Costantino Albanese,SAN COSTANTINO ALBANESE,Potenza,PZ,076,POTENZA,Basilicata,17,BASILICATA,Sud,0
076076,H831,San Fele,San Fele,SAN FELE,Potenza,PZ,076,POTENZA,Basilicata,17,BASILICATA,Sud,0
076077,H994,San Martino d'Agri,San Martino d'Agri,SAN MARTINO D AGRI,Potenza,PZ,076,POTENZA,Basilicata,17,BASILICATA,Sud,0
076020,B906,San Paolo Albanese,San Paolo Albanese,SAN PAOLO ALBANESE,Potenza,PZ,076,POTENZA,Basilicata,17,BASILICATA,Sud,0
076078,I157,San Severino Lucano,San Severino Lucano,SAN SEVERINO LUCANO,Potenza,PZ,076,POTENZA,Basilicata,17,BASILICATA,Sud,0
076079,I288,Sant'Angelo Le Fratte,Sant'Angelo Le Fratte,SANT ANGELO LE FRATTE,Potenza,PZ,076,POTENZA,Basilicata,17,BASILICATA,Sud,0
076080,I305,Sant'Arcangelo,Sant'Arcangelo,SANT ARCANGELO,Potenza,PZ,076,POTENZA,Basilicata,17,BASILICATA,Sud,0
076081,I426,Sarconi,Sarconi,SARCONI,Potenza,PZ,076,POTENZA,Basilicata,17,BASILICATA,Sud,0
076082,I457,Sasso di Castalda,Sasso di Castalda,SASSO DI CASTALDA,Potenza,PZ,076,POTENZA,Basilicata,17,BASILICATA,Sud,0
076083,G614,Satriano di Lucania,Satriano di Lucania,SATRIANO DI LUCANIA,Potenza,PZ,076,POTENZA,Basilicata,17,BASILICATA,Sud,0
076084,H730,Savoia di Lucania,Savoia di Lucania,SAVOIA DI LUCANIA,Potenza,PZ,076,POTENZA,Basilicata,17,BASILICATA,Sud,0
076085,I610,Senise,Senise,SENISE,Potenza,PZ,076,POTENZA,Basilicata,17,BASILICATA,Sud,0
076086,I917,Spinoso,Spinoso,SPINOSO,Potenza,PZ,076,POTENZA,Basilicata,17,BASILICATA,Sud,0
076087,L082,Teana,Teana,TEANA,Potenza,PZ,076,POTENZA,Basilicata,17,BASILICATA,Sud,0
076088,L126,Terranova di Pollino,Terranova di Pollino,TERRANOVA DI POLLINO,Potenza,PZ,076,POTENZA,Basilicata,17,BASILICATA,Sud,0
076089,L181,Tito,Tito,TITO,Potenza,PZ,076,POTENZA,Basilicata,17,BASILICATA,Sud,0
076090,L197,Tolve,Tolve,TOLVE,Potenza,PZ,076,POTENZA,Basilicata,17,BASILICATA,Sud,0
076091,L326,Tramutola,Tramutola,TRAMUTOLA,Potenza,PZ,076,POTENZA,Basilicata,17,BASILICATA,Sud,0
076092,L357,Trecchina,Trecchina,TRECCHINA,Potenza,PZ,076,POTENZA,Basilicata,17,BASILICATA,Sud,0
076093,L439,Trivigno,Trivigno,TRIVIGNO,Potenza,PZ,076,POTENZA,Basilicata,17,BASILICATA,Sud,0
076094,L532,Vaglio Basilicata,Vaglio Basilicata,VAGLIO BASILICATA,Potenza,PZ,076,POTENZA,Basilicata,17,BASILICATA,Sud,0
076095,L738,Venosa,Venosa,VENOSA,Potenza,PZ,076,POTENZA,Basilicata,17,BASILICATA,Sud,0
076096,L859,Vietri di Potenza,Vietri di Potenza,VIETRI DI POTENZA,Potenza,PZ,076,POTENZA,Basilicata,17,BASILICATA,Sud,0
076097,L873,Viggianello,Viggianello,VIGGIANELLO,Potenza,PZ,076,POTENZA,Basilicata,17,BASILICATA,Sud,0
076098,L874,Viggiano,Viggiano,VIGGIANO,Potenza,PZ,076,POTENZA,Basilicata,17,BASILICATA,Sud,0
079002,A155,Albi,Albi,ALBI,Catanzaro,CZ,079,CATANZARO,Calabria,18,CALABRIA,Sud,0
079003,A255,Amaroni,Amaroni,AMARONI,Catanzaro,CZ,079,CATANZARO,Calabria,18,CALABRIA,Sud,0
079004,A257,Amato,Amato,AMATO,Catanzaro,CZ,079,CATANZARO,Calabria,18,CALABRIA,Sud,0
079005,A272,Andali,Andali,ANDALI,Catanzaro,CZ,079,CATANZARO,Calabria,18,CALABRIA,Sud,0
079007,A397,Argusto,Argusto,ARGUSTO,Catanzaro,CZ,079,CATANZARO,Calabria,18,CALABRIA,Sud,0
079008,A542,Badolato,Badolato,BADOLATO,Catanzaro,CZ,079,CATANZARO,Calabria,18,CALABRIA,Sud,0
079009,A736,Belcastro,Belcastro,BELCASTRO,Catanzaro,CZ,079,CATANZARO,Calabria,18,CALABRIA,Sud,0
079011,B002,Borgia,Borgia,BORGIA,Catanzaro,CZ,079,CATANZARO,Calabria,18,CALABRIA,Sud,0
079012,B085,Botricello,Botricello,BOTRICELLO,Catanzaro,CZ,079,CATANZARO,Calabria,18,CALABRIA,Sud,0
079017,B717,Caraffa di Catanzaro,Caraffa di Catanzaro,CARAFFA DI CATANZARO,Catanzaro,CZ,079,CATANZARO,Calabria,18,CALABRIA,Sud,0
079018,B758,Cardinale,Cardinale,CARDINALE,Catanzaro,CZ,079,CATANZARO,Calabria,18,CALABRIA,Sud,0
079020,B790,Carlopoli,Carlopoli,CARLOPOLI,Catanzaro,CZ,079,CATANZARO,Calabria,18,CALABRIA,Sud,0
079023,C352,Catanzaro,Catanzaro,CATANZARO,Catanzaro,CZ,079,CATANZARO,Calabria,18,CALABRIA,Sud,1
079024,C453,Cenadi,Cenadi,CENADI,Catanzaro,CZ,079,CATANZARO,Calabria,18,CALABRIA,Sud,0
079025,C472,Centrache,Centrache,CENTRACHE,Catanzaro,CZ,079,CATANZARO,Calabria,18,CALABRIA,Sud,0
079027,C542,Cerva,Cerva,CERVA,Catanzaro,CZ,079,CATANZARO,Calabria,18,CALABRIA,Sud,0
079029,C616,Chiaravalle Centrale,Chiaravalle Centrale,CHIARAVALLE CENTRALE,Catanzaro,CZ,079,CATANZARO,Calabria,18,CALABRIA,Sud,0
079030,C674,Cicala,Cicala,CICALA,Catanzaro,CZ,079,CATANZARO,Calabria,18,CALABRIA,Sud,0
079033,C960,Conflenti,Conflenti,CONFLENTI,Catanzaro,CZ,079,CATANZARO,Calabria,18,CALABRIA,Sud,0
079034,D049,Cortale,Cortale,CORTALE,Catanzaro,CZ,079,CATANZARO,Calabria,18,CALABRIA,Sud,0
079036,D181,Cropani,Cropani,CROPANI,Catanzaro,CZ,079,CATANZARO,Calabria,18,CALABRIA,Sud,0
079039,D218,Curinga,Curinga,CURINGA,Catanzaro,CZ,079,CATANZARO,Calabria,18,CALABRIA,Sud,0
079042,D257,Davoli,Davoli,DAVOLI,Catanzaro,CZ,079,CATANZARO,Calabria,18,CALABRIA,Sud,0
079043,D261,Decollatura,Decollatura,DECOLLATURA,Catanzaro,CZ,079,CATANZARO,Calabria,18,CALABRIA,Sud,0
079047,D476,Falerna,Falerna,FALERNA,Catanzaro,CZ,079,CATANZARO,Calabria,18,CALABRIA,Sud,0
079048,D544,Feroleto Antico,Feroleto Antico,FEROLETO ANTICO,Catanzaro,CZ,079,CATANZARO,Calabria,18,CALABRIA,Sud,0
079052,D744,Fossato Serralta,Fossato Serralta,FOSSATO SERRALTA,Catanzaro,CZ,079,CATANZARO,Calabria,18,CALABRIA,Sud,0
079055,D852,Gagliato,Gagliato,GAGLIATO,Catanzaro,CZ,079,CATANZARO,Calabria,18,CALABRIA,Sud,0
079056,D932,Gasperina,Gasperina,GASPERINA,Catanzaro,CZ,079,CATANZARO,Calabria,18,CALABRIA,Sud,0
079058,E031,Gimigliano,Gimigliano,GIMIGLIANO,Catanzaro,CZ,079,CATANZARO,Calabria,18,CALABRIA,Sud,0
079059,E050,Girifalco,Girifalco,GIRIFALCO,Catanzaro,CZ,079,CATANZARO,Calabria,18,CALABRIA,Sud,0
079060,E068,Gizzeria,Gizzeria,GIZZERIA,Catanzaro,CZ,079,CATANZARO,Calabria,18,CALABRIA,Sud,0
079061,E239,Guardavalle,Guardavalle,GUARDAVALLE,Catanzaro,CZ,079,CATANZARO,Calabria,18,CALABRIA,Sud,0
079063,E328,Isca sullo Ionio,Isca sullo Ionio,ISCA SULLO IONIO,Catanzaro,CZ,079,CATANZARO,Calabria,18,CALABRIA,Sud,0
079065,E274,Jacurso,Jacurso,JACURSO,Catanzaro,CZ,079,CATANZARO,Calabria,18,CALABRIA,Sud,0
079160,M208,Lamezia Terme,Lamezia Terme,LAMEZIA TERME,Catanzaro,CZ,079,CATANZARO,Calabria,18,CALABRIA,Sud,0
079068,E806,Magisano,Magisano,MAGISANO,Catanzaro,CZ,079,CATANZARO,Calabria,18,CALABRIA,Sud,0
079069,E834,Maida,Maida,MAIDA,Catanzaro,CZ,079,CATANZARO,Calabria,18,CALABRIA,Sud,0
079071,E923,Marcedusa,Marcedusa,MARCEDUSA,Catanzaro,CZ,079,CATANZARO,Calabria,18,CALABRIA,Sud,0
079072,E925,Marcellinara,Marcellinara,MARCELLINARA,Catanzaro,CZ,079,CATANZARO,Calabria,18,CALABRIA,Sud,0
079073,E990,Martirano,Martirano,MARTIRANO,Catanzaro,CZ,079,CATANZARO,Calabria,18,CALABRIA,Sud,0
079074,E991,Martirano Lombardo,Martirano Lombardo,MARTIRANO LOMBARDO,Catanzaro,CZ,079,CATANZARO,Calabria,18,CALABRIA,Sud,0
079077,F200,Miglierina,Miglierina,MIGLIERINA,Catanzaro,CZ,079,CATANZARO,Calabria,18,CALABRIA,Sud,0
079080,F432,Montauro,Montauro,MONTAURO,Catanzaro,CZ,079,CATANZARO,Calabria,18,CALABRIA,Sud,0
079081,F586,Montepaone,Montepaone,MONTEPAONE,Catanzaro,CZ,079,CATANZARO,Calabria,18,CALABRIA,Sud,0
079083,F780,Motta Santa Lucia,Motta Santa Lucia,MOTTA SANTA LUCIA,Catanzaro,CZ,079,CATANZARO,Calabria,18,CALABRIA,Sud,0
079087,F910,Nocera Terinese,Nocera Terinese,NOCERA TERINESE,Catanzaro,CZ,079,CATANZARO,Calabria,18,CALABRIA,Sud,0
079088,G034,Olivadi,Olivadi,OLIVADI,Catanzaro,CZ,079,CATANZARO,Calabria,18,CALABRIA,Sud,0
079089,G272,Palermiti,Palermiti,PALERMITI,Catanzaro,CZ,079,CATANZARO,Calabria,18,CALABRIA,Sud,0
079092,G439,Pentone,Pentone,PENTONE,Catanzaro,CZ,079,CATANZARO,Calabria,18,CALABRIA,Sud,0
079094,G517,Petrizzi,Petrizzi,PETRIZZI,Catanzaro,CZ,079,CATANZARO,Calabria,18,CALABRIA,Sud,0
079095,G518,Petronà,Petronà,PETRONA,Catanzaro,CZ,079,CATANZARO,Calabria,18,CALABRIA,Sud,0
079096,D546,Pianopoli,Pianopoli,PIANOPOLI,Catanzaro,CZ,079,CATANZARO,Calabria,18,CALABRIA,Sud,0
079099,G734,Platania,Platania,PLATANIA,Catanzaro,CZ,079,CATANZARO,Calabria,18,CALABRIA,Sud,0
079108,H846,San Floro,San Floro,SAN FLORO,Catanzaro,CZ,079,CATANZARO,Calabria,18,CALABRIA,Sud,0
079110,H976,San Mango d'Aquino,San Mango d'Aquino,SAN MANGO D AQUINO,Catanzaro,CZ,079,CATANZARO,Calabria,18,CALABRIA,Sud,0
079115,I095,San Pietro Apostolo,San Pietro Apostolo,SAN PIETRO APOSTOLO,Catanzaro,CZ,079,CATANZARO,Calabria,18,CALABRIA,Sud,0
079114,I093,San Pietro a Maida,San Pietro a Maida,SAN PIETRO A MAIDA,Catanzaro,CZ,079,CATANZARO,Calabria,18,CALABRIA,Sud,0
079116,I164,San Sostene,San Sostene,SAN SOSTENE,Catanzaro,CZ,079,CATANZARO,Calabria,18,CALABRIA,Sud,0
079122,I393,San Vito sullo Ionio,San Vito sullo Ionio,SAN VITO SULLO IONIO,Catanzaro,CZ,079,CATANZARO,Calabria,18,CALABRIA,Sud,0
079118,I266,Sant'Andrea Apostolo dello Ionio,Sant'Andrea Apostolo dello Ionio,SANT ANDREA APOSTOLO DELLO IONIO,Catanzaro,CZ,079,CATANZARO,Calabria,18,CALABRIA,Sud,0
079117,I170,Santa Caterina dello Ionio,Santa Caterina dello Ionio,SANTA CATERINA DELLO IONIO,Catanzaro,CZ,079,CATANZARO,Calabria,18,CALABRIA,Sud,0
079123,I463,Satriano,Satriano,SATRIANO,Catanzaro,CZ,079,CATANZARO,Calabria,18,CALABRIA,Sud,0
079126,I589,Sellia,Sellia,SELLIA,Catanzaro,CZ,079,CATANZARO,Calabria,18,CALABRIA,Sud,0
079127,I590,Sellia Marina,Sellia Marina,SELLIA MARINA,Catanzaro,CZ,079,CATANZARO,Calabria,18,CALABRIA,Sud,0
079129,I655,Serrastretta,Serrastretta,SERRASTRETTA,Catanzaro,CZ,079,CATANZARO,Calabria,18,CALABRIA,Sud,0
079130,I671,Sersale,Sersale,SERSALE,Catanzaro,CZ,079,CATANZARO,Calabria,18,CALABRIA,Sud,0
079131,I704,Settingiano,Settingiano,SETTINGIANO,Catanzaro,CZ,079,CATANZARO,Calabria,18,CALABRIA,Sud,0
079133,I745,Simeri Crichi,Simeri Crichi,SIMERI CRICHI,Catanzaro,CZ,079,CATANZARO,Calabria,18,CALABRIA,Sud,0
079134,I844,Sorbo San Basile,Sorbo San Basile,SORBO SAN BASILE,Catanzaro,CZ,079,CATANZARO,Calabria,18,CALABRIA,Sud,0
079137,I872,Soverato,Soverato,SOVERATO,Catanzaro,CZ,079,CATANZARO,Calabria,18,CALABRIA,Sud,0
079138,I874,Soveria Mannelli,Soveria Mannelli,SOVERIA MANNELLI,Catanzaro,CZ,079,CATANZARO,Calabria,18,CALABRIA,Sud,0
079139,I875,Soveria Simeri,Soveria Simeri,SOVERIA SIMERI,Catanzaro,CZ,079,CATANZARO,Calabria,18,CALABRIA,Sud,0
079142,I929,Squillace,Squillace,SQUILLACE,Catanzaro,CZ,079,CATANZARO,Calabria,18,CALABRIA,Sud,0
079143,I937,Stalettì,Stalettì,STALETTI,Catanzaro,CZ,079,CATANZARO,Calabria,18,CALABRIA,Sud,0
079146,L070,Taverna,Taverna,TAVERNA,Catanzaro,CZ,079,CATANZARO,Calabria,18,CALABRIA,Sud,0
079147,L177,Tiriolo,Tiriolo,TIRIOLO,Catanzaro,CZ,079,CATANZARO,Calabria,18,CALABRIA,Sud,0
079148,L240,Torre di Ruggiero,Torre di Ruggiero,TORRE DI RUGGIERO,Catanzaro,CZ,079,CATANZARO,Calabria,18,CALABRIA,Sud,0
079151,I322,Vallefiorita,Vallefiorita,VALLEFIORITA,Catanzaro,CZ,079,CATANZARO,Calabria,18,CALABRIA,Sud,0
079157,M140,Zagarise,Zagarise,ZAGARISE,Catanzaro,CZ,079,CATANZARO,Calabria,18,CALABRIA,Sud,0
078001,A033,Acquaformosa,Acquaformosa,ACQUAFORMOSA,Cosenza,CS,078,COSENZA,Calabria,18,CALABRIA,Sud,0
078002,A041,Acquappesa,Acquappesa,ACQUAPPESA,Cosenza,CS,078,COSENZA,Calabria,18,CALABRIA,Sud,0
078003,A053,Acri,Acri,ACRI,Cosenza,CS,078,COSENZA,Calabria,18,CALABRIA,Sud,0
078004,A102,Aiello Calabro,Aiello Calabro,AIELLO CALABRO,Cosenza,CS,078,COSENZA,Calabria,18,CALABRIA,Sud,0
078005,A105,Aieta,Aieta,AIETA,Cosenza,CS,078,COSENZA,Calabria,18,CALABRIA,Sud,0
078006,A160,Albidona,Albidona,ALBIDONA,Cosenza,CS,078,COSENZA,Calabria,18,CALABRIA,Sud,0
078007,A183,Alessandria del Carretto,Alessandria del Carretto,ALESSANDRIA DEL CARRETTO,Cosenza,CS,078,COSENZA,Calabria,18,CALABRIA,Sud,0
078008,A234,Altilia,Altilia,ALTILIA,Cosenza,CS,078,COSENZA,Calabria,18,CALABRIA,Sud,0
078009,A240,Altomonte,Altomonte,ALTOMONTE,Cosenza,CS,078,COSENZA,Calabria,18,CALABRIA,Sud,0
078010,A253,Amantea,Amantea,AMANTEA,Cosenza,CS,078,COSENZA,Calabria,18,CALABRIA,Sud,0
078011,A263,Amendolara,Amendolara,AMENDOLARA,Cosenza,CS,078,COSENZA,Calabria,18,CALABRIA,Sud,0
078012,A340,Aprigliano,Aprigliano,APRIGLIANO,Cosenza,CS,078,COSENZA,Calabria,18,CALABRIA,Sud,0
078013,A762,Belmonte Calabro,Belmonte Calabro,BELMONTE CALABRO,Cosenza,CS,078,COSENZA,Calabria,18,CALABRIA,Sud,0
078014,A768,Belsito,Belsito,BELSITO,Cosenza,CS,078,COSENZA,Calabria,18,CALABRIA,Sud,0
078015,A773,Belvedere Marittimo,Belvedere Marittimo,BELVEDERE MARITTIMO,Cosenza,CS,078,COSENZA,Calabria,18,CALABRIA,Sud,0
078016,A842,Bianchi,Bianchi,BIANCHI,Cosenza,CS,078,COSENZA,Calabria,18,CALABRIA,Sud,0
078017,A887,Bisignano,Bisignano,BISIGNANO,Cosenza,CS,078,COSENZA,Calabria,18,CALABRIA,Sud,0
078018,A912,Bocchigliero,Bocchigliero,BOCCHIGLIERO,Cosenza,CS,078,COSENZA,Calabria,18,CALABRIA,Sud,0
078019,A973,Bonifati,Bonifati,BONIFATI,Cosenza,CS,078,COSENZA,Calabria,18,CALABRIA,Sud,0
078020,B270,Buonvicino,Buonvicino,BUONVICINO,Cosenza,CS,078,COSENZA,Calabria,18,CALABRIA,Sud,0
078021,B424,Calopezzati,Calopezzati,CALOPEZZATI,Cosenza,CS,078,COSENZA,Calabria,18,CALABRIA,Sud,0
078022,B426,Caloveto,Caloveto,CALOVETO,Cosenza,CS,078,COSENZA,Calabria,18,CALABRIA,Sud,0
078023,B500,Campana,Campana,CAMPANA,Cosenza,CS,078,COSENZA,Calabria,18,CALABRIA,Sud,0
078024,B607,Canna,Canna,CANNA,Cosenza,CS,078,COSENZA,Calabria,18,CALABRIA,Sud,0
078025,B774,Cariati,Cariati,CARIATI,Cosenza,CS,078,COSENZA,Calabria,18,CALABRIA,Sud,0
078026,B802,Carolei,Carolei,CAROLEI,Cosenza,CS,078,COSENZA,Calabria,18,CALABRIA,Sud,0
078027,B813,Carpanzano,Carpanzano,CARPANZANO,Cosenza,CS,078,COSENZA,Calabria,18,CALABRIA,Sud,0
078156,M385,Casali del Manco,Casali del Manco,CASALI DEL MANCO,Cosenza,CS,078,COSENZA,Calabria,18,CALABRIA,Sud,0
078029,C002,Cassano all'Ionio,Cassano all'Ionio,CASSANO ALL IONIO,Cosenza,CS,078,COSENZA,Calabria,18,CALABRIA,Sud,0
078030,C301,Castiglione Cosentino,Castiglione Cosentino,CASTIGLIONE COSENTINO,Cosenza,CS,078,COSENZA,Calabria,18,CALABRIA,Sud,0
078031,C108,Castrolibero,Castrolibero,CASTROLIBERO,Cosenza,CS,078,COSENZA,Calabria,18,CALABRIA,Sud,0
078032,C348,Castroregio,Castroregio,CASTROREGIO,Cosenza,CS,078,COSENZA,Calabria,18,CALABRIA,Sud,0
078033,C349,Castrovillari,Castrovillari,CASTROVILLARI,Cosenza,CS,078,COSENZA,Calabria,18,CALABRIA,Sud,0
078034,C430,Celico,Celico,CELICO,Cosenza,CS,078,COSENZA,Calabria,18,CALABRIA,Sud,0
078035,C437,Cellara,Cellara,CELLARA,Cosenza,CS,078,COSENZA,Calabria,18,CALABRIA,Sud,0
078036,C489,Cerchiara di Calabria,Cerchiara di Calabria,CERCHIARA DI CALABRIA,Cosenza,CS,078,COSENZA,Calabria,18,CALABRIA,Sud,0
078037,C515,Cerisano,Cerisano,CERISANO,Cosenza,CS,078,COSENZA,Calabria,18,CALABRIA,Sud,0
078038,C554,Cervicati,Cervicati,CERVICATI,Cosenza,CS,078,COSENZA,Calabria,18,CALABRIA,Sud,0
078039,C560,Cerzeto,Cerzeto,CERZETO,Cosenza,CS,078,COSENZA,Calabria,18,CALABRIA,Sud,0
078040,C588,Cetraro,Cetraro,CETRARO,Cosenza,CS,078,COSENZA,Calabria,18,CALABRIA,Sud,0
078041,C763,Civita,Civita,CIVITA,Cosenza,CS,078,COSENZA,Calabria,18,CALABRIA,Sud,0
078042,C795,Cleto,Cleto,CLETO,Cosenza,CS,078,COSENZA,Calabria,18,CALABRIA,Sud,0
078043,C905,Colosimi,Colosimi,COLOSIMI,Cosenza,CS,078,COSENZA,Calabria,18,CALABRIA,Sud,0
078157,M403,Corigliano-Rossano,Corigliano-Rossano,CORIGLIANO ROSSANO,Cosenza,CS,078,COSENZA,Calabria,18,CALABRIA,Sud,0
078045,D086,Cosenza,Cosenza,COSENZA,Cosenza,CS,078,COSENZA,Calabria,18,CALABRIA,Sud,1
078046,D180,Cropalati,Cropalati,CROPALATI,Cosenza,CS,078,COSENZA,Calabria,18,CALABRIA,Sud,0
078047,D184,Crosia,Crosia,CROSIA,Cosenza,CS,078,COSENZA,Calabria,18,CALABRIA,Sud,0
078048,D289,Diamante,Diamante,DIAMANTE,Cosenza,CS,078,COSENZA,Calabria,18,CALABRIA,Sud,0
078049,D304,Dipignano,Dipignano,DIPIGNANO,Cosenza,CS,078,COSENZA,Calabria,18,CALABRIA,Sud,0
078050,D328,Domanico,Domanico,DOMANICO,Cosenza,CS,078,COSENZA,Calabria,18,CALABRIA,Sud,0
078051,D464,Fagnano Castello,Fagnano Castello,FAGNANO CASTELLO,Cosenza,CS,078,COSENZA,Calabria,18,CALABRIA,Sud,0
078052,D473,Falconara Albanese,Falconara Albanese,FALCONARA ALBANESE,Cosenza,CS,078,COSENZA,Calabria,18,CALABRIA,Sud,0
078053,D582,Figline Vegliaturo,Figline Vegliaturo,FIGLINE VEGLIATURO,Cosenza,CS,078,COSENZA,Calabria,18,CALABRIA,Sud,0
078054,D614,Firmo,Firmo,FIRMO,Cosenza,CS,078,COSENZA,Calabria,18,CALABRIA,Sud,0
078055,D624,Fiumefreddo Bruzio,Fiumefreddo Bruzio,FIUMEFREDDO BRUZIO,Cosenza,CS,078,COSENZA,Calabria,18,CALABRIA,Sud,0
078056,D764,Francavilla Marittima,Francavilla Marittima,FRANCAVILLA MARITTIMA,Cosenza,CS,078,COSENZA,Calabria,18,CALABRIA,Sud,0
078057,D774,Frascineto,Frascineto,FRASCINETO,Cosenza,CS,078,COSENZA,Calabria,18,CALABRIA,Sud,0
078058,D828,Fuscaldo,Fuscaldo,FUSCALDO,Cosenza,CS,078,COSENZA,Calabria,18,CALABRIA,Sud,0
078059,E180,Grimaldi,Grimaldi,GRIMALDI,Cosenza,CS,078,COSENZA,Calabria,18,CALABRIA,Sud,0
078060,E185,Grisolia,Grisolia,GRISOLIA,Cosenza,CS,078,COSENZA,Calabria,18,CALABRIA,Sud,0
078061,E242,Guardia Piemontese,Guardia Piemontese,GUARDIA PIEMONTESE,Cosenza,CS,078,COSENZA,Calabria,18,CALABRIA,Sud,0
078062,E407,Lago,Lago,LAGO,Cosenza,CS,078,COSENZA,Calabria,18,CALABRIA,Sud,0
078063,E417,Laino Borgo,Laino Borgo,LAINO BORGO,Cosenza,CS,078,COSENZA,Calabria,18,CALABRIA,Sud,0
078064,E419,Laino Castello,Laino Castello,LAINO CASTELLO,Cosenza,CS,078,COSENZA,Calabria,18,CALABRIA,Sud,0
078065,E450,Lappano,Lappano,LAPPANO,Cosenza,CS,078,COSENZA,Calabria,18,CALABRIA,Sud,0
078066,E475,Lattarico,Lattarico,LATTARICO,Cosenza,CS,078,COSENZA,Calabria,18,CALABRIA,Sud,0
078067,E677,Longobardi,Longobardi,LONGOBARDI,Cosenza,CS,078,COSENZA,Calabria,18,CALABRIA,Sud,0
078068,E678,Longobucco,Longobucco,LONGOBUCCO,Cosenza,CS,078,COSENZA,Calabria,18,CALABRIA,Sud,0
078069,E745,Lungro,Lungro,LUNGRO,Cosenza,CS,078,COSENZA,Calabria,18,CALABRIA,Sud,0
078070,E773,Luzzi,Luzzi,LUZZI,Cosenza,CS,078,COSENZA,Calabria,18,CALABRIA,Sud,0
078071,E835,Maierà,Maierà,MAIERA,Cosenza,CS,078,COSENZA,Calabria,18,CALABRIA,Sud,0
078072,E859,Malito,Malito,MALITO,Cosenza,CS,078,COSENZA,Calabria,18,CALABRIA,Sud,0
078073,E872,Malvito,Malvito,MALVITO,Cosenza,CS,078,COSENZA,Calabria,18,CALABRIA,Sud,0
078074,E878,Mandatoriccio,Mandatoriccio,MANDATORICCIO,Cosenza,CS,078,COSENZA,Calabria,18,CALABRIA,Sud,0
078075,E888,Mangone,Mangone,MANGONE,Cosenza,CS,078,COSENZA,Calabria,18,CALABRIA,Sud,0
078076,E914,Marano Marchesato,Marano Marchesato,MARANO MARCHESATO,Cosenza,CS,078,COSENZA,Calabria,18,CALABRIA,Sud,0
078077,E915,Marano Principato,Marano Principato,MARANO PRINCIPATO,Cosenza,CS,078,COSENZA,Calabria,18,CALABRIA,Sud,0
078078,F001,Marzi,Marzi,MARZI,Cosenza,CS,078,COSENZA,Calabria,18,CALABRIA,Sud,0
078079,F125,Mendicino,Mendicino,MENDICINO,Cosenza,CS,078,COSENZA,Calabria,18,CALABRIA,Sud,0
078080,F370,Mongrassano,Mongrassano,MONGRASSANO,Cosenza,CS,078,COSENZA,Calabria,18,CALABRIA,Sud,0
078081,F416,Montalto Uffugo,Montalto Uffugo,MONTALTO UFFUGO,Cosenza,CS,078,COSENZA,Calabria,18,CALABRIA,Sud,0
078082,F519,Montegiordano,Montegiordano,MONTEGIORDANO,Cosenza,CS,078,COSENZA,Calabria,18,CALABRIA,Sud,0
078083,F708,Morano Calabro,Morano Calabro,MORANO CALABRO,Cosenza,CS,078,COSENZA,Calabria,18,CALABRIA,Sud,0
078084,F735,Mormanno,Mormanno,MORMANNO,Cosenza,CS,078,COSENZA,Calabria,18,CALABRIA,Sud,0
078085,F775,Mottafollone,Mottafollone,MOTTAFOLLONE,Cosenza,CS,078,COSENZA,Calabria,18,CALABRIA,Sud,0
078086,F907,Nocara,Nocara,NOCARA,Cosenza,CS,078,COSENZA,Calabria,18,CALABRIA,Sud,0
078087,G110,Oriolo,Oriolo,ORIOLO,Cosenza,CS,078,COSENZA,Calabria,18,CALABRIA,Sud,0
078088,G129,Orsomarso,Orsomarso,ORSOMARSO,Cosenza,CS,078,COSENZA,Calabria,18,CALABRIA,Sud,0
078089,G298,Paludi,Paludi,PALUDI,Cosenza,CS,078,COSENZA,Calabria,18,CALABRIA,Sud,0
078090,G307,Panettieri,Panettieri,PANETTIERI,Cosenza,CS,078,COSENZA,Calabria,18,CALABRIA,Sud,0
078091,G317,Paola,Paola,PAOLA,Cosenza,CS,078,COSENZA,Calabria,18,CALABRIA,Sud,0
078092,G320,Papasidero,Papasidero,PAPASIDERO,Cosenza,CS,078,COSENZA,Calabria,18,CALABRIA,Sud,0
078093,G331,Parenti,Parenti,PARENTI,Cosenza,CS,078,COSENZA,Calabria,18,CALABRIA,Sud,0
078094,G372,Paterno Calabro,Paterno Calabro,PATERNO CALABRO,Cosenza,CS,078,COSENZA,Calabria,18,CALABRIA,Sud,0
078096,G411,Pedivigliano,Pedivigliano,PEDIVIGLIANO,Cosenza,CS,078,COSENZA,Calabria,18,CALABRIA,Sud,0
078097,G553,Piane Crati,Piane Crati,PIANE CRATI,Cosenza,CS,078,COSENZA,Calabria,18,CALABRIA,Sud,0
078098,G615,Pietrafitta,Pietrafitta,PIETRAFITTA,Cosenza,CS,078,COSENZA,Calabria,18,CALABRIA,Sud,0
078099,G622,Pietrapaola,Pietrapaola,PIETRAPAOLA,Cosenza,CS,078,COSENZA,Calabria,18,CALABRIA,Sud,0
078100,G733,Plataci,Plataci,PLATACI,Cosenza,CS,078,COSENZA,Calabria,18,CALABRIA,Sud,0
078101,G975,Praia a Mare,Praia a Mare,PRAIA A MARE,Cosenza,CS,078,COSENZA,Calabria,18,CALABRIA,Sud,0
078102,H235,Rende,Rende,RENDE,Cosenza,CS,078,COSENZA,Calabria,18,CALABRIA,Sud,0
078103,H416,Rocca Imperiale,Rocca Imperiale,ROCCA IMPERIALE,Cosenza,CS,078,COSENZA,Calabria,18,CALABRIA,Sud,0
078104,H488,Roggiano Gravina,Roggiano Gravina,ROGGIANO GRAVINA,Cosenza,CS,078,COSENZA,Calabria,18,CALABRIA,Sud,0
078105,H490,Rogliano,Rogliano,ROGLIANO,Cosenza,CS,078,COSENZA,Calabria,18,CALABRIA,Sud,0
078106,H565,Rose,Rose,ROSE,Cosenza,CS,078,COSENZA,Calabria,18,CALABRIA,Sud,0
078107,H572,Roseto Capo Spulico,Roseto Capo Spulico,ROSETO CAPO SPULICO,Cosenza,CS,078,COSENZA,Calabria,18,CALABRIA,Sud,0
078109,H585,Rota Greca,Rota Greca,ROTA GRECA,Cosenza,CS,078,COSENZA,Calabria,18,CALABRIA,Sud,0
078110,H621,Rovito,Rovito,ROVITO,Cosenza,CS,078,COSENZA,Calabria,18,CALABRIA,Sud,0
078111,H765,San Basile,San Basile,SAN BASILE,Cosenza,CS,078,COSENZA,Calabria,18,CALABRIA,Sud,0
078112,H774,San Benedetto Ullano,San Benedetto Ullano,SAN BENEDETTO ULLANO,Cosenza,CS,078,COSENZA,Calabria,18,CALABRIA,Sud,0
078113,H806,San Cosmo Albanese,San Cosmo Albanese,SAN COSMO ALBANESE,Cosenza,CS,078,COSENZA,Calabria,18,CALABRIA,Sud,0
078114,H818,San Demetrio Corone,San Demetrio Corone,SAN DEMETRIO CORONE,Cosenza,CS,078,COSENZA,Calabria,18,CALABRIA,Sud,0
078115,H825,San Donato di Ninea,San Donato di Ninea,SAN DONATO DI NINEA,Cosenza,CS,078,COSENZA,Calabria,18,CALABRIA,Sud,0
078116,H841,San Fili,San Fili,SAN FILI,Cosenza,CS,078,COSENZA,Calabria,18,CALABRIA,Sud,0
078118,H881,San Giorgio Albanese,San Giorgio Albanese,SAN GIORGIO ALBANESE,Cosenza,CS,078,COSENZA,Calabria,18,CALABRIA,Sud,0
078119,H919,San Giovanni in Fiore,San Giovanni in Fiore,SAN GIOVANNI IN FIORE,Cosenza,CS,078,COSENZA,Calabria,18,CALABRIA,Sud,0
078120,H961,San Lorenzo Bellizzi,San Lorenzo Bellizzi,SAN LORENZO BELLIZZI,Cosenza,CS,078,COSENZA,Calabria,18,CALABRIA,Sud,0
078121,H962,San Lorenzo del Vallo,San Lorenzo del Vallo,SAN LORENZO DEL VALLO,Cosenza,CS,078,COSENZA,Calabria,18,CALABRIA,Sud,0
078122,H971,San Lucido,San Lucido,SAN LUCIDO,Cosenza,CS,078,COSENZA,Calabria,18,CALABRIA,Sud,0
078123,H981,San Marco Argentano,San Marco Argentano,SAN MARCO ARGENTANO,Cosenza,CS,078,COSENZA,Calabria,18,CALABRIA,Sud,0
078124,H992,San Martino di Finita,San Martino di Finita,SAN MARTINO DI FINITA,Cosenza,CS,078,COSENZA,Calabria,18,CALABRIA,Sud,0
078125,I060,San Nicola Arcella,San Nicola Arcella,SAN NICOLA ARCELLA,Cosenza,CS,078,COSENZA,Calabria,18,CALABRIA,Sud,0
078126,I108,San Pietro in Amantea,San Pietro in Amantea,SAN PIETRO IN AMANTEA,Cosenza,CS,078,COSENZA,Calabria,18,CALABRIA,Sud,0
078127,I114,San Pietro in Guarano,San Pietro in Guarano,SAN PIETRO IN GUARANO,Cosenza,CS,078,COSENZA,Calabria,18,CALABRIA,Sud,0
078128,I165,San Sosti,San Sosti,SAN SOSTI,Cosenza,CS,078,COSENZA,Calabria,18,CALABRIA,Sud,0
078135,I388,San Vincenzo La Costa,San Vincenzo La Costa,SAN VINCENZO LA COSTA,Cosenza,CS,078,COSENZA,Calabria,18,CALABRIA,Sud,0
078117,H877,Sangineto,Sangineto,SANGINETO,Cosenza,CS,078,COSENZA,Calabria,18,CALABRIA,Sud,0
078131,I192,Sant'Agata di Esaro,Sant'Agata di Esaro,SANT AGATA DI ESARO,Cosenza,CS,078,COSENZA,Calabria,18,CALABRIA,Sud,0
078129,I171,Santa Caterina Albanese,Santa Caterina Albanese,SANTA CATERINA ALBANESE,Cosenza,CS,078,COSENZA,Calabria,18,CALABRIA,Sud,0
078130,I183,Santa Domenica Talao,Santa Domenica Talao,SANTA DOMENICA TALAO,Cosenza,CS,078,COSENZA,Calabria,18,CALABRIA,Sud,0
078132,C717,Santa Maria del Cedro,Santa Maria del Cedro,SANTA MARIA DEL CEDRO,Cosenza,CS,078,COSENZA,Calabria,18,CALABRIA,Sud,0
078133,I309,Santa Sofia d'Epiro,Santa Sofia d'Epiro,SANTA SOFIA D EPIRO,Cosenza,CS,078,COSENZA,Calabria,18,CALABRIA,Sud,0
078134,I359,Santo Stefano di Rogliano,Santo Stefano di Rogliano,SANTO STEFANO DI ROGLIANO,Cosenza,CS,078,COSENZA,Calabria,18,CALABRIA,Sud,0
078136,I423,Saracena,Saracena,SARACENA,Cosenza,CS,078,COSENZA,Calabria,18,CALABRIA,Sud,0
078137,I485,Scala Coeli,Scala Coeli,SCALA COELI,Cosenza,CS,078,COSENZA,Calabria,18,CALABRIA,Sud,0
078138,I489,Scalea,Scalea,SCALEA,Cosenza,CS,078,COSENZA,Calabria,18,CALABRIA,Sud,0
078139,D290,Scigliano,Scigliano,SCIGLIANO,Cosenza,CS,078,COSENZA,Calabria,18,CALABRIA,Sud,0
078140,I642,Serra d'Aiello,Serra d'Aiello,SERRA D AIELLO,Cosenza,CS,078,COSENZA,Calabria,18,CALABRIA,Sud,0
078142,I895,Spezzano Albanese,Spezzano Albanese,SPEZZANO ALBANESE,Cosenza,CS,078,COSENZA,Calabria,18,CALABRIA,Sud,0
078143,I896,Spezzano della Sila,Spezzano della Sila,SPEZZANO DELLA SILA,Cosenza,CS,078,COSENZA,Calabria,18,CALABRIA,Sud,0
078145,L055,Tarsia,Tarsia,TARSIA,Cosenza,CS,078,COSENZA,Calabria,18,CALABRIA,Sud,0
078146,L124,Terranova da Sibari,Terranova da Sibari,TERRANOVA DA SIBARI,Cosenza,CS,078,COSENZA,Calabria,18,CALABRIA,Sud,0
078147,L134,Terravecchia,Terravecchia,TERRAVECCHIA,Cosenza,CS,078,COSENZA,Calabria,18,CALABRIA,Sud,0
078148,L206,Torano Castello,Torano Castello,TORANO CASTELLO,Cosenza,CS,078,COSENZA,Calabria,18,CALABRIA,Sud,0
078149,L305,Tortora,Tortora,TORTORA,Cosenza,CS,078,COSENZA,Calabria,18,CALABRIA,Sud,0
078150,L353,Trebisacce,Trebisacce,TREBISACCE,Cosenza,CS,078,COSENZA,Calabria,18,CALABRIA,Sud,0
078152,L524,Vaccarizzo Albanese,Vaccarizzo Albanese,VACCARIZZO ALBANESE,Cosenza,CS,078,COSENZA,Calabria,18,CALABRIA,Sud,0
078153,L747,Verbicaro,Verbicaro,VERBICARO,Cosenza,CS,078,COSENZA,Calabria,18,CALABRIA,Sud,0
078154,B903,Villapiana,Villapiana,VILLAPIANA,Cosenza,CS,078,COSENZA,Calabria,18,CALABRIA,Sud,0
078155,M202,Zumpano,Zumpano,ZUMPANO,Cosenza,CS,078,COSENZA,Calabria,18,CALABRIA,Sud,0
101001,A772,Belvedere di Spinello,Belvedere di Spinello,BELVEDERE DI SPINELLO,Crotone,KR,101,CROTONE,Calabria,18,CALABRIA,Sud,0
101002,B319,Caccuri,Caccuri,CACCURI,Crotone,KR,101,CROTONE,Calabria,18,CALABRIA,Sud,0
101003,B771,Carfizzi,Carfizzi,CARFIZZI,Crotone,KR,101,CROTONE,Calabria,18,CALABRIA,Sud,0
101004,B857,Casabona,Casabona,CASABONA,Crotone,KR,101,CROTONE,Calabria,18,CALABRIA,Sud,0
101005,B968,Castelsilano,Castelsilano,CASTELSILANO,Crotone,KR,101,CROTONE,Calabria,18,CALABRIA,Sud,0
101006,C501,Cerenzia,Cerenzia,CERENZIA,Crotone,KR,101,CROTONE,Calabria,18,CALABRIA,Sud,0
101007,C725,Cirò,Cirò,CIRO,Crotone,KR,101,CROTONE,Calabria,18,CALABRIA,Sud,0
101008,C726,Cirò Marina,Cirò Marina,CIRO MARINA,Crotone,KR,101,CROTONE,Calabria,18,CALABRIA,Sud,0
101009,D123,Cotronei,Cotronei,COTRONEI,Crotone,KR,101,CROTONE,Calabria,18,CALABRIA,Sud,0
101010,D122,Crotone,Crotone,CROTONE,Crotone,KR,101,CROTONE,Calabria,18,CALABRIA,Sud,1
101011,D189,Crucoli,Crucoli,CRUCOLI,Crotone,KR,101,CROTONE,Calabria,18,CALABRIA,Sud,0
101012,D236,Cutro,Cutro,CUTRO,Crotone,KR,101,CROTONE,Calabria,18,CALABRIA,Sud,0
101013,E339,Isola di Capo Rizzuto,Isola di Capo Rizzuto,ISOLA DI CAPO RIZZUTO,Crotone,KR,101,CROTONE,Calabria,18,CALABRIA,Sud,0
101014,F108,Melissa,Melissa,MELISSA,Crotone,KR,101,CROTONE,Calabria,18,CALABRIA,Sud,0
101015,F157,Mesoraca,Mesoraca,MESORACA,Crotone,KR,101,CROTONE,Calabria,18,CALABRIA,Sud,0
101016,G278,Pallagorio,Pallagorio,PALLAGORIO,Crotone,KR,101,CROTONE,Calabria,18,CALABRIA,Sud,0
101017,G508,Petilia Policastro,Petilia Policastro,PETILIA POLICASTRO,Crotone,KR,101,CROTONE,Calabria,18,CALABRIA,Sud,0
101019,H403,Rocca di Neto,Rocca di Neto,ROCCA DI NETO,Crotone,KR,101,CROTONE,Calabria,18,CALABRIA,Sud,0
101018,H383,Roccabernarda,Roccabernarda,ROCCABERNARDA,Crotone,KR,101,CROTONE,Calabria,18,CALABRIA,Sud,0
101020,I026,San Mauro Marchesato,San Mauro Marchesato,SAN MAURO MARCHESATO,Crotone,KR,101,CROTONE,Calabria,18,CALABRIA,Sud,0
101021,I057,San Nicola dell'Alto,San Nicola dell'Alto,SAN NICOLA DELL ALTO,Crotone,KR,101,CROTONE,Calabria,18,CALABRIA,Sud,0
101022,I308,Santa Severina,Santa Severina,SANTA SEVERINA,Crotone,KR,101,CROTONE,Calabria,18,CALABRIA,Sud,0
101023,I468,Savelli,Savelli,SAVELLI,Crotone,KR,101,CROTONE,Calabria,18,CALABRIA,Sud,0
101024,I494,Scandale,Scandale,SCANDALE,Crotone,KR,101,CROTONE,Calabria,18,CALABRIA,Sud,0
101025,I982,Strongoli,Strongoli,STRONGOLI,Crotone,KR,101,CROTONE,Calabria,18,CALABRIA,Sud,0
101026,L492,Umbriatico,Umbriatico,UMBRIATICO,Crotone,KR,101,CROTONE,Calabria,18,CALABRIA,Sud,0
101027,L802,Verzino,Verzino,VERZINO,Crotone,KR,101,CROTONE,Calabria,18,CALABRIA,Sud,0
080001,A065,Africo,Africo,AFRICO,Reggio Calabria,RC,280,REGGIO CALABRIA,Calabria,18,CALABRIA,Sud,0
080002,A077,Agnana Calabra,Agnana Calabra,AGNANA CALABRA,Reggio Calabria,RC,280,REGGIO CALABRIA,Calabria,18,CALABRIA,Sud,0
080003,A303,Anoia,Anoia,ANOIA,Reggio Calabria,RC,280,REGGIO CALABRIA,Calabria,18,CALABRIA,Sud,0
080004,A314,Antonimina,Antonimina,ANTONIMINA,Reggio Calabria,RC,280,REGGIO CALABRIA,Calabria,18,CALABRIA,Sud,0
080005,A385,Ardore,Ardore,ARDORE,Reggio Calabria,RC,280,REGGIO CALABRIA,Calabria,18,CALABRIA,Sud,0
080006,A544,Bagaladi,Bagaladi,BAGALADI,Reggio Calabria,RC,280,REGGIO CALABRIA,Calabria,18,CALABRIA,Sud,0
080007,A552,Bagnara Calabra,Bagnara Calabra,BAGNARA CALABRA,Reggio Calabria,RC,280,REGGIO CALABRIA,Calabria,18,CALABRIA,Sud,0
080008,A780,Benestare,Benestare,BENESTARE,Reggio Calabria,RC,280,REGGIO CALABRIA,Calabria,18,CALABRIA,Sud,0
080009,A843,Bianco,Bianco,BIANCO,Reggio Calabria,RC,280,REGGIO CALABRIA,Calabria,18,CALABRIA,Sud,0
080010,A897,Bivongi,Bivongi,BIVONGI,Reggio Calabria,RC,280,REGGIO CALABRIA,Calabria,18,CALABRIA,Sud,0
080011,B097,Bova,Bova,BOVA,Reggio Calabria,RC,280,REGGIO CALABRIA,Calabria,18,CALABRIA,Sud,0
080013,B099,Bova Marina,Bova Marina,BOVA MARINA,Reggio Calabria,RC,280,REGGIO CALABRIA,Calabria,18,CALABRIA,Sud,0
080012,B098,Bovalino,Bovalino,BOVALINO,Reggio Calabria,RC,280,REGGIO CALABRIA,Calabria,18,CALABRIA,Sud,0
080014,B118,Brancaleone,Brancaleone,BRANCALEONE,Reggio Calabria,RC,280,REGGIO CALABRIA,Calabria,18,CALABRIA,Sud,0
080015,B234,Bruzzano Zeffirio,Bruzzano Zeffirio,BRUZZANO ZEFFIRIO,Reggio Calabria,RC,280,REGGIO CALABRIA,Calabria,18,CALABRIA,Sud,0
080016,B379,Calanna,Calanna,CALANNA,Reggio Calabria,RC,280,REGGIO CALABRIA,Calabria,18,CALABRIA,Sud,0
080017,B481,Camini,Camini,CAMINI,Reggio Calabria,RC,280,REGGIO CALABRIA,Calabria,18,CALABRIA,Sud,0
080018,B516,Campo Calabro,Campo Calabro,CAMPO CALABRO,Reggio Calabria,RC,280,REGGIO CALABRIA,Calabria,18,CALABRIA,Sud,0
080019,B591,Candidoni,Candidoni,CANDIDONI,Reggio Calabria,RC,280,REGGIO CALABRIA,Calabria,18,CALABRIA,Sud,0
080020,B617,Canolo,Canolo,CANOLO,Reggio Calabria,RC,280,REGGIO CALABRIA,Calabria,18,CALABRIA,Sud,0
080021,B718,Caraffa del Bianco,Caraffa del Bianco,CARAFFA DEL BIANCO,Reggio Calabria,RC,280,REGGIO CALABRIA,Calabria,18,CALABRIA,Sud,0
080022,B756,Cardeto,Cardeto,CARDETO,Reggio Calabria,RC,280,REGGIO CALABRIA,Calabria,18,CALABRIA,Sud,0
080023,B766,Careri,Careri,CARERI,Reggio Calabria,RC,280,REGGIO CALABRIA,Calabria,18,CALABRIA,Sud,0
080024,B966,Casignana,Casignana,CASIGNANA,Reggio Calabria,RC,280,REGGIO CALABRIA,Calabria,18,CALABRIA,Sud,0
080025,C285,Caulonia,Caulonia,CAULONIA,Reggio Calabria,RC,280,REGGIO CALABRIA,Calabria,18,CALABRIA,Sud,0
080026,C695,Ciminà,Ciminà,CIMINA,Reggio Calabria,RC,280,REGGIO CALABRIA,Calabria,18,CALABRIA,Sud,0
080027,C710,Cinquefrondi,Cinquefrondi,CINQUEFRONDI,Reggio Calabria,RC,280,REGGIO CALABRIA,Calabria,18,CALABRIA,Sud,0
080028,C747,Cittanova,Cittanova,CITTANOVA,Reggio Calabria,RC,280,REGGIO CALABRIA,Calabria,18,CALABRIA,Sud,0
080029,C954,Condofuri,Condofuri,CONDOFURI,Reggio Calabria,RC,280,REGGIO CALABRIA,Calabria,18,CALABRIA,Sud,0
080030,D089,Cosoleto,Cosoleto,COSOLETO,Reggio Calabria,RC,280,REGGIO CALABRIA,Calabria,18,CALABRIA,Sud,0
080031,D268,Delianuova,Delianuova,DELIANUOVA,Reggio Calabria,RC,280,REGGIO CALABRIA,Calabria,18,CALABRIA,Sud,0
080032,D545,Feroleto della Chiesa,Feroleto della Chiesa,FEROLETO DELLA CHIESA,Reggio Calabria,RC,280,REGGIO CALABRIA,Calabria,18,CALABRIA,Sud,0
080033,D557,Ferruzzano,Ferruzzano,FERRUZZANO,Reggio Calabria,RC,280,REGGIO CALABRIA,Calabria,18,CALABRIA,Sud,0
080034,D619,Fiumara,Fiumara,FIUMARA,Reggio Calabria,RC,280,REGGIO CALABRIA,Calabria,18,CALABRIA,Sud,0
080035,D864,Galatro,Galatro,GALATRO,Reggio Calabria,RC,280,REGGIO CALABRIA,Calabria,18,CALABRIA,Sud,0
080036,D975,Gerace,Gerace,GERACE,Reggio Calabria,RC,280,REGGIO CALABRIA,Calabria,18,CALABRIA,Sud,0
080037,E025,Giffone,Giffone,GIFFONE,Reggio Calabria,RC,280,REGGIO CALABRIA,Calabria,18,CALABRIA,Sud,0
080038,E041,Gioia Tauro,Gioia Tauro,GIOIA TAURO,Reggio Calabria,RC,280,REGGIO CALABRIA,Calabria,18,CALABRIA,Sud,0
080039,E044,Gioiosa Ionica,Gioiosa Ionica,GIOIOSA IONICA,Reggio Calabria,RC,280,REGGIO CALABRIA,Calabria,18,CALABRIA,Sud,0
080040,E212,Grotteria,Grotteria,GROTTERIA,Reggio Calabria,RC,280,REGGIO CALABRIA,Calabria,18,CALABRIA,Sud,0
080041,E402,Laganadi,Laganadi,LAGANADI,Reggio Calabria,RC,280,REGGIO CALABRIA,Calabria,18,CALABRIA,Sud,0
080042,E479,Laureana di Borrello,Laureana di Borrello,LAUREANA DI BORRELLO,Reggio Calabria,RC,280,REGGIO CALABRIA,Calabria,18,CALABRIA,Sud,0
080043,D976,Locri,Locri,LOCRI,Reggio Calabria,RC,280,REGGIO CALABRIA,Calabria,18,CALABRIA,Sud,0
080044,E873,Mammola,Mammola,MAMMOLA,Reggio Calabria,RC,280,REGGIO CALABRIA,Calabria,18,CALABRIA,Sud,0
080045,E956,Marina di Gioiosa Ionica,Marina di Gioiosa Ionica,MARINA DI GIOIOSA IONICA,Reggio Calabria,RC,280,REGGIO CALABRIA,Calabria,18,CALABRIA,Sud,0
080046,E968,Maropati,Maropati,MAROPATI,Reggio Calabria,RC,280,REGGIO CALABRIA,Calabria,18,CALABRIA,Sud,0
080047,E993,Martone,Martone,MARTONE,Reggio Calabria,RC,280,REGGIO CALABRIA,Calabria,18,CALABRIA,Sud,0
080049,F106,Melicucco,Melicucco,MELICUCCO,Reggio Calabria,RC,280,REGGIO CALABRIA,Calabria,18,CALABRIA,Sud,0
080048,F105,Melicuccà,Melicuccà,MELICUCCA,Reggio Calabria,RC,280,REGGIO CALABRIA,Calabria,18,CALABRIA,Sud,0
080050,F112,Melito di Porto Salvo,Melito di Porto Salvo,MELITO DI PORTO SALVO,Reggio Calabria,RC,280,REGGIO CALABRIA,Calabria,18,CALABRIA,Sud,0
080051,F301,Molochio,Molochio,MOLOCHIO,Reggio Calabria,RC,280,REGGIO CALABRIA,Calabria,18,CALABRIA,Sud,0
080052,F324,Monasterace,Monasterace,MONASTERACE,Reggio Calabria,RC,280,REGGIO CALABRIA,Calabria,18,CALABRIA,Sud,0
080053,D746,Montebello Jonico,Montebello Jonico,MONTEBELLO JONICO,Reggio Calabria,RC,280,REGGIO CALABRIA,Calabria,18,CALABRIA,Sud,0
080054,F779,Motta San Giovanni,Motta San Giovanni,MOTTA SAN GIOVANNI,Reggio Calabria,RC,280,REGGIO CALABRIA,Calabria,18,CALABRIA,Sud,0
080055,G082,Oppido Mamertina,Oppido Mamertina,OPPIDO MAMERTINA,Reggio Calabria,RC,280,REGGIO CALABRIA,Calabria,18,CALABRIA,Sud,0
080056,G277,Palizzi,Palizzi,PALIZZI,Reggio Calabria,RC,280,REGGIO CALABRIA,Calabria,18,CALABRIA,Sud,0
080057,G288,Palmi,Palmi,PALMI,Reggio Calabria,RC,280,REGGIO CALABRIA,Calabria,18,CALABRIA,Sud,0
080058,G394,Pazzano,Pazzano,PAZZANO,Reggio Calabria,RC,280,REGGIO CALABRIA,Calabria,18,CALABRIA,Sud,0
080059,G729,Placanica,Placanica,PLACANICA,Reggio Calabria,RC,280,REGGIO CALABRIA,Calabria,18,CALABRIA,Sud,0
080060,G735,Platì,Platì,PLATI,Reggio Calabria,RC,280,REGGIO CALABRIA,Calabria,18,CALABRIA,Sud,0
080061,G791,Polistena,Polistena,POLISTENA,Reggio Calabria,RC,280,REGGIO CALABRIA,Calabria,18,CALABRIA,Sud,0
080062,G905,Portigliola,Portigliola,PORTIGLIOLA,Reggio Calabria,RC,280,REGGIO CALABRIA,Calabria,18,CALABRIA,Sud,0
080063,H224,Reggio di Calabria,Reggio di Calabria,REGGIO DI CALABRIA,Reggio Calabria,RC,280,REGGIO CALABRIA,Calabria,18,CALABRIA,Sud,1
080064,H265,Riace,Riace,RIACE,Reggio Calabria,RC,280,REGGIO CALABRIA,Calabria,18,CALABRIA,Sud,0
080065,H359,Rizziconi,Rizziconi,RIZZICONI,Reggio Calabria,RC,280,REGGIO CALABRIA,Calabria,18,CALABRIA,Sud,0
080066,H408,Roccaforte del Greco,Roccaforte del Greco,ROCCAFORTE DEL GRECO,Reggio Calabria,RC,280,REGGIO CALABRIA,Calabria,18,CALABRIA,Sud,0
080067,H456,Roccella Ionica,Roccella Ionica,ROCCELLA IONICA,Reggio Calabria,RC,280,REGGIO CALABRIA,Calabria,18,CALABRIA,Sud,0
080068,H489,Roghudi,Roghudi,ROGHUDI,Reggio Calabria,RC,280,REGGIO CALABRIA,Calabria,18,CALABRIA,Sud,0
080069,H558,Rosarno,Rosarno,ROSARNO,Reggio Calabria,RC,280,REGGIO CALABRIA,Calabria,18,CALABRIA,Sud,0
080070,H013,Samo,Samo,SAMO,Reggio Calabria,RC,280,REGGIO CALABRIA,Calabria,18,CALABRIA,Sud,0
080097,M277,San Ferdinando,San Ferdinando,SAN FERDINANDO,Reggio Calabria,RC,280,REGGIO CALABRIA,Calabria,18,CALABRIA,Sud,0
080071,H889,San Giorgio Morgeto,San Giorgio Morgeto,SAN GIORGIO MORGETO,Reggio Calabria,RC,280,REGGIO CALABRIA,Calabria,18,CALABRIA,Sud,0
080072,H903,San Giovanni di Gerace,San Giovanni di Gerace,SAN GIOVANNI DI GERACE,Reggio Calabria,RC,280,REGGIO CALABRIA,Calabria,18,CALABRIA,Sud,0
080073,H959,San Lorenzo,San Lorenzo,SAN LORENZO,Reggio Calabria,RC,280,REGGIO CALABRIA,Calabria,18,CALABRIA,Sud,0
080074,H970,San Luca,San Luca,SAN LUCA,Reggio Calabria,RC,280,REGGIO CALABRIA,Calabria,18,CALABRIA,Sud,0
080075,I102,San Pietro di Caridà,San Pietro di Caridà,SAN PIETRO DI CARIDA,Reggio Calabria,RC,280,REGGIO CALABRIA,Calabria,18,CALABRIA,Sud,0
080076,I132,San Procopio,San Procopio,SAN PROCOPIO,Reggio Calabria,RC,280,REGGIO CALABRIA,Calabria,18,CALABRIA,Sud,0
080077,I139,San Roberto,San Roberto,SAN ROBERTO,Reggio Calabria,RC,280,REGGIO CALABRIA,Calabria,18,CALABRIA,Sud,0
080079,I198,Sant'Agata del Bianco,Sant'Agata del Bianco,SANT AGATA DEL BIANCO,Reggio Calabria,RC,280,REGGIO CALABRIA,Calabria,18,CALABRIA,Sud,0
080080,I214,Sant'Alessio in Aspromonte,Sant'Alessio in Aspromonte,SANT ALESSIO IN ASPROMONTE,Reggio Calabria,RC,280,REGGIO CALABRIA,Calabria,18,CALABRIA,Sud,0
080081,I333,Sant'Eufemia d'Aspromonte,Sant'Eufemia d'Aspromonte,SANT EUFEMIA D ASPROMONTE,Reggio Calabria,RC,280,REGGIO CALABRIA,Calabria,18,CALABRIA,Sud,0
080082,I341,Sant'Ilario dello Ionio,Sant'Ilario dello Ionio,SANT ILARIO DELLO IONIO,Reggio Calabria,RC,280,REGGIO CALABRIA,Calabria,18,CALABRIA,Sud,0
080078,I176,Santa Cristina d'Aspromonte,Santa Cristina d'Aspromonte,SANTA CRISTINA D ASPROMONTE,Reggio Calabria,RC,280,REGGIO CALABRIA,Calabria,18,CALABRIA,Sud,0
080083,I371,Santo Stefano in Aspromonte,Santo Stefano in Aspromonte,SANTO STEFANO IN ASPROMONTE,Reggio Calabria,RC,280,REGGIO CALABRIA,Calabria,18,CALABRIA,Sud,0
080084,I536,Scido,Scido,SCIDO,Reggio Calabria,RC,280,REGGIO CALABRIA,Calabria,18,CALABRIA,Sud,0
080085,I537,Scilla,Scilla,SCILLA,Reggio Calabria,RC,280,REGGIO CALABRIA,Calabria,18,CALABRIA,Sud,0
080086,I600,Seminara,Seminara,SEMINARA,Reggio Calabria,RC,280,REGGIO CALABRIA,Calabria,18,CALABRIA,Sud,0
080087,I656,Serrata,Serrata,SERRATA,Reggio Calabria,RC,280,REGGIO CALABRIA,Calabria,18,CALABRIA,Sud,0
080088,I725,Siderno,Siderno,SIDERNO,Reggio Calabria,RC,280,REGGIO CALABRIA,Calabria,18,CALABRIA,Sud,0
080089,I753,Sinopoli,Sinopoli,SINOPOLI,Reggio Calabria,RC,280,REGGIO CALABRIA,Calabria,18,CALABRIA,Sud,0
080090,I936,Staiti,Staiti,STAITI,Reggio Calabria,RC,280,REGGIO CALABRIA,Calabria,18,CALABRIA,Sud,0
080091,I955,Stignano,Stignano,STIGNANO,Reggio Calabria,RC,280,REGGIO CALABRIA,Calabria,18,CALABRIA,Sud,0
080092,I956,Stilo,Stilo,STILO,Reggio Calabria,RC,280,REGGIO CALABRIA,Calabria,18,CALABRIA,Sud,0
080093,L063,Taurianova,Taurianova,TAURIANOVA,Reggio Calabria,RC,280,REGGIO CALABRIA,Calabria,18,CALABRIA,Sud,0
080094,L127,Terranova Sappo Minulio,Terranova Sappo Minulio,TERRANOVA SAPPO MINULIO,Reggio Calabria,RC,280,REGGIO CALABRIA,Calabria,18,CALABRIA,Sud,0
080095,L673,Varapodio,Varapodio,VARAPODIO,Reggio Calabria,RC,280,REGGIO CALABRIA,Calabria,18,CALABRIA,Sud,0
080096,M018,Villa San Giovanni,Villa San Giovanni,VILLA SAN GIOVANNI,Reggio Calabria,RC,280,REGGIO CALABRIA,Calabria,18,CALABRIA,Sud,0
102001,A043,Acquaro,Acquaro,ACQUARO,Vibo Valentia,VV,102,VIBO VALENTIA,Calabria,18,CALABRIA,Sud,0
102002,A386,Arena,Arena,ARENA,Vibo Valentia,VV,102,VIBO VALENTIA,Calabria,18,CALABRIA,Sud,0
102003,B169,Briatico,Briatico,BRIATICO,Vibo Valentia,VV,102,VIBO VALENTIA,Calabria,18,CALABRIA,Sud,0
102004,B197,Brognaturo,Brognaturo,BROGNATURO,Vibo Valentia,VV,102,VIBO VALENTIA,Calabria,18,CALABRIA,Sud,0
102005,B655,Capistrano,Capistrano,CAPISTRANO,Vibo Valentia,VV,102,VIBO VALENTIA,Calabria,18,CALABRIA,Sud,0
102006,C581,Cessaniti,Cessaniti,CESSANITI,Vibo Valentia,VV,102,VIBO VALENTIA,Calabria,18,CALABRIA,Sud,0
102007,D253,Dasà,Dasà,DASA,Vibo Valentia,VV,102,VIBO VALENTIA,Calabria,18,CALABRIA,Sud,0
102008,D303,Dinami,Dinami,DINAMI,Vibo Valentia,VV,102,VIBO VALENTIA,Calabria,18,CALABRIA,Sud,0
102009,D364,Drapia,Drapia,DRAPIA,Vibo Valentia,VV,102,VIBO VALENTIA,Calabria,18,CALABRIA,Sud,0
102010,D453,Fabrizia,Fabrizia,FABRIZIA,Vibo Valentia,VV,102,VIBO VALENTIA,Calabria,18,CALABRIA,Sud,0
102011,D587,Filadelfia,Filadelfia,FILADELFIA,Vibo Valentia,VV,102,VIBO VALENTIA,Calabria,18,CALABRIA,Sud,0
102012,D589,Filandari,Filandari,FILANDARI,Vibo Valentia,VV,102,VIBO VALENTIA,Calabria,18,CALABRIA,Sud,0
102013,D596,Filogaso,Filogaso,FILOGASO,Vibo Valentia,VV,102,VIBO VALENTIA,Calabria,18,CALABRIA,Sud,0
102014,D762,Francavilla Angitola,Francavilla Angitola,FRANCAVILLA ANGITOLA,Vibo Valentia,VV,102,VIBO VALENTIA,Calabria,18,CALABRIA,Sud,0
102015,D767,Francica,Francica,FRANCICA,Vibo Valentia,VV,102,VIBO VALENTIA,Calabria,18,CALABRIA,Sud,0
102016,D988,Gerocarne,Gerocarne,GEROCARNE,Vibo Valentia,VV,102,VIBO VALENTIA,Calabria,18,CALABRIA,Sud,0
102017,E321,Jonadi,Jonadi,JONADI,Vibo Valentia,VV,102,VIBO VALENTIA,Calabria,18,CALABRIA,Sud,0
102018,E389,Joppolo,Joppolo,JOPPOLO,Vibo Valentia,VV,102,VIBO VALENTIA,Calabria,18,CALABRIA,Sud,0
102019,E590,Limbadi,Limbadi,LIMBADI,Vibo Valentia,VV,102,VIBO VALENTIA,Calabria,18,CALABRIA,Sud,0
102020,E836,Maierato,Maierato,MAIERATO,Vibo Valentia,VV,102,VIBO VALENTIA,Calabria,18,CALABRIA,Sud,0
102021,F207,Mileto,Mileto,MILETO,Vibo Valentia,VV,102,VIBO VALENTIA,Calabria,18,CALABRIA,Sud,0
102022,F364,Mongiana,Mongiana,MONGIANA,Vibo Valentia,VV,102,VIBO VALENTIA,Calabria,18,CALABRIA,Sud,0
102023,F607,Monterosso Calabro,Monterosso Calabro,MONTEROSSO CALABRO,Vibo Valentia,VV,102,VIBO VALENTIA,Calabria,18,CALABRIA,Sud,0
102024,F843,Nardodipace,Nardodipace,NARDODIPACE,Vibo Valentia,VV,102,VIBO VALENTIA,Calabria,18,CALABRIA,Sud,0
102025,F893,Nicotera,Nicotera,NICOTERA,Vibo Valentia,VV,102,VIBO VALENTIA,Calabria,18,CALABRIA,Sud,0
102026,G335,Parghelia,Parghelia,PARGHELIA,Vibo Valentia,VV,102,VIBO VALENTIA,Calabria,18,CALABRIA,Sud,0
102027,G722,Pizzo,Pizzo,PIZZO,Vibo Valentia,VV,102,VIBO VALENTIA,Calabria,18,CALABRIA,Sud,0
102028,G728,Pizzoni,Pizzoni,PIZZONI,Vibo Valentia,VV,102,VIBO VALENTIA,Calabria,18,CALABRIA,Sud,0
102029,G785,Polia,Polia,POLIA,Vibo Valentia,VV,102,VIBO VALENTIA,Calabria,18,CALABRIA,Sud,0
102030,H271,Ricadi,Ricadi,RICADI,Vibo Valentia,VV,102,VIBO VALENTIA,Calabria,18,CALABRIA,Sud,0
102031,H516,Rombiolo,Rombiolo,ROMBIOLO,Vibo Valentia,VV,102,VIBO VALENTIA,Calabria,18,CALABRIA,Sud,0
102032,H785,San Calogero,San Calogero,SAN CALOGERO,Vibo Valentia,VV,102,VIBO VALENTIA,Calabria,18,CALABRIA,Sud,0
102033,H807,San Costantino Calabro,San Costantino Calabro,SAN COSTANTINO CALABRO,Vibo Valentia,VV,102,VIBO VALENTIA,Calabria,18,CALABRIA,Sud,0
102034,H941,San Gregorio d'Ippona,San Gregorio d'Ippona,SAN GREGORIO D IPPONA,Vibo Valentia,VV,102,VIBO VALENTIA,Calabria,18,CALABRIA,Sud,0
102035,I058,San Nicola da Crissa,San Nicola da Crissa,SAN NICOLA DA CRISSA,Vibo Valentia,VV,102,VIBO VALENTIA,Calabria,18,CALABRIA,Sud,0
102036,I350,Sant'Onofrio,Sant'Onofrio,SANT ONOFRIO,Vibo Valentia,VV,102,VIBO VALENTIA,Calabria,18,CALABRIA,Sud,0
102037,I639,Serra San Bruno,Serra San Bruno,SERRA SAN BRUNO,Vibo Valentia,VV,102,VIBO VALENTIA,Calabria,18,CALABRIA,Sud,0
102038,I744,Simbario,Simbario,SIMBARIO,Vibo Valentia,VV,102,VIBO VALENTIA,Calabria,18,CALABRIA,Sud,0
102039,I853,Sorianello,Sorianello,SORIANELLO,Vibo Valentia,VV,102,VIBO VALENTIA,Calabria,18,CALABRIA,Sud,0
102040,I854,Soriano Calabro,Soriano Calabro,SORIANO CALABRO,Vibo Valentia,VV,102,VIBO VALENTIA,Calabria,18,CALABRIA,Sud,0
102041,I884,Spadola,Spadola,SPADOLA,Vibo Valentia,VV,102,VIBO VALENTIA,Calabria,18,CALABRIA,Sud,0
102042,I905,Spilinga,Spilinga,SPILINGA,Vibo Valentia,VV,102,VIBO VALENTIA,Calabria,18,CALABRIA,Sud,0
102043,I945,Stefanaconi,Stefanaconi,STEFANACONI,Vibo Valentia,VV,102,VIBO VALENTIA,Calabria,18,CALABRIA,Sud,0
102044,L452,Tropea,Tropea,TROPEA,Vibo Valentia,VV,102,VIBO VALENTIA,Calabria,18,CALABRIA,Sud,0
102045,L607,Vallelonga,Vallelonga,VALLELONGA,Vibo Valentia,VV,102,VIBO VALENTIA,Calabria,18,CALABRIA,Sud,0
102046,L699,Vazzano,Vazzano,VAZZANO,Vibo Valentia,VV,102,VIBO VALENTIA,Calabria,18,CALABRIA,Sud,0
102047,F537,Vibo Valentia,Vibo Valentia,VIBO VALENTIA,Vibo Valentia,VV,102,VIBO VALENTIA,Calabria,18,CALABRIA,Sud,1
102048,M138,Zaccanopoli,Zaccanopoli,ZACCANOPOLI,Vibo Valentia,VV,102,VIBO VALENTIA,Calabria,18,CALABRIA,Sud,0
102049,M143,Zambrone,Zambrone,ZAMBRONE,Vibo Valentia,VV,102,VIBO VALENTIA,Calabria,18,CALABRIA,Sud,0
102050,M204,Zungri,Zungri,ZUNGRI,Vibo Valentia,VV,102,VIBO VALENTIA,Calabria,18,CALABRIA,Sud,0
064001,A101,Aiello del Sabato,Aiello del Sabato,AIELLO DEL SABATO,Avellino,AV,064,AVELLINO,Campania,15,CAMPANIA,Sud,0
064002,A228,Altavilla Irpina,Altavilla Irpina,ALTAVILLA IRPINA,Avellino,AV,064,AVELLINO,Campania,15,CAMPANIA,Sud,0
064003,A284,Andretta,Andretta,ANDRETTA,Avellino,AV,064,AVELLINO,Campania,15,CAMPANIA,Sud,0
064004,A347,Aquilonia,Aquilonia,AQUILONIA,Avellino,AV,064,AVELLINO,Campania,15,CAMPANIA,Sud,0
064005,A399,Ariano Irpino,Ariano Irpino,ARIANO IRPINO,Avellino,AV,064,AVELLINO,Campania,15,CAMPANIA,Sud,0
064006,A489,Atripalda,Atripalda,ATRIPALDA,Avellino,AV,064,AVELLINO,Campania,15,CAMPANIA,Sud,0
064007,A508,Avella,Avella,AVELLA,Avellino,AV,064,AVELLINO,Campania,15,CAMPANIA,Sud,0
064008,A509,Avellino,Avellino,AVELLINO,Avellino,AV,064,AVELLINO,Campania,15,CAMPANIA,Sud,1
064009,A566,Bagnoli Irpino,Bagnoli Irpino,BAGNOLI IRPINO,Avellino,AV,064,AVELLINO,Campania,15,CAMPANIA,Sud,0
064010,A580,Baiano,Baiano,BAIANO,Avellino,AV,064,AVELLINO,Campania,15,CAMPANIA,Sud,0
064011,A881,Bisaccia,Bisaccia,BISACCIA,Avellino,AV,064,AVELLINO,Campania,15,CAMPANIA,Sud,0
064012,A975,Bonito,Bonito,BONITO,Avellino,AV,064,AVELLINO,Campania,15,CAMPANIA,Sud,0
064013,B367,Cairano,Cairano,CAIRANO,Avellino,AV,064,AVELLINO,Campania,15,CAMPANIA,Sud,0
064014,B374,Calabritto,Calabritto,CALABRITTO,Avellino,AV,064,AVELLINO,Campania,15,CAMPANIA,Sud,0
064015,B415,Calitri,Calitri,CALITRI,Avellino,AV,064,AVELLINO,Campania,15,CAMPANIA,Sud,0
064016,B590,Candida,Candida,CANDIDA,Avellino,AV,064,AVELLINO,Campania,15,CAMPANIA,Sud,0
064017,B674,Caposele,Caposele,CAPOSELE,Avellino,AV,064,AVELLINO,Campania,15,CAMPANIA,Sud,0
064018,B706,Capriglia Irpina,Capriglia Irpina,CAPRIGLIA IRPINA,Avellino,AV,064,AVELLINO,Campania,15,CAMPANIA,Sud,0
064019,B776,Carife,Carife,CARIFE,Avellino,AV,064,AVELLINO,Campania,15,CAMPANIA,Sud,0
064020,B866,Casalbore,Casalbore,CASALBORE,Avellino,AV,064,AVELLINO,Campania,15,CAMPANIA,Sud,0
064021,B997,Cassano Irpino,Cassano Irpino,CASSANO IRPINO,Avellino,AV,064,AVELLINO,Campania,15,CAMPANIA,Sud,0
064022,C058,Castel Baronia,Castel Baronia,CASTEL BARONIA,Avellino,AV,064,AVELLINO,Campania,15,CAMPANIA,Sud,0
064023,C105,Castelfranci,Castelfranci,CASTELFRANCI,Avellino,AV,064,AVELLINO,Campania,15,CAMPANIA,Sud,0
064024,C283,Castelvetere sul Calore,Castelvetere sul Calore,CASTELVETERE SUL CALORE,Avellino,AV,064,AVELLINO,Campania,15,CAMPANIA,Sud,0
064025,C557,Cervinara,Cervinara,CERVINARA,Avellino,AV,064,AVELLINO,Campania,15,CAMPANIA,Sud,0
064026,C576,Cesinali,Cesinali,CESINALI,Avellino,AV,064,AVELLINO,Campania,15,CAMPANIA,Sud,0
064027,C606,Chianche,Chianche,CHIANCHE,Avellino,AV,064,AVELLINO,Campania,15,CAMPANIA,Sud,0
064028,C659,Chiusano di San Domenico,Chiusano di San Domenico,CHIUSANO DI SAN DOMENICO,Avellino,AV,064,AVELLINO,Campania,15,CAMPANIA,Sud,0
064029,C971,Contrada,Contrada,CONTRADA,Avellino,AV,064,AVELLINO,Campania,15,CAMPANIA,Sud,0
064030,C976,Conza della Campania,Conza della Campania,CONZA DELLA CAMPANIA,Avellino,AV,064,AVELLINO,Campania,15,CAMPANIA,Sud,0
064031,D331,Domicella,Domicella,DOMICELLA,Avellino,AV,064,AVELLINO,Campania,15,CAMPANIA,Sud,0
064032,D638,Flumeri,Flumeri,FLUMERI,Avellino,AV,064,AVELLINO,Campania,15,CAMPANIA,Sud,0
064033,D671,Fontanarosa,Fontanarosa,FONTANAROSA,Avellino,AV,064,AVELLINO,Campania,15,CAMPANIA,Sud,0
064034,D701,Forino,Forino,FORINO,Avellino,AV,064,AVELLINO,Campania,15,CAMPANIA,Sud,0
064035,D798,Frigento,Frigento,FRIGENTO,Avellino,AV,064,AVELLINO,Campania,15,CAMPANIA,Sud,0
064036,D998,Gesualdo,Gesualdo,GESUALDO,Avellino,AV,064,AVELLINO,Campania,15,CAMPANIA,Sud,0
064037,E161,Greci,Greci,GRECI,Avellino,AV,064,AVELLINO,Campania,15,CAMPANIA,Sud,0
064038,E206,Grottaminarda,Grottaminarda,GROTTAMINARDA,Avellino,AV,064,AVELLINO,Campania,15,CAMPANIA,Sud,0
064039,E214,Grottolella,Grottolella,GROTTOLELLA,Avellino,AV,064,AVELLINO,Campania,15,CAMPANIA,Sud,0
064040,E245,Guardia Lombardi,Guardia Lombardi,GUARDIA LOMBARDI,Avellino,AV,064,AVELLINO,Campania,15,CAMPANIA,Sud,0
064041,E397,Lacedonia,Lacedonia,LACEDONIA,Avellino,AV,064,AVELLINO,Campania,15,CAMPANIA,Sud,0
064042,E448,Lapio,Lapio,LAPIO,Avellino,AV,064,AVELLINO,Campania,15,CAMPANIA,Sud,0
064043,E487,Lauro,Lauro,LAURO,Avellino,AV,064,AVELLINO,Campania,15,CAMPANIA,Sud,0
064044,E605,Lioni,Lioni,LIONI,Avellino,AV,064,AVELLINO,Campania,15,CAMPANIA,Sud,0
064045,E746,Luogosano,Luogosano,LUOGOSANO,Avellino,AV,064,AVELLINO,Campania,15,CAMPANIA,Sud,0
064046,E891,Manocalzati,Manocalzati,MANOCALZATI,Avellino,AV,064,AVELLINO,Campania,15,CAMPANIA,Sud,0
064047,E997,Marzano di Nola,Marzano di Nola,MARZANO DI NOLA,Avellino,AV,064,AVELLINO,Campania,15,CAMPANIA,Sud,0
064048,F110,Melito Irpino,Melito Irpino,MELITO IRPINO,Avellino,AV,064,AVELLINO,Campania,15,CAMPANIA,Sud,0
064049,F141,Mercogliano,Mercogliano,MERCOGLIANO,Avellino,AV,064,AVELLINO,Campania,15,CAMPANIA,Sud,0
064050,F230,Mirabella Eclano,Mirabella Eclano,MIRABELLA ECLANO,Avellino,AV,064,AVELLINO,Campania,15,CAMPANIA,Sud,0
064051,F397,Montaguto,Montaguto,MONTAGUTO,Avellino,AV,064,AVELLINO,Campania,15,CAMPANIA,Sud,0
064052,F448,Montecalvo Irpino,Montecalvo Irpino,MONTECALVO IRPINO,Avellino,AV,064,AVELLINO,Campania,15,CAMPANIA,Sud,0
064053,F491,Montefalcione,Montefalcione,MONTEFALCIONE,Avellino,AV,064,AVELLINO,Campania,15,CAMPANIA,Sud,0
064054,F506,Monteforte Irpino,Monteforte Irpino,MONTEFORTE IRPINO,Avellino,AV,064,AVELLINO,Campania,15,CAMPANIA,Sud,0
064055,F511,Montefredane,Montefredane,MONTEFREDANE,Avellino,AV,064,AVELLINO,Campania,15,CAMPANIA,Sud,0
064056,F512,Montefusco,Montefusco,MONTEFUSCO,Avellino,AV,064,AVELLINO,Campania,15,CAMPANIA,Sud,0
064057,F546,Montella,Montella,MONTELLA,Avellino,AV,064,AVELLINO,Campania,15,CAMPANIA,Sud,0
064058,F559,Montemarano,Montemarano,MONTEMARANO,Avellino,AV,064,AVELLINO,Campania,15,CAMPANIA,Sud,0
064059,F566,Montemiletto,Montemiletto,MONTEMILETTO,Avellino,AV,064,AVELLINO,Campania,15,CAMPANIA,Sud,0
064060,F660,Monteverde,Monteverde,MONTEVERDE,Avellino,AV,064,AVELLINO,Campania,15,CAMPANIA,Sud,0
064121,M330,Montoro,Montoro,MONTORO,Avellino,AV,064,AVELLINO,Campania,15,CAMPANIA,Sud,0
064063,F744,Morra De Sanctis,Morra De Sanctis,MORRA DE SANCTIS,Avellino,AV,064,AVELLINO,Campania,15,CAMPANIA,Sud,0
064064,F762,Moschiano,Moschiano,MOSCHIANO,Avellino,AV,064,AVELLINO,Campania,15,CAMPANIA,Sud,0
064065,F798,Mugnano del Cardinale,Mugnano del Cardinale,MUGNANO DEL CARDINALE,Avellino,AV,064,AVELLINO,Campania,15,CAMPANIA,Sud,0
064066,F988,Nusco,Nusco,NUSCO,Avellino,AV,064,AVELLINO,Campania,15,CAMPANIA,Sud,0
064067,G165,Ospedaletto d'Alpinolo,Ospedaletto d'Alpinolo,OSPEDALETTO D ALPINOLO,Avellino,AV,064,AVELLINO,Campania,15,CAMPANIA,Sud,0
064068,G242,Pago del Vallo di Lauro,Pago del Vallo di Lauro,PAGO DEL VALLO DI LAURO,Avellino,AV,064,AVELLINO,Campania,15,CAMPANIA,Sud,0
064069,G340,Parolise,Parolise,PAROLISE,Avellino,AV,064,AVELLINO,Campania,15,CAMPANIA,Sud,0
064070,G370,Paternopoli,Paternopoli,PATERNOPOLI,Avellino,AV,064,AVELLINO,Campania,15,CAMPANIA,Sud,0
064071,G519,Petruro Irpino,Petruro Irpino,PETRURO IRPINO,Avellino,AV,064,AVELLINO,Campania,15,CAMPANIA,Sud,0
064072,G611,Pietradefusi,Pietradefusi,PIETRADEFUSI,Avellino,AV,064,AVELLINO,Campania,15,CAMPANIA,Sud,0
064073,G629,Pietrastornina,Pietrastornina,PIETRASTORNINA,Avellino,AV,064,AVELLINO,Campania,15,CAMPANIA,Sud,0
064074,G990,Prata di Principato Ultra,Prata di Principato Ultra,PRATA DI PRINCIPATO ULTRA,Avellino,AV,064,AVELLINO,Campania,15,CAMPANIA,Sud,0
064075,H006,Pratola Serra,Pratola Serra,PRATOLA SERRA,Avellino,AV,064,AVELLINO,Campania,15,CAMPANIA,Sud,0
064076,H097,Quadrelle,Quadrelle,QUADRELLE,Avellino,AV,064,AVELLINO,Campania,15,CAMPANIA,Sud,0
064077,H128,Quindici,Quindici,QUINDICI,Avellino,AV,064,AVELLINO,Campania,15,CAMPANIA,Sud,0
064079,H438,Rocca San Felice,Rocca San Felice,ROCCA SAN FELICE,Avellino,AV,064,AVELLINO,Campania,15,CAMPANIA,Sud,0
064078,H382,Roccabascerana,Roccabascerana,ROCCABASCERANA,Avellino,AV,064,AVELLINO,Campania,15,CAMPANIA,Sud,0
064080,H592,Rotondi,Rotondi,ROTONDI,Avellino,AV,064,AVELLINO,Campania,15,CAMPANIA,Sud,0
064081,H733,Salza Irpina,Salza Irpina,SALZA IRPINA,Avellino,AV,064,AVELLINO,Campania,15,CAMPANIA,Sud,0
064082,H975,San Mango sul Calore,San Mango sul Calore,SAN MANGO SUL CALORE,Avellino,AV,064,AVELLINO,Campania,15,CAMPANIA,Sud,0
064083,I016,San Martino Valle Caudina,San Martino Valle Caudina,SAN MARTINO VALLE CAUDINA,Avellino,AV,064,AVELLINO,Campania,15,CAMPANIA,Sud,0
064084,I034,San Michele di Serino,San Michele di Serino,SAN MICHELE DI SERINO,Avellino,AV,064,AVELLINO,Campania,15,CAMPANIA,Sud,0
064085,I061,San Nicola Baronia,San Nicola Baronia,SAN NICOLA BARONIA,Avellino,AV,064,AVELLINO,Campania,15,CAMPANIA,Sud,0
064086,I129,San Potito Ultra,San Potito Ultra,SAN POTITO ULTRA,Avellino,AV,064,AVELLINO,Campania,15,CAMPANIA,Sud,0
064087,I163,San Sossio Baronia,San Sossio Baronia,SAN SOSSIO BARONIA,Avellino,AV,064,AVELLINO,Campania,15,CAMPANIA,Sud,0
064089,I264,Sant'Andrea di Conza,Sant'Andrea di Conza,SANT ANDREA DI CONZA,Avellino,AV,064,AVELLINO,Campania,15,CAMPANIA,Sud,0
064091,I280,Sant'Angelo a Scala,Sant'Angelo a Scala,SANT ANGELO A SCALA,Avellino,AV,064,AVELLINO,Campania,15,CAMPANIA,Sud,0
064090,I279,Sant'Angelo all'Esca,Sant'Angelo all'Esca,SANT ANGELO ALL ESCA,Avellino,AV,064,AVELLINO,Campania,15,CAMPANIA,Sud,0
064092,I281,Sant'Angelo dei Lombardi,Sant'Angelo dei Lombardi,SANT ANGELO DEI LOMBARDI,Avellino,AV,064,AVELLINO,Campania,15,CAMPANIA,Sud,0
064088,I219,Santa Lucia di Serino,Santa Lucia di Serino,SANTA LUCIA DI SERINO,Avellino,AV,064,AVELLINO,Campania,15,CAMPANIA,Sud,0
064093,I301,Santa Paolina,Santa Paolina,SANTA PAOLINA,Avellino,AV,064,AVELLINO,Campania,15,CAMPANIA,Sud,0
064095,I357,Santo Stefano del Sole,Santo Stefano del Sole,SANTO STEFANO DEL SOLE,Avellino,AV,064,AVELLINO,Campania,15,CAMPANIA,Sud,0
064096,I471,Savignano Irpino,Savignano Irpino,SAVIGNANO IRPINO,Avellino,AV,064,AVELLINO,Campania,15,CAMPANIA,Sud,0
064097,I493,Scampitella,Scampitella,SCAMPITELLA,Avellino,AV,064,AVELLINO,Campania,15,CAMPANIA,Sud,0
064098,I606,Senerchia,Senerchia,SENERCHIA,Avellino,AV,064,AVELLINO,Campania,15,CAMPANIA,Sud,0
064099,I630,Serino,Serino,SERINO,Avellino,AV,064,AVELLINO,Campania,15,CAMPANIA,Sud,0
064100,I756,Sirignano,Sirignano,SIRIGNANO,Avellino,AV,064,AVELLINO,Campania,15,CAMPANIA,Sud,0
064101,I805,Solofra,Solofra,SOLOFRA,Avellino,AV,064,AVELLINO,Campania,15,CAMPANIA,Sud,0
064102,I843,Sorbo Serpico,Sorbo Serpico,SORBO SERPICO,Avellino,AV,064,AVELLINO,Campania,15,CAMPANIA,Sud,0
064103,I893,Sperone,Sperone,SPERONE,Avellino,AV,064,AVELLINO,Campania,15,CAMPANIA,Sud,0
064104,I990,Sturno,Sturno,STURNO,Avellino,AV,064,AVELLINO,Campania,15,CAMPANIA,Sud,0
064105,L004,Summonte,Summonte,SUMMONTE,Avellino,AV,064,AVELLINO,Campania,15,CAMPANIA,Sud,0
064106,L061,Taurano,Taurano,TAURANO,Avellino,AV,064,AVELLINO,Campania,15,CAMPANIA,Sud,0
064107,L062,Taurasi,Taurasi,TAURASI,Avellino,AV,064,AVELLINO,Campania,15,CAMPANIA,Sud,0
064108,L102,Teora,Teora,TEORA,Avellino,AV,064,AVELLINO,Campania,15,CAMPANIA,Sud,0
064109,L214,Torella dei Lombardi,Torella dei Lombardi,TORELLA DEI LOMBARDI,Avellino,AV,064,AVELLINO,Campania,15,CAMPANIA,Sud,0
064110,L272,Torre Le Nocelle,Torre Le Nocelle,TORRE LE NOCELLE,Avellino,AV,064,AVELLINO,Campania,15,CAMPANIA,Sud,0
064111,L301,Torrioni,Torrioni,TORRIONI,Avellino,AV,064,AVELLINO,Campania,15,CAMPANIA,Sud,0
064112,L399,Trevico,Trevico,TREVICO,Avellino,AV,064,AVELLINO,Campania,15,CAMPANIA,Sud,0
064113,L461,Tufo,Tufo,TUFO,Avellino,AV,064,AVELLINO,Campania,15,CAMPANIA,Sud,0
064114,L589,Vallata,Vallata,VALLATA,Avellino,AV,064,AVELLINO,Campania,15,CAMPANIA,Sud,0
064115,L616,Vallesaccarda,Vallesaccarda,VALLESACCARDA,Avellino,AV,064,AVELLINO,Campania,15,CAMPANIA,Sud,0
064116,L739,Venticano,Venticano,VENTICANO,Avellino,AV,064,AVELLINO,Campania,15,CAMPANIA,Sud,0
064117,L965,Villamaina,Villamaina,VILLAMAINA,Avellino,AV,064,AVELLINO,Campania,15,CAMPANIA,Sud,0
064118,L973,Villanova del Battista,Villanova del Battista,VILLANOVA DEL BATTISTA,Avellino,AV,064,AVELLINO,Campania,15,CAMPANIA,Sud,0
064119,M130,Volturara Irpina,Volturara Irpina,VOLTURARA IRPINA,Avellino,AV,064,AVELLINO,Campania,15,CAMPANIA,Sud,0
064120,M203,Zungoli,Zungoli,ZUNGOLI,Avellino,AV,064,AVELLINO,Campania,15,CAMPANIA,Sud,0
062001,A110,Airola,Airola,AIROLA,Benevento,BN,062,BENEVENTO,Campania,15,CAMPANIA,Sud,0
062002,A265,Amorosi,Amorosi,AMOROSI,Benevento,BN,062,BENEVENTO,Campania,15,CAMPANIA,Sud,0
062003,A328,Apice,Apice,APICE,Benevento,BN,062,BENEVENTO,Campania,15,CAMPANIA,Sud,0
062004,A330,Apollosa,Apollosa,APOLLOSA,Benevento,BN,062,BENEVENTO,Campania,15,CAMPANIA,Sud,0
062005,A431,Arpaia,Arpaia,ARPAIA,Benevento,BN,062,BENEVENTO,Campania,15,CAMPANIA,Sud,0
062006,A432,Arpaise,Arpaise,ARPAISE,Benevento,BN,062,BENEVENTO,Campania,15,CAMPANIA,Sud,0
062007,A696,Baselice,Baselice,BASELICE,Benevento,BN,062,BENEVENTO,Campania,15,CAMPANIA,Sud,0
062008,A783,Benevento,Benevento,BENEVENTO,Benevento,BN,062,BENEVENTO,Campania,15,CAMPANIA,Sud,1
062009,A970,Bonea,Bonea,BONEA,Benevento,BN,062,BENEVENTO,Campania,15,CAMPANIA,Sud,0
062010,B239,Bucciano,Bucciano,BUCCIANO,Benevento,BN,062,BENEVENTO,Campania,15,CAMPANIA,Sud,0
062011,B267,Buonalbergo,Buonalbergo,BUONALBERGO,Benevento,BN,062,BENEVENTO,Campania,15,CAMPANIA,Sud,0
062012,B444,Calvi,Calvi,CALVI,Benevento,BN,062,BENEVENTO,Campania,15,CAMPANIA,Sud,0
062013,B541,Campolattaro,Campolattaro,CAMPOLATTARO,Benevento,BN,062,BENEVENTO,Campania,15,CAMPANIA,Sud,0
062014,B542,Campoli del Monte Taburno,Campoli del Monte Taburno,CAMPOLI DEL MONTE TABURNO,Benevento,BN,062,BENEVENTO,Campania,15,CAMPANIA,Sud,0
062015,B873,Casalduni,Casalduni,CASALDUNI,Benevento,BN,062,BENEVENTO,Campania,15,CAMPANIA,Sud,0
062016,C106,Castelfranco in Miscano,Castelfranco in Miscano,CASTELFRANCO IN MISCANO,Benevento,BN,062,BENEVENTO,Campania,15,CAMPANIA,Sud,0
062017,C245,Castelpagano,Castelpagano,CASTELPAGANO,Benevento,BN,062,BENEVENTO,Campania,15,CAMPANIA,Sud,0
062018,C250,Castelpoto,Castelpoto,CASTELPOTO,Benevento,BN,062,BENEVENTO,Campania,15,CAMPANIA,Sud,0
062019,C280,Castelvenere,Castelvenere,CASTELVENERE,Benevento,BN,062,BENEVENTO,Campania,15,CAMPANIA,Sud,0
062020,C284,Castelvetere in Val Fortore,Castelvetere in Val Fortore,CASTELVETERE IN VAL FORTORE,Benevento,BN,062,BENEVENTO,Campania,15,CAMPANIA,Sud,0
062021,C359,Cautano,Cautano,CAUTANO,Benevento,BN,062,BENEVENTO,Campania,15,CAMPANIA,Sud,0
062022,C476,Ceppaloni,Ceppaloni,CEPPALONI,Benevento,BN,062,BENEVENTO,Campania,15,CAMPANIA,Sud,0
062023,C525,Cerreto Sannita,Cerreto Sannita,CERRETO SANNITA,Benevento,BN,062,BENEVENTO,Campania,15,CAMPANIA,Sud,0
062024,C719,Circello,Circello,CIRCELLO,Benevento,BN,062,BENEVENTO,Campania,15,CAMPANIA,Sud,0
062025,C846,Colle Sannita,Colle Sannita,COLLE SANNITA,Benevento,BN,062,BENEVENTO,Campania,15,CAMPANIA,Sud,0
062026,D230,Cusano Mutri,Cusano Mutri,CUSANO MUTRI,Benevento,BN,062,BENEVENTO,Campania,15,CAMPANIA,Sud,0
062027,D380,Dugenta,Dugenta,DUGENTA,Benevento,BN,062,BENEVENTO,Campania,15,CAMPANIA,Sud,0
062028,D386,Durazzano,Durazzano,DURAZZANO,Benevento,BN,062,BENEVENTO,Campania,15,CAMPANIA,Sud,0
062029,D469,Faicchio,Faicchio,FAICCHIO,Benevento,BN,062,BENEVENTO,Campania,15,CAMPANIA,Sud,0
062030,D644,Foglianise,Foglianise,FOGLIANISE,Benevento,BN,062,BENEVENTO,Campania,15,CAMPANIA,Sud,0
062031,D650,Foiano di Val Fortore,Foiano di Val Fortore,FOIANO DI VAL FORTORE,Benevento,BN,062,BENEVENTO,Campania,15,CAMPANIA,Sud,0
062032,D693,Forchia,Forchia,FORCHIA,Benevento,BN,062,BENEVENTO,Campania,15,CAMPANIA,Sud,0
062034,D756,Fragneto Monforte,Fragneto Monforte,FRAGNETO MONFORTE,Benevento,BN,062,BENEVENTO,Campania,15,CAMPANIA,Sud,0
062033,D755,Fragneto l'Abate,Fragneto l'Abate,FRAGNETO L ABATE,Benevento,BN,062,BENEVENTO,Campania,15,CAMPANIA,Sud,0
062035,D784,Frasso Telesino,Frasso Telesino,FRASSO TELESINO,Benevento,BN,062,BENEVENTO,Campania,15,CAMPANIA,Sud,0
062036,E034,Ginestra degli Schiavoni,Ginestra degli Schiavoni,GINESTRA DEGLI SCHIAVONI,Benevento,BN,062,BENEVENTO,Campania,15,CAMPANIA,Sud,0
062037,E249,Guardia Sanframondi,Guardia Sanframondi,GUARDIA SANFRAMONDI,Benevento,BN,062,BENEVENTO,Campania,15,CAMPANIA,Sud,0
062038,E589,Limatola,Limatola,LIMATOLA,Benevento,BN,062,BENEVENTO,Campania,15,CAMPANIA,Sud,0
062039,F113,Melizzano,Melizzano,MELIZZANO,Benevento,BN,062,BENEVENTO,Campania,15,CAMPANIA,Sud,0
062040,F274,Moiano,Moiano,MOIANO,Benevento,BN,062,BENEVENTO,Campania,15,CAMPANIA,Sud,0
062041,F287,Molinara,Molinara,MOLINARA,Benevento,BN,062,BENEVENTO,Campania,15,CAMPANIA,Sud,0
062042,F494,Montefalcone di Val Fortore,Montefalcone di Val Fortore,MONTEFALCONE DI VAL FORTORE,Benevento,BN,062,BENEVENTO,Campania,15,CAMPANIA,Sud,0
062043,F636,Montesarchio,Montesarchio,MONTESARCHIO,Benevento,BN,062,BENEVENTO,Campania,15,CAMPANIA,Sud,0
062044,F717,Morcone,Morcone,MORCONE,Benevento,BN,062,BENEVENTO,Campania,15,CAMPANIA,Sud,0
062045,G227,Paduli,Paduli,PADULI,Benevento,BN,062,BENEVENTO,Campania,15,CAMPANIA,Sud,0
062046,G243,Pago Veiano,Pago Veiano,PAGO VEIANO,Benevento,BN,062,BENEVENTO,Campania,15,CAMPANIA,Sud,0
062047,G311,Pannarano,Pannarano,PANNARANO,Benevento,BN,062,BENEVENTO,Campania,15,CAMPANIA,Sud,0
062048,G318,Paolisi,Paolisi,PAOLISI,Benevento,BN,062,BENEVENTO,Campania,15,CAMPANIA,Sud,0
062049,G386,Paupisi,Paupisi,PAUPISI,Benevento,BN,062,BENEVENTO,Campania,15,CAMPANIA,Sud,0
062050,G494,Pesco Sannita,Pesco Sannita,PESCO SANNITA,Benevento,BN,062,BENEVENTO,Campania,15,CAMPANIA,Sud,0
062051,G626,Pietraroja,Pietraroja,PIETRAROJA,Benevento,BN,062,BENEVENTO,Campania,15,CAMPANIA,Sud,0
062052,G631,Pietrelcina,Pietrelcina,PIETRELCINA,Benevento,BN,062,BENEVENTO,Campania,15,CAMPANIA,Sud,0
062053,G827,Ponte,Ponte,PONTE,Benevento,BN,062,BENEVENTO,Campania,15,CAMPANIA,Sud,0
062054,G848,Pontelandolfo,Pontelandolfo,PONTELANDOLFO,Benevento,BN,062,BENEVENTO,Campania,15,CAMPANIA,Sud,0
062055,H087,Puglianello,Puglianello,PUGLIANELLO,Benevento,BN,062,BENEVENTO,Campania,15,CAMPANIA,Sud,0
062056,H227,Reino,Reino,REINO,Benevento,BN,062,BENEVENTO,Campania,15,CAMPANIA,Sud,0
062057,H764,San Bartolomeo in Galdo,San Bartolomeo in Galdo,SAN BARTOLOMEO IN GALDO,Benevento,BN,062,BENEVENTO,Campania,15,CAMPANIA,Sud,0
062059,H898,San Giorgio La Molara,San Giorgio La Molara,SAN GIORGIO LA MOLARA,Benevento,BN,062,BENEVENTO,Campania,15,CAMPANIA,Sud,0
062058,H894,San Giorgio del Sannio,San Giorgio del Sannio,SAN GIORGIO DEL SANNIO,Benevento,BN,062,BENEVENTO,Campania,15,CAMPANIA,Sud,0
062060,H953,San Leucio del Sannio,San Leucio del Sannio,SAN LEUCIO DEL SANNIO,Benevento,BN,062,BENEVENTO,Campania,15,CAMPANIA,Sud,0
062061,H955,San Lorenzello,San Lorenzello,SAN LORENZELLO,Benevento,BN,062,BENEVENTO,Campania,15,CAMPANIA,Sud,0
062062,H967,San Lorenzo Maggiore,San Lorenzo Maggiore,SAN LORENZO MAGGIORE,Benevento,BN,062,BENEVENTO,Campania,15,CAMPANIA,Sud,0
062063,H973,San Lupo,San Lupo,SAN LUPO,Benevento,BN,062,BENEVENTO,Campania,15,CAMPANIA,Sud,0
062064,H984,San Marco dei Cavoti,San Marco dei Cavoti,SAN MARCO DEI CAVOTI,Benevento,BN,062,BENEVENTO,Campania,15,CAMPANIA,Sud,0
062065,I002,San Martino Sannita,San Martino Sannita,SAN MARTINO SANNITA,Benevento,BN,062,BENEVENTO,Campania,15,CAMPANIA,Sud,0
062066,I049,San Nazzaro,San Nazzaro,SAN NAZZARO,Benevento,BN,062,BENEVENTO,Campania,15,CAMPANIA,Sud,0
062067,I062,San Nicola Manfredi,San Nicola Manfredi,SAN NICOLA MANFREDI,Benevento,BN,062,BENEVENTO,Campania,15,CAMPANIA,Sud,0
062068,I145,San Salvatore Telesino,San Salvatore Telesino,SAN SALVATORE TELESINO,Benevento,BN,062,BENEVENTO,Campania,15,CAMPANIA,Sud,0
062070,I197,Sant'Agata de' Goti,Sant'Agata de' Goti,SANT AGATA DE GOTI,Benevento,BN,062,BENEVENTO,Campania,15,CAMPANIA,Sud,0
062071,I277,Sant'Angelo a Cupolo,Sant'Angelo a Cupolo,SANT ANGELO A CUPOLO,Benevento,BN,062,BENEVENTO,Campania,15,CAMPANIA,Sud,0
062078,F557,Sant'Arcangelo Trimonte,Sant'Arcangelo Trimonte,SANT ARCANGELO TRIMONTE,Benevento,BN,062,BENEVENTO,Campania,15,CAMPANIA,Sud,0
062069,I179,Santa Croce del Sannio,Santa Croce del Sannio,SANTA CROCE DEL SANNIO,Benevento,BN,062,BENEVENTO,Campania,15,CAMPANIA,Sud,0
062072,I455,Sassinoro,Sassinoro,SASSINORO,Benevento,BN,062,BENEVENTO,Campania,15,CAMPANIA,Sud,0
062073,I809,Solopaca,Solopaca,SOLOPACA,Benevento,BN,062,BENEVENTO,Campania,15,CAMPANIA,Sud,0
062074,L086,Telese Terme,Telese Terme,TELESE TERME,Benevento,BN,062,BENEVENTO,Campania,15,CAMPANIA,Sud,0
062075,L185,Tocco Caudio,Tocco Caudio,TOCCO CAUDIO,Benevento,BN,062,BENEVENTO,Campania,15,CAMPANIA,Sud,0
062076,L254,Torrecuso,Torrecuso,TORRECUSO,Benevento,BN,062,BENEVENTO,Campania,15,CAMPANIA,Sud,0
062077,M093,Vitulano,Vitulano,VITULANO,Benevento,BN,062,BENEVENTO,Campania,15,CAMPANIA,Sud,0
061001,A106,Ailano,Ailano,AILANO,Caserta,CE,061,CASERTA,Campania,15,CAMPANIA,Sud,0
061002,A200,Alife,Alife,ALIFE,Caserta,CE,061,CASERTA,Campania,15,CAMPANIA,Sud,0
061003,A243,Alvignano,Alvignano,ALVIGNANO,Caserta,CE,061,CASERTA,Campania,15,CAMPANIA,Sud,0
061004,A403,Arienzo,Arienzo,ARIENZO,Caserta,CE,061,CASERTA,Campania,15,CAMPANIA,Sud,0
061005,A512,Aversa,Aversa,AVERSA,Caserta,CE,061,CASERTA,Campania,15,CAMPANIA,Sud,0
061006,A579,Baia e Latina,Baia e Latina,BAIA E LATINA,Caserta,CE,061,CASERTA,Campania,15,CAMPANIA,Sud,0
061007,A755,Bellona,Bellona,BELLONA,Caserta,CE,061,CASERTA,Campania,15,CAMPANIA,Sud,0
061008,B361,Caianello,Caianello,CAIANELLO,Caserta,CE,061,CASERTA,Campania,15,CAMPANIA,Sud,0
061009,B362,Caiazzo,Caiazzo,CAIAZZO,Caserta,CE,061,CASERTA,Campania,15,CAMPANIA,Sud,0
061010,B445,Calvi Risorta,Calvi Risorta,CALVI RISORTA,Caserta,CE,061,CASERTA,Campania,15,CAMPANIA,Sud,0
061011,B477,Camigliano,Camigliano,CAMIGLIANO,Caserta,CE,061,CASERTA,Campania,15,CAMPANIA,Sud,0
061012,B581,Cancello ed Arnone,Cancello ed Arnone,CANCELLO ED ARNONE,Caserta,CE,061,CASERTA,Campania,15,CAMPANIA,Sud,0
061013,B667,Capodrise,Capodrise,CAPODRISE,Caserta,CE,061,CASERTA,Campania,15,CAMPANIA,Sud,0
061014,B704,Capriati a Volturno,Capriati a Volturno,CAPRIATI A VOLTURNO,Caserta,CE,061,CASERTA,Campania,15,CAMPANIA,Sud,0
061015,B715,Capua,Capua,CAPUA,Caserta,CE,061,CASERTA,Campania,15,CAMPANIA,Sud,0
061016,B779,Carinaro,Carinaro,CARINARO,Caserta,CE,061,CASERTA,Campania,15,CAMPANIA,Sud,0
061017,B781,Carinola,Carinola,CARINOLA,Caserta,CE,061,CASERTA,Campania,15,CAMPANIA,Sud,0
061018,B860,Casagiove,Casagiove,CASAGIOVE,Caserta,CE,061,CASERTA,Campania,15,CAMPANIA,Sud,0
061019,B872,Casal di Principe,Casal di Principe,CASAL DI PRINCIPE,Caserta,CE,061,CASERTA,Campania,15,CAMPANIA,Sud,0
061020,B916,Casaluce,Casaluce,CASALUCE,Caserta,CE,061,CASERTA,Campania,15,CAMPANIA,Sud,0
061103,M260,Casapesenna,Casapesenna,CASAPESENNA,Caserta,CE,061,CASERTA,Campania,15,CAMPANIA,Sud,0
061021,B935,Casapulla,Casapulla,CASAPULLA,Caserta,CE,061,CASERTA,Campania,15,CAMPANIA,Sud,0
061022,B963,Caserta,Caserta,CASERTA,Caserta,CE,061,CASERTA,Campania,15,CAMPANIA,Sud,1
061023,B494,Castel Campagnano,Castel Campagnano,CASTEL CAMPAGNANO,Caserta,CE,061,CASERTA,Campania,15,CAMPANIA,Sud,0
061026,C211,Castel Morrone,Castel Morrone,CASTEL MORRONE,Caserta,CE,061,CASERTA,Campania,15,CAMPANIA,Sud,0
061027,C291,Castel Volturno,Castel Volturno,CASTEL VOLTURNO,Caserta,CE,061,CASERTA,Campania,15,CAMPANIA,Sud,0
061024,C097,Castel di Sasso,Castel di Sasso,CASTEL DI SASSO,Caserta,CE,061,CASERTA,Campania,15,CAMPANIA,Sud,0
061025,C178,Castello del Matese,Castello del Matese,CASTELLO DEL MATESE,Caserta,CE,061,CASERTA,Campania,15,CAMPANIA,Sud,0
061102,M262,Cellole,Cellole,CELLOLE,Caserta,CE,061,CASERTA,Campania,15,CAMPANIA,Sud,0
061028,C558,Cervino,Cervino,CERVINO,Caserta,CE,061,CASERTA,Campania,15,CAMPANIA,Sud,0
061029,C561,Cesa,Cesa,CESA,Caserta,CE,061,CASERTA,Campania,15,CAMPANIA,Sud,0
061030,C716,Ciorlano,Ciorlano,CIORLANO,Caserta,CE,061,CASERTA,Campania,15,CAMPANIA,Sud,0
061031,C939,Conca della Campania,Conca della Campania,CONCA DELLA CAMPANIA,Caserta,CE,061,CASERTA,Campania,15,CAMPANIA,Sud,0
061032,D228,Curti,Curti,CURTI,Caserta,CE,061,CASERTA,Campania,15,CAMPANIA,Sud,0
061033,D361,Dragoni,Dragoni,DRAGONI,Caserta,CE,061,CASERTA,Campania,15,CAMPANIA,Sud,0
061101,D471,Falciano del Massico,Falciano del Massico,FALCIANO DEL MASSICO,Caserta,CE,061,CASERTA,Campania,15,CAMPANIA,Sud,0
061034,D683,Fontegreca,Fontegreca,FONTEGRECA,Caserta,CE,061,CASERTA,Campania,15,CAMPANIA,Sud,0
061035,D709,Formicola,Formicola,FORMICOLA,Caserta,CE,061,CASERTA,Campania,15,CAMPANIA,Sud,0
061036,D769,Francolise,Francolise,FRANCOLISE,Caserta,CE,061,CASERTA,Campania,15,CAMPANIA,Sud,0
061037,D799,Frignano,Frignano,FRIGNANO,Caserta,CE,061,CASERTA,Campania,15,CAMPANIA,Sud,0
061038,D884,Gallo Matese,Gallo Matese,GALLO MATESE,Caserta,CE,061,CASERTA,Campania,15,CAMPANIA,Sud,0
061039,D886,Galluccio,Galluccio,GALLUCCIO,Caserta,CE,061,CASERTA,Campania,15,CAMPANIA,Sud,0
061040,E011,Giano Vetusto,Giano Vetusto,GIANO VETUSTO,Caserta,CE,061,CASERTA,Campania,15,CAMPANIA,Sud,0
061041,E039,Gioia Sannitica,Gioia Sannitica,GIOIA SANNITICA,Caserta,CE,061,CASERTA,Campania,15,CAMPANIA,Sud,0
061042,E158,Grazzanise,Grazzanise,GRAZZANISE,Caserta,CE,061,CASERTA,Campania,15,CAMPANIA,Sud,0
061043,E173,Gricignano di Aversa,Gricignano di Aversa,GRICIGNANO DI AVERSA,Caserta,CE,061,CASERTA,Campania,15,CAMPANIA,Sud,0
061044,E554,Letino,Letino,LETINO,Caserta,CE,061,CASERTA,Campania,15,CAMPANIA,Sud,0
061045,E570,Liberi,Liberi,LIBERI,Caserta,CE,061,CASERTA,Campania,15,CAMPANIA,Sud,0
061046,E754,Lusciano,Lusciano,LUSCIANO,Caserta,CE,061,CASERTA,Campania,15,CAMPANIA,Sud,0
061047,E784,Macerata Campania,Macerata Campania,MACERATA CAMPANIA,Caserta,CE,061,CASERTA,Campania,15,CAMPANIA,Sud,0
061048,E791,Maddaloni,Maddaloni,MADDALONI,Caserta,CE,061,CASERTA,Campania,15,CAMPANIA,Sud,0
061049,E932,Marcianise,Marcianise,MARCIANISE,Caserta,CE,061,CASERTA,Campania,15,CAMPANIA,Sud,0
061050,E998,Marzano Appio,Marzano Appio,MARZANO APPIO,Caserta,CE,061,CASERTA,Campania,15,CAMPANIA,Sud,0
061051,F203,Mignano Monte Lungo,Mignano Monte Lungo,MIGNANO MONTE LUNGO,Caserta,CE,061,CASERTA,Campania,15,CAMPANIA,Sud,0
061052,F352,Mondragone,Mondragone,MONDRAGONE,Caserta,CE,061,CASERTA,Campania,15,CAMPANIA,Sud,0
061053,G130,Orta di Atella,Orta di Atella,ORTA DI ATELLA,Caserta,CE,061,CASERTA,Campania,15,CAMPANIA,Sud,0
061054,G333,Parete,Parete,PARETE,Caserta,CE,061,CASERTA,Campania,15,CAMPANIA,Sud,0
061055,G364,Pastorano,Pastorano,PASTORANO,Caserta,CE,061,CASERTA,Campania,15,CAMPANIA,Sud,0
061056,G541,Piana di Monte Verna,Piana di Monte Verna,PIANA DI MONTE VERNA,Caserta,CE,061,CASERTA,Campania,15,CAMPANIA,Sud,0
061057,G596,Piedimonte Matese,Piedimonte Matese,PIEDIMONTE MATESE,Caserta,CE,061,CASERTA,Campania,15,CAMPANIA,Sud,0
061058,G620,Pietramelara,Pietramelara,PIETRAMELARA,Caserta,CE,061,CASERTA,Campania,15,CAMPANIA,Sud,0
061059,G630,Pietravairano,Pietravairano,PIETRAVAIRANO,Caserta,CE,061,CASERTA,Campania,15,CAMPANIA,Sud,0
061060,G661,Pignataro Maggiore,Pignataro Maggiore,PIGNATARO MAGGIORE,Caserta,CE,061,CASERTA,Campania,15,CAMPANIA,Sud,0
061061,G849,Pontelatone,Pontelatone,PONTELATONE,Caserta,CE,061,CASERTA,Campania,15,CAMPANIA,Sud,0
061062,G903,Portico di Caserta,Portico di Caserta,PORTICO DI CASERTA,Caserta,CE,061,CASERTA,Campania,15,CAMPANIA,Sud,0
061063,G991,Prata Sannita,Prata Sannita,PRATA SANNITA,Caserta,CE,061,CASERTA,Campania,15,CAMPANIA,Sud,0
061064,G995,Pratella,Pratella,PRATELLA,Caserta,CE,061,CASERTA,Campania,15,CAMPANIA,Sud,0
061065,H045,Presenzano,Presenzano,PRESENZANO,Caserta,CE,061,CASERTA,Campania,15,CAMPANIA,Sud,0
061066,H202,Raviscanina,Raviscanina,RAVISCANINA,Caserta,CE,061,CASERTA,Campania,15,CAMPANIA,Sud,0
061067,H210,Recale,Recale,RECALE,Caserta,CE,061,CASERTA,Campania,15,CAMPANIA,Sud,0
061068,H268,Riardo,Riardo,RIARDO,Caserta,CE,061,CASERTA,Campania,15,CAMPANIA,Sud,0
061069,H398,Rocca d'Evandro,Rocca d'Evandro,ROCCA D EVANDRO,Caserta,CE,061,CASERTA,Campania,15,CAMPANIA,Sud,0
061070,H423,Roccamonfina,Roccamonfina,ROCCAMONFINA,Caserta,CE,061,CASERTA,Campania,15,CAMPANIA,Sud,0
061071,H436,Roccaromana,Roccaromana,ROCCAROMANA,Caserta,CE,061,CASERTA,Campania,15,CAMPANIA,Sud,0
061072,H459,Rocchetta e Croce,Rocchetta e Croce,ROCCHETTA E CROCE,Caserta,CE,061,CASERTA,Campania,15,CAMPANIA,Sud,0
061073,H165,Ruviano,Ruviano,RUVIANO,Caserta,CE,061,CASERTA,Campania,15,CAMPANIA,Sud,0
061074,H798,San Cipriano d'Aversa,San Cipriano d'Aversa,SAN CIPRIANO D AVERSA,Caserta,CE,061,CASERTA,Campania,15,CAMPANIA,Sud,0
061075,H834,San Felice a Cancello,San Felice a Cancello,SAN FELICE A CANCELLO,Caserta,CE,061,CASERTA,Campania,15,CAMPANIA,Sud,0
061076,H939,San Gregorio Matese,San Gregorio Matese,SAN GREGORIO MATESE,Caserta,CE,061,CASERTA,Campania,15,CAMPANIA,Sud,0
061077,H978,San Marcellino,San Marcellino,SAN MARCELLINO,Caserta,CE,061,CASERTA,Campania,15,CAMPANIA,Sud,0
061104,F043,San Marco Evangelista,San Marco Evangelista,SAN MARCO EVANGELISTA,Caserta,CE,061,CASERTA,Campania,15,CAMPANIA,Sud,0
061078,I056,San Nicola la Strada,San Nicola la Strada,SAN NICOLA LA STRADA,Caserta,CE,061,CASERTA,Campania,15,CAMPANIA,Sud,0
061079,I113,San Pietro Infine,San Pietro Infine,SAN PIETRO INFINE,Caserta,CE,061,CASERTA,Campania,15,CAMPANIA,Sud,0
061080,I130,San Potito Sannitico,San Potito Sannitico,SAN POTITO SANNITICO,Caserta,CE,061,CASERTA,Campania,15,CAMPANIA,Sud,0
061081,I131,San Prisco,San Prisco,SAN PRISCO,Caserta,CE,061,CASERTA,Campania,15,CAMPANIA,Sud,0
061085,I261,San Tammaro,San Tammaro,SAN TAMMARO,Caserta,CE,061,CASERTA,Campania,15,CAMPANIA,Sud,0
061086,I273,Sant'Angelo d'Alife,Sant'Angelo d'Alife,SANT ANGELO D ALIFE,Caserta,CE,061,CASERTA,Campania,15,CAMPANIA,Sud,0
061087,I306,Sant'Arpino,Sant'Arpino,SANT ARPINO,Caserta,CE,061,CASERTA,Campania,15,CAMPANIA,Sud,0
061083,I234,Santa Maria Capua Vetere,Santa Maria Capua Vetere,SANTA MARIA CAPUA VETERE,Caserta,CE,061,CASERTA,Campania,15,CAMPANIA,Sud,0
061082,I233,Santa Maria a Vico,Santa Maria a Vico,SANTA MARIA A VICO,Caserta,CE,061,CASERTA,Campania,15,CAMPANIA,Sud,0
061084,I247,Santa Maria la Fossa,Santa Maria la Fossa,SANTA MARIA LA FOSSA,Caserta,CE,061,CASERTA,Campania,15,CAMPANIA,Sud,0
061088,I676,Sessa Aurunca,Sessa Aurunca,SESSA AURUNCA,Caserta,CE,061,CASERTA,Campania,15,CAMPANIA,Sud,0
061089,I885,Sparanise,Sparanise,SPARANISE,Caserta,CE,061,CASERTA,Campania,15,CAMPANIA,Sud,0
061090,I993,Succivo,Succivo,SUCCIVO,Caserta,CE,061,CASERTA,Campania,15,CAMPANIA,Sud,0
061091,L083,Teano,Teano,TEANO,Caserta,CE,061,CASERTA,Campania,15,CAMPANIA,Sud,0
061092,L155,Teverola,Teverola,TEVEROLA,Caserta,CE,061,CASERTA,Campania,15,CAMPANIA,Sud,0
061093,L205,Tora e Piccilli,Tora e Piccilli,TORA E PICCILLI,Caserta,CE,061,CASERTA,Campania,15,CAMPANIA,Sud,0
061094,L379,Trentola Ducenta,Trentola Ducenta,TRENTOLA DUCENTA,Caserta,CE,061,CASERTA,Campania,15,CAMPANIA,Sud,0
061095,L540,Vairano Patenora,Vairano Patenora,VAIRANO PATENORA,Caserta,CE,061,CASERTA,Campania,15,CAMPANIA,Sud,0
061096,L594,Valle Agricola,Valle Agricola,VALLE AGRICOLA,Caserta,CE,061,CASERTA,Campania,15,CAMPANIA,Sud,0
061097,L591,Valle di Maddaloni,Valle di Maddaloni,VALLE DI MADDALONI,Caserta,CE,061,CASERTA,Campania,15,CAMPANIA,Sud,0
061099,L844,Villa Literno,Villa Literno,VILLA LITERNO,Caserta,CE,061,CASERTA,Campania,15,CAMPANIA,Sud,0
061098,D801,Villa di Briano,Villa di Briano,VILLA DI BRIANO,Caserta,CE,061,CASERTA,Campania,15,CAMPANIA,Sud,0
061100,M092,Vitulazio,Vitulazio,VITULAZIO,Caserta,CE,061,CASERTA,Campania,15,CAMPANIA,Sud,0
063001,A024,Acerra,Acerra,ACERRA,Napoli,,263,NAPOLI,Campania,15,CAMPANIA,Sud,0
063002,A064,Afragola,Afragola,AFRAGOLA,Napoli,,263,NAPOLI,Campania,15,CAMPANIA,Sud,0
063003,A068,Agerola,Agerola,AGEROLA,Napoli,,263,NAPOLI,Campania,15,CAMPANIA,Sud,0
063004,A268,Anacapri,Anacapri,ANACAPRI,Napoli,,263,NAPOLI,Campania,15,CAMPANIA,Sud,0
063005,A455,Arzano,Arzano,ARZANO,Napoli,,263,NAPOLI,Campania,15,CAMPANIA,Sud,0
063006,A535,Bacoli,Bacoli,BACOLI,Napoli,,263,NAPOLI,Campania,15,CAMPANIA,Sud,0
063007,A617,Barano d'Ischia,Barano d'Ischia,BARANO D ISCHIA,Napoli,,263,NAPOLI,Campania,15,CAMPANIA,Sud,0
063008,B076,Boscoreale,Boscoreale,BOSCOREALE,Napoli,,263,NAPOLI,Campania,15,CAMPANIA,Sud,0
063009,B077,Boscotrecase,Boscotrecase,BOSCOTRECASE,Napoli,,263,NAPOLI,Campania,15,CAMPANIA,Sud,0
063010,B227,Brusciano,Brusciano,BRUSCIANO,Napoli,,263,NAPOLI,Campania,15,CAMPANIA,Sud,0
063011,B371,Caivano,Caivano,CAIVANO,Napoli,,263,NAPOLI,Campania,15,CAMPANIA,Sud,0
063012,B452,Calvizzano,Calvizzano,CALVIZZANO,Napoli,,263,NAPOLI,Campania,15,CAMPANIA,Sud,0
063013,B565,Camposano,Camposano,CAMPOSANO,Napoli,,263,NAPOLI,Campania,15,CAMPANIA,Sud,0
063014,B696,Capri,Capri,CAPRI,Napoli,,263,NAPOLI,Campania,15,CAMPANIA,Sud,0
063015,B740,Carbonara di Nola,Carbonara di Nola,CARBONARA DI NOLA,Napoli,,263,NAPOLI,Campania,15,CAMPANIA,Sud,0
063016,B759,Cardito,Cardito,CARDITO,Napoli,,263,NAPOLI,Campania,15,CAMPANIA,Sud,0
063017,B905,Casalnuovo di Napoli,Casalnuovo di Napoli,CASALNUOVO DI NAPOLI,Napoli,,263,NAPOLI,Campania,15,CAMPANIA,Sud,0
063018,B922,Casamarciano,Casamarciano,CASAMARCIANO,Napoli,,263,NAPOLI,Campania,15,CAMPANIA,Sud,0
063019,B924,Casamicciola Terme,Casamicciola Terme,CASAMICCIOLA TERME,Napoli,,263,NAPOLI,Campania,15,CAMPANIA,Sud,0
063020,B925,Casandrino,Casandrino,CASANDRINO,Napoli,,263,NAPOLI,Campania,15,CAMPANIA,Sud,0
063021,B946,Casavatore,Casavatore,CASAVATORE,Napoli,,263,NAPOLI,Campania,15,CAMPANIA,Sud,0
063022,B980,Casola di Napoli,Casola di Napoli,CASOLA DI NAPOLI,Napoli,,263,NAPOLI,Campania,15,CAMPANIA,Sud,0
063023,B990,Casoria,Casoria,CASORIA,Napoli,,263,NAPOLI,Campania,15,CAMPANIA,Sud,0
063024,C129,Castellammare di Stabia,Castellammare di Stabia,CASTELLAMMARE DI STABIA,Napoli,,263,NAPOLI,Campania,15,CAMPANIA,Sud,0
063025,C188,Castello di Cisterna,Castello di Cisterna,CASTELLO DI CISTERNA,Napoli,,263,NAPOLI,Campania,15,CAMPANIA,Sud,0
063026,C495,Cercola,Cercola,CERCOLA,Napoli,,263,NAPOLI,Campania,15,CAMPANIA,Sud,0
063027,C675,Cicciano,Cicciano,CICCIANO,Napoli,,263,NAPOLI,Campania,15,CAMPANIA,Sud,0
063028,C697,Cimitile,Cimitile,CIMITILE,Napoli,,263,NAPOLI,Campania,15,CAMPANIA,Sud,0
063029,C929,Comiziano,Comiziano,COMIZIANO,Napoli,,263,NAPOLI,Campania,15,CAMPANIA,Sud,0
063030,D170,Crispano,Crispano,CRISPANO,Napoli,,263,NAPOLI,Campania,15,CAMPANIA,Sud,0
063064,H243,Ercolano,Ercolano,ERCOLANO,Napoli,,263,NAPOLI,Campania,15,CAMPANIA,Sud,0
063031,D702,Forio,Forio,FORIO,Napoli,,263,NAPOLI,Campania,15,CAMPANIA,Sud,0
063032,D789,Frattamaggiore,Frattamaggiore,FRATTAMAGGIORE,Napoli,,263,NAPOLI,Campania,15,CAMPANIA,Sud,0
063033,D790,Frattaminore,Frattaminore,FRATTAMINORE,Napoli,,263,NAPOLI,Campania,15,CAMPANIA,Sud,0
063034,E054,Giugliano in Campania,Giugliano in Campania,GIUGLIANO IN CAMPANIA,Napoli,,263,NAPOLI,Campania,15,CAMPANIA,Sud,0
063035,E131,Gragnano,Gragnano,GRAGNANO,Napoli,,263,NAPOLI,Campania,15,CAMPANIA,Sud,0
063036,E224,Grumo Nevano,Grumo Nevano,GRUMO NEVANO,Napoli,,263,NAPOLI,Campania,15,CAMPANIA,Sud,0
063037,E329,Ischia,Ischia,ISCHIA,Napoli,,263,NAPOLI,Campania,15,CAMPANIA,Sud,0
063038,E396,Lacco Ameno,Lacco Ameno,LACCO AMENO,Napoli,,263,NAPOLI,Campania,15,CAMPANIA,Sud,0
063039,E557,Lettere,Lettere,LETTERE,Napoli,,263,NAPOLI,Campania,15,CAMPANIA,Sud,0
063040,E620,Liveri,Liveri,LIVERI,Napoli,,263,NAPOLI,Campania,15,CAMPANIA,Sud,0
063041,E906,Marano di Napoli,Marano di Napoli,MARANO DI NAPOLI,Napoli,,263,NAPOLI,Campania,15,CAMPANIA,Sud,0
063042,E954,Mariglianella,Mariglianella,MARIGLIANELLA,Napoli,,263,NAPOLI,Campania,15,CAMPANIA,Sud,0
063043,E955,Marigliano,Marigliano,MARIGLIANO,Napoli,,263,NAPOLI,Campania,15,CAMPANIA,Sud,0
063044,F030,Massa Lubrense,Massa Lubrense,MASSA LUBRENSE,Napoli,,263,NAPOLI,Campania,15,CAMPANIA,Sud,0
063092,M289,Massa di Somma,Massa di Somma,MASSA DI SOMMA,Napoli,,263,NAPOLI,Campania,15,CAMPANIA,Sud,0
063045,F111,Melito di Napoli,Melito di Napoli,MELITO DI NAPOLI,Napoli,,263,NAPOLI,Campania,15,CAMPANIA,Sud,0
063046,F162,Meta,Meta,META,Napoli,,263,NAPOLI,Campania,15,CAMPANIA,Sud,0
063047,F488,Monte di Procida,Monte di Procida,MONTE DI PROCIDA,Napoli,,263,NAPOLI,Campania,15,CAMPANIA,Sud,0
063048,F799,Mugnano di Napoli,Mugnano di Napoli,MUGNANO DI NAPOLI,Napoli,,263,NAPOLI,Campania,15,CAMPANIA,Sud,0
063049,F839,Napoli,Napoli,NAPOLI,Napoli,,263,NAPOLI,Campania,15,CAMPANIA,Sud,1
063050,F924,Nola,Nola,NOLA,Napoli,,263,NAPOLI,Campania,15,CAMPANIA,Sud,0
063051,G190,Ottaviano,Ottaviano,OTTAVIANO,Napoli,,263,NAPOLI,Campania,15,CAMPANIA,Sud,0
063052,G283,Palma Campania,Palma Campania,PALMA CAMPANIA,Napoli,,263,NAPOLI,Campania,15,CAMPANIA,Sud,0
063053,G568,Piano di Sorrento,Piano di Sorrento,PIANO DI SORRENTO,Napoli,,263,NAPOLI,Campania,15,CAMPANIA,Sud,0
063054,G670,Pimonte,Pimonte,PIMONTE,Napoli,,263,NAPOLI,Campania,15,CAMPANIA,Sud,0
063055,G762,Poggiomarino,Poggiomarino,POGGIOMARINO,Napoli,,263,NAPOLI,Campania,15,CAMPANIA,Sud,0
063056,G795,Pollena Trocchia,Pollena Trocchia,POLLENA TROCCHIA,Napoli,,263,NAPOLI,Campania,15,CAMPANIA,Sud,0
063057,G812,Pomigliano d'Arco,Pomigliano d'Arco,POMIGLIANO D ARCO,Napoli,,263,NAPOLI,Campania,15,CAMPANIA,Sud,0
063058,G813,Pompei,Pompei,POMPEI,Napoli,,263,NAPOLI,Campania,15,CAMPANIA,Sud,0
063059,G902,Portici,Portici,PORTICI,Napoli,,263,NAPOLI,Campania,15,CAMPANIA,Sud,0
063060,G964,Pozzuoli,Pozzuoli,POZZUOLI,Napoli,,263,NAPOLI,Campania,15,CAMPANIA,Sud,0
063061,H072,Procida,Procida,PROCIDA,Napoli,,263,NAPOLI,Campania,15,CAMPANIA,Sud,0
063062,H101,Qualiano,Qualiano,QUALIANO,Napoli,,263,NAPOLI,Campania,15,CAMPANIA,Sud,0
063063,H114,Quarto,Quarto,QUARTO,Napoli,,263,NAPOLI,Campania,15,CAMPANIA,Sud,0
063065,H433,Roccarainola,Roccarainola,ROCCARAINOLA,Napoli,,263,NAPOLI,Campania,15,CAMPANIA,Sud,0
063066,H860,San Gennaro Vesuviano,San Gennaro Vesuviano,SAN GENNARO VESUVIANO,Napoli,,263,NAPOLI,Campania,15,CAMPANIA,Sud,0
063067,H892,San Giorgio a Cremano,San Giorgio a Cremano,SAN GIORGIO A CREMANO,Napoli,,263,NAPOLI,Campania,15,CAMPANIA,Sud,0
063068,H931,San Giuseppe Vesuviano,San Giuseppe Vesuviano,SAN GIUSEPPE VESUVIANO,Napoli,,263,NAPOLI,Campania,15,CAMPANIA,Sud,0
063069,I073,San Paolo Bel Sito,San Paolo Bel Sito,SAN PAOLO BEL SITO,Napoli,,263,NAPOLI,Campania,15,CAMPANIA,Sud,0
063070,I151,San Sebastiano al Vesuvio,San Sebastiano al Vesuvio,SAN SEBASTIANO AL VESUVIO,Napoli,,263,NAPOLI,Campania,15,CAMPANIA,Sud,0
063075,I391,San Vitaliano,San Vitaliano,SAN VITALIANO,Napoli,,263,NAPOLI,Campania,15,CAMPANIA,Sud,0
063071,I208,Sant'Agnello,Sant'Agnello,SANT AGNELLO,Napoli,,263,NAPOLI,Campania,15,CAMPANIA,Sud,0
063072,I262,Sant'Anastasia,Sant'Anastasia,SANT ANASTASIA,Napoli,,263,NAPOLI,Campania,15,CAMPANIA,Sud,0
063073,I293,Sant'Antimo,Sant'Antimo,SANT ANTIMO,Napoli,,263,NAPOLI,Campania,15,CAMPANIA,Sud,0
063074,I300,Sant'Antonio Abate,Sant'Antonio Abate,SANT ANTONIO ABATE,Napoli,,263,NAPOLI,Campania,15,CAMPANIA,Sud,0
063090,M273,Santa Maria la Carità,Santa Maria la Carità,SANTA MARIA LA CARITA,Napoli,,263,NAPOLI,Campania,15,CAMPANIA,Sud,0
063076,I469,Saviano,Saviano,SAVIANO,Napoli,,263,NAPOLI,Campania,15,CAMPANIA,Sud,0
063077,I540,Scisciano,Scisciano,SCISCIANO,Napoli,,263,NAPOLI,Campania,15,CAMPANIA,Sud,0
063078,I652,Serrara Fontana,Serrara Fontana,SERRARA FONTANA,Napoli,,263,NAPOLI,Campania,15,CAMPANIA,Sud,0
063079,I820,Somma Vesuviana,Somma Vesuviana,SOMMA VESUVIANA,Napoli,,263,NAPOLI,Campania,15,CAMPANIA,Sud,0
063080,I862,Sorrento,Sorrento,SORRENTO,Napoli,,263,NAPOLI,Campania,15,CAMPANIA,Sud,0
063081,I978,Striano,Striano,STRIANO,Napoli,,263,NAPOLI,Campania,15,CAMPANIA,Sud,0
063082,L142,Terzigno,Terzigno,TERZIGNO,Napoli,,263,NAPOLI,Campania,15,CAMPANIA,Sud,0
063083,L245,Torre Annunziata,Torre Annunziata,TORRE ANNUNZIATA,Napoli,,263,NAPOLI,Campania,15,CAMPANIA,Sud,0
063084,L259,Torre del Greco,Torre del Greco,TORRE DEL GRECO,Napoli,,263,NAPOLI,Campania,15,CAMPANIA,Sud,0
063091,M280,Trecase,Trecase,TRECASE,Napoli,,263,NAPOLI,Campania,15,CAMPANIA,Sud,0
063085,L460,Tufino,Tufino,TUFINO,Napoli,,263,NAPOLI,Campania,15,CAMPANIA,Sud,0
063086,L845,Vico Equense,Vico Equense,VICO EQUENSE,Napoli,,263,NAPOLI,Campania,15,CAMPANIA,Sud,0
063087,G309,Villaricca,Villaricca,VILLARICCA,Napoli,,263,NAPOLI,Campania,15,CAMPANIA,Sud,0
063088,M072,Visciano,Visciano,VISCIANO,Napoli,,263,NAPOLI,Campania,15,CAMPANIA,Sud,0
063089,M115,Volla,Volla,VOLLA,Napoli,,263,NAPOLI,Campania,15,CAMPANIA,Sud,0
065001,A023,Acerno,Acerno,ACERNO,Salerno,SA,065,SALERNO,Campania,15,CAMPANIA,Sud,0
065002,A091,Agropoli,Agropoli,AGROPOLI,Salerno,SA,065,SALERNO,Campania,15,CAMPANIA,Sud,0
065003,A128,Albanella,Albanella,ALBANELLA,Salerno,SA,065,SALERNO,Campania,15,CAMPANIA,Sud,0
065004,A186,Alfano,Alfano,ALFANO,Salerno,SA,065,SALERNO,Campania,15,CAMPANIA,Sud,0
065005,A230,Altavilla Silentina,Altavilla Silentina,ALTAVILLA SILENTINA,Salerno,SA,065,SALERNO,Campania,15,CAMPANIA,Sud,0
065006,A251,Amalfi,Amalfi,AMALFI,Salerno,SA,065,SALERNO,Campania,15,CAMPANIA,Sud,0
065007,A294,Angri,Angri,ANGRI,Salerno,SA,065,SALERNO,Campania,15,CAMPANIA,Sud,0
065008,A343,Aquara,Aquara,AQUARA,Salerno,SA,065,SALERNO,Campania,15,CAMPANIA,Sud,0
065009,A460,Ascea,Ascea,ASCEA,Salerno,SA,065,SALERNO,Campania,15,CAMPANIA,Sud,0
065010,A484,Atena Lucana,Atena Lucana,ATENA LUCANA,Salerno,SA,065,SALERNO,Campania,15,CAMPANIA,Sud,0
065011,A487,Atrani,Atrani,ATRANI,Salerno,SA,065,SALERNO,Campania,15,CAMPANIA,Sud,0
065012,A495,Auletta,Auletta,AULETTA,Salerno,SA,065,SALERNO,Campania,15,CAMPANIA,Sud,0
065013,A674,Baronissi,Baronissi,BARONISSI,Salerno,SA,065,SALERNO,Campania,15,CAMPANIA,Sud,0
065014,A717,Battipaglia,Battipaglia,BATTIPAGLIA,Salerno,SA,065,SALERNO,Campania,15,CAMPANIA,Sud,0
065158,M294,Bellizzi,Bellizzi,BELLIZZI,Salerno,SA,065,SALERNO,Campania,15,CAMPANIA,Sud,0
065015,A756,Bellosguardo,Bellosguardo,BELLOSGUARDO,Salerno,SA,065,SALERNO,Campania,15,CAMPANIA,Sud,0
065016,B115,Bracigliano,Bracigliano,BRACIGLIANO,Salerno,SA,065,SALERNO,Campania,15,CAMPANIA,Sud,0
065017,B242,Buccino,Buccino,BUCCINO,Salerno,SA,065,SALERNO,Campania,15,CAMPANIA,Sud,0
065018,B266,Buonabitacolo,Buonabitacolo,BUONABITACOLO,Salerno,SA,065,SALERNO,Campania,15,CAMPANIA,Sud,0
065019,B351,Caggiano,Caggiano,CAGGIANO,Salerno,SA,065,SALERNO,Campania,15,CAMPANIA,Sud,0
065020,B437,Calvanico,Calvanico,CALVANICO,Salerno,SA,065,SALERNO,Campania,15,CAMPANIA,Sud,0
065021,B476,Camerota,Camerota,CAMEROTA,Salerno,SA,065,SALERNO,Campania,15,CAMPANIA,Sud,0
065022,B492,Campagna,Campagna,CAMPAGNA,Salerno,SA,065,SALERNO,Campania,15,CAMPANIA,Sud,0
065023,B555,Campora,Campora,CAMPORA,Salerno,SA,065,SALERNO,Campania,15,CAMPANIA,Sud,0
065024,B608,Cannalonga,Cannalonga,CANNALONGA,Salerno,SA,065,SALERNO,Campania,15,CAMPANIA,Sud,0
065025,B644,Capaccio Paestum,Capaccio Paestum,CAPACCIO PAESTUM,Salerno,SA,065,SALERNO,Campania,15,CAMPANIA,Sud,0
065028,B895,Casal Velino,Casal Velino,CASAL VELINO,Salerno,SA,065,SALERNO,Campania,15,CAMPANIA,Sud,0
065026,B868,Casalbuono,Casalbuono,CASALBUONO,Salerno,SA,065,SALERNO,Campania,15,CAMPANIA,Sud,0
065027,B888,Casaletto Spartano,Casaletto Spartano,CASALETTO SPARTANO,Salerno,SA,065,SALERNO,Campania,15,CAMPANIA,Sud,0
065029,B959,Caselle in Pittari,Caselle in Pittari,CASELLE IN PITTARI,Salerno,SA,065,SALERNO,Campania,15,CAMPANIA,Sud,0
065034,C259,Castel San Giorgio,Castel San Giorgio,CASTEL SAN GIORGIO,Salerno,SA,065,SALERNO,Campania,15,CAMPANIA,Sud,0
065035,C262,Castel San Lorenzo,Castel San Lorenzo,CASTEL SAN LORENZO,Salerno,SA,065,SALERNO,Campania,15,CAMPANIA,Sud,0
065030,C069,Castelcivita,Castelcivita,CASTELCIVITA,Salerno,SA,065,SALERNO,Campania,15,CAMPANIA,Sud,0
065031,C125,Castellabate,Castellabate,CASTELLABATE,Salerno,SA,065,SALERNO,Campania,15,CAMPANIA,Sud,0
065032,C231,Castelnuovo Cilento,Castelnuovo Cilento,CASTELNUOVO CILENTO,Salerno,SA,065,SALERNO,Campania,15,CAMPANIA,Sud,0
065033,C235,Castelnuovo di Conza,Castelnuovo di Conza,CASTELNUOVO DI CONZA,Salerno,SA,065,SALERNO,Campania,15,CAMPANIA,Sud,0
065036,C306,Castiglione del Genovesi,Castiglione del Genovesi,CASTIGLIONE DEL GENOVESI,Salerno,SA,065,SALERNO,Campania,15,CAMPANIA,Sud,0
065037,C361,Cava de' Tirreni,Cava de' Tirreni,CAVA DE TIRRENI,Salerno,SA,065,SALERNO,Campania,15,CAMPANIA,Sud,0
065038,C444,Celle di Bulgheria,Celle di Bulgheria,CELLE DI BULGHERIA,Salerno,SA,065,SALERNO,Campania,15,CAMPANIA,Sud,0
065039,C470,Centola,Centola,CENTOLA,Salerno,SA,065,SALERNO,Campania,15,CAMPANIA,Sud,0
065040,C485,Ceraso,Ceraso,CERASO,Salerno,SA,065,SALERNO,Campania,15,CAMPANIA,Sud,0
065041,C584,Cetara,Cetara,CETARA,Salerno,SA,065,SALERNO,Campania,15,CAMPANIA,Sud,0
065042,C676,Cicerale,Cicerale,CICERALE,Salerno,SA,065,SALERNO,Campania,15,CAMPANIA,Sud,0
065043,C879,Colliano,Colliano,COLLIANO,Salerno,SA,065,SALERNO,Campania,15,CAMPANIA,Sud,0
065044,C940,Conca dei Marini,Conca dei Marini,CONCA DEI MARINI,Salerno,SA,065,SALERNO,Campania,15,CAMPANIA,Sud,0
065045,C973,Controne,Controne,CONTRONE,Salerno,SA,065,SALERNO,Campania,15,CAMPANIA,Sud,0
065046,C974,Contursi Terme,Contursi Terme,CONTURSI TERME,Salerno,SA,065,SALERNO,Campania,15,CAMPANIA,Sud,0
065047,C984,Corbara,Corbara,CORBARA,Salerno,SA,065,SALERNO,Campania,15,CAMPANIA,Sud,0
065048,D011,Corleto Monforte,Corleto Monforte,CORLETO MONFORTE,Salerno,SA,065,SALERNO,Campania,15,CAMPANIA,Sud,0
065049,D195,Cuccaro Vetere,Cuccaro Vetere,CUCCARO VETERE,Salerno,SA,065,SALERNO,Campania,15,CAMPANIA,Sud,0
065050,D390,Eboli,Eboli,EBOLI,Salerno,SA,065,SALERNO,Campania,15,CAMPANIA,Sud,0
065051,D527,Felitto,Felitto,FELITTO,Salerno,SA,065,SALERNO,Campania,15,CAMPANIA,Sud,0
065052,D615,Fisciano,Fisciano,FISCIANO,Salerno,SA,065,SALERNO,Campania,15,CAMPANIA,Sud,0
065053,D826,Furore,Furore,FURORE,Salerno,SA,065,SALERNO,Campania,15,CAMPANIA,Sud,0
065054,D832,Futani,Futani,FUTANI,Salerno,SA,065,SALERNO,Campania,15,CAMPANIA,Sud,0
065055,E026,Giffoni Sei Casali,Giffoni Sei Casali,GIFFONI SEI CASALI,Salerno,SA,065,SALERNO,Campania,15,CAMPANIA,Sud,0
065056,E027,Giffoni Valle Piana,Giffoni Valle Piana,GIFFONI VALLE PIANA,Salerno,SA,065,SALERNO,Campania,15,CAMPANIA,Sud,0
065057,E037,Gioi,Gioi,GIOI,Salerno,SA,065,SALERNO,Campania,15,CAMPANIA,Sud,0
065058,E060,Giungano,Giungano,GIUNGANO,Salerno,SA,065,SALERNO,Campania,15,CAMPANIA,Sud,0
065059,E365,Ispani,Ispani,ISPANI,Salerno,SA,065,SALERNO,Campania,15,CAMPANIA,Sud,0
065060,E480,Laureana Cilento,Laureana Cilento,LAUREANA CILENTO,Salerno,SA,065,SALERNO,Campania,15,CAMPANIA,Sud,0
065061,E485,Laurino,Laurino,LAURINO,Salerno,SA,065,SALERNO,Campania,15,CAMPANIA,Sud,0
065062,E486,Laurito,Laurito,LAURITO,Salerno,SA,065,SALERNO,Campania,15,CAMPANIA,Sud,0
065063,E498,Laviano,Laviano,LAVIANO,Salerno,SA,065,SALERNO,Campania,15,CAMPANIA,Sud,0
065064,E767,Lustra,Lustra,LUSTRA,Salerno,SA,065,SALERNO,Campania,15,CAMPANIA,Sud,0
065065,E814,Magliano Vetere,Magliano Vetere,MAGLIANO VETERE,Salerno,SA,065,SALERNO,Campania,15,CAMPANIA,Sud,0
065066,E839,Maiori,Maiori,MAIORI,Salerno,SA,065,SALERNO,Campania,15,CAMPANIA,Sud,0
065067,F138,Mercato San Severino,Mercato San Severino,MERCATO SAN SEVERINO,Salerno,SA,065,SALERNO,Campania,15,CAMPANIA,Sud,0
065068,F223,Minori,Minori,MINORI,Salerno,SA,065,SALERNO,Campania,15,CAMPANIA,Sud,0
065069,F278,Moio della Civitella,Moio della Civitella,MOIO DELLA CIVITELLA,Salerno,SA,065,SALERNO,Campania,15,CAMPANIA,Sud,0
065070,F426,Montano Antilia,Montano Antilia,MONTANO ANTILIA,Salerno,SA,065,SALERNO,Campania,15,CAMPANIA,Sud,0
065075,F618,Monte San Giacomo,Monte San Giacomo,MONTE SAN GIACOMO,Salerno,SA,065,SALERNO,Campania,15,CAMPANIA,Sud,0
065071,F479,Montecorice,Montecorice,MONTECORICE,Salerno,SA,065,SALERNO,Campania,15,CAMPANIA,Sud,0
065072,F480,Montecorvino Pugliano,Montecorvino Pugliano,MONTECORVINO PUGLIANO,Salerno,SA,065,SALERNO,Campania,15,CAMPANIA,Sud,0
065073,F481,Montecorvino Rovella,Montecorvino Rovella,MONTECORVINO ROVELLA,Salerno,SA,065,SALERNO,Campania,15,CAMPANIA,Sud,0
065074,F507,Monteforte Cilento,Monteforte Cilento,MONTEFORTE CILENTO,Salerno,SA,065,SALERNO,Campania,15,CAMPANIA,Sud,0
065076,F625,Montesano sulla Marcellana,Montesano sulla Marcellana,MONTESANO SULLA MARCELLANA,Salerno,SA,065,SALERNO,Campania,15,CAMPANIA,Sud,0
065077,F731,Morigerati,Morigerati,MORIGERATI,Salerno,SA,065,SALERNO,Campania,15,CAMPANIA,Sud,0
065078,F912,Nocera Inferiore,Nocera Inferiore,NOCERA INFERIORE,Salerno,SA,065,SALERNO,Campania,15,CAMPANIA,Sud,0
065079,F913,Nocera Superiore,Nocera Superiore,NOCERA SUPERIORE,Salerno,SA,065,SALERNO,Campania,15,CAMPANIA,Sud,0
065080,F967,Novi Velia,Novi Velia,NOVI VELIA,Salerno,SA,065,SALERNO,Campania,15,CAMPANIA,Sud,0
065081,G011,Ogliastro Cilento,Ogliastro Cilento,OGLIASTRO CILENTO,Salerno,SA,065,SALERNO,Campania,15,CAMPANIA,Sud,0
065082,G023,Olevano sul Tusciano,Olevano sul Tusciano,OLEVANO SUL TUSCIANO,Salerno,SA,065,SALERNO,Campania,15,CAMPANIA,Sud,0
065083,G039,Oliveto Citra,Oliveto Citra,OLIVETO CITRA,Salerno,SA,065,SALERNO,Campania,15,CAMPANIA,Sud,0
065084,G063,Omignano,Omignano,OMIGNANO,Salerno,SA,065,SALERNO,Campania,15,CAMPANIA,Sud,0
065085,G121,Orria,Orria,ORRIA,Salerno,SA,065,SALERNO,Campania,15,CAMPANIA,Sud,0
065086,G192,Ottati,Ottati,OTTATI,Salerno,SA,065,SALERNO,Campania,15,CAMPANIA,Sud,0
065087,G226,Padula,Padula,PADULA,Salerno,SA,065,SALERNO,Campania,15,CAMPANIA,Sud,0
065088,G230,Pagani,Pagani,PAGANI,Salerno,SA,065,SALERNO,Campania,15,CAMPANIA,Sud,0
065089,G292,Palomonte,Palomonte,PALOMONTE,Salerno,SA,065,SALERNO,Campania,15,CAMPANIA,Sud,0
065090,G426,Pellezzano,Pellezzano,PELLEZZANO,Salerno,SA,065,SALERNO,Campania,15,CAMPANIA,Sud,0
065091,G447,Perdifumo,Perdifumo,PERDIFUMO,Salerno,SA,065,SALERNO,Campania,15,CAMPANIA,Sud,0
065092,G455,Perito,Perito,PERITO,Salerno,SA,065,SALERNO,Campania,15,CAMPANIA,Sud,0
065093,G476,Pertosa,Pertosa,PERTOSA,Salerno,SA,065,SALERNO,Campania,15,CAMPANIA,Sud,0
065094,G509,Petina,Petina,PETINA,Salerno,SA,065,SALERNO,Campania,15,CAMPANIA,Sud,0
065095,G538,Piaggine,Piaggine,PIAGGINE,Salerno,SA,065,SALERNO,Campania,15,CAMPANIA,Sud,0
065096,G707,Pisciotta,Pisciotta,PISCIOTTA,Salerno,SA,065,SALERNO,Campania,15,CAMPANIA,Sud,0
065097,G793,Polla,Polla,POLLA,Salerno,SA,065,SALERNO,Campania,15,CAMPANIA,Sud,0
065098,G796,Pollica,Pollica,POLLICA,Salerno,SA,065,SALERNO,Campania,15,CAMPANIA,Sud,0
065099,G834,Pontecagnano Faiano,Pontecagnano Faiano,PONTECAGNANO FAIANO,Salerno,SA,065,SALERNO,Campania,15,CAMPANIA,Sud,0
065100,G932,Positano,Positano,POSITANO,Salerno,SA,065,SALERNO,Campania,15,CAMPANIA,Sud,0
065101,G939,Postiglione,Postiglione,POSTIGLIONE,Salerno,SA,065,SALERNO,Campania,15,CAMPANIA,Sud,0
065102,G976,Praiano,Praiano,PRAIANO,Salerno,SA,065,SALERNO,Campania,15,CAMPANIA,Sud,0
065103,H062,Prignano Cilento,Prignano Cilento,PRIGNANO CILENTO,Salerno,SA,065,SALERNO,Campania,15,CAMPANIA,Sud,0
065104,H198,Ravello,Ravello,RAVELLO,Salerno,SA,065,SALERNO,Campania,15,CAMPANIA,Sud,0
065105,H277,Ricigliano,Ricigliano,RICIGLIANO,Salerno,SA,065,SALERNO,Campania,15,CAMPANIA,Sud,0
065106,H394,Roccadaspide,Roccadaspide,ROCCADASPIDE,Salerno,SA,065,SALERNO,Campania,15,CAMPANIA,Sud,0
065107,H412,Roccagloriosa,Roccagloriosa,ROCCAGLORIOSA,Salerno,SA,065,SALERNO,Campania,15,CAMPANIA,Sud,0
065108,H431,Roccapiemonte,Roccapiemonte,ROCCAPIEMONTE,Salerno,SA,065,SALERNO,Campania,15,CAMPANIA,Sud,0
065109,H485,Rofrano,Rofrano,ROFRANO,Salerno,SA,065,SALERNO,Campania,15,CAMPANIA,Sud,0
065110,H503,Romagnano al Monte,Romagnano al Monte,ROMAGNANO AL MONTE,Salerno,SA,065,SALERNO,Campania,15,CAMPANIA,Sud,0
065111,H564,Roscigno,Roscigno,ROSCIGNO,Salerno,SA,065,SALERNO,Campania,15,CAMPANIA,Sud,0
065112,H644,Rutino,Rutino,RUTINO,Salerno,SA,065,SALERNO,Campania,15,CAMPANIA,Sud,0
065113,H654,Sacco,Sacco,SACCO,Salerno,SA,065,SALERNO,Campania,15,CAMPANIA,Sud,0
065114,H683,Sala Consilina,Sala Consilina,SALA CONSILINA,Salerno,SA,065,SALERNO,Campania,15,CAMPANIA,Sud,0
065115,H686,Salento,Salento,SALENTO,Salerno,SA,065,SALERNO,Campania,15,CAMPANIA,Sud,0
065116,H703,Salerno,Salerno,SALERNO,Salerno,SA,065,SALERNO,Campania,15,CAMPANIA,Sud,1
065117,H732,Salvitelle,Salvitelle,SALVITELLE,Salerno,SA,065,SALERNO,Campania,15,CAMPANIA,Sud,0
065118,H800,San Cipriano Picentino,San Cipriano Picentino,SAN CIPRIANO PICENTINO,Salerno,SA,065,SALERNO,Campania,15,CAMPANIA,Sud,0
065119,H907,San Giovanni a Piro,San Giovanni a Piro,SAN GIOVANNI A PIRO,Salerno,SA,065,SALERNO,Campania,15,CAMPANIA,Sud,0
065120,H943,San Gregorio Magno,San Gregorio Magno,SAN GREGORIO MAGNO,Salerno,SA,065,SALERNO,Campania,15,CAMPANIA,Sud,0
065121,H977,San Mango Piemonte,San Mango Piemonte,SAN MANGO PIEMONTE,Salerno,SA,065,SALERNO,Campania,15,CAMPANIA,Sud,0
065122,I019,San Marzano sul Sarno,San Marzano sul Sarno,SAN MARZANO SUL SARNO,Salerno,SA,065,SALERNO,Campania,15,CAMPANIA,Sud,0
065123,I031,San Mauro Cilento,San Mauro Cilento,SAN MAURO CILENTO,Salerno,SA,065,SALERNO,Campania,15,CAMPANIA,Sud,0
065124,I032,San Mauro la Bruca,San Mauro la Bruca,SAN MAURO LA BRUCA,Salerno,SA,065,SALERNO,Campania,15,CAMPANIA,Sud,0
065125,I089,San Pietro al Tanagro,San Pietro al Tanagro,SAN PIETRO AL TANAGRO,Salerno,SA,065,SALERNO,Campania,15,CAMPANIA,Sud,0
065126,I143,San Rufo,San Rufo,SAN RUFO,Salerno,SA,065,SALERNO,Campania,15,CAMPANIA,Sud,0
065132,I377,San Valentino Torio,San Valentino Torio,SAN VALENTINO TORIO,Salerno,SA,065,SALERNO,Campania,15,CAMPANIA,Sud,0
065128,I278,Sant'Angelo a Fasanella,Sant'Angelo a Fasanella,SANT ANGELO A FASANELLA,Salerno,SA,065,SALERNO,Campania,15,CAMPANIA,Sud,0
065129,I307,Sant'Arsenio,Sant'Arsenio,SANT ARSENIO,Salerno,SA,065,SALERNO,Campania,15,CAMPANIA,Sud,0
065130,I317,Sant'Egidio del Monte Albino,Sant'Egidio del Monte Albino,SANT EGIDIO DEL MONTE ALBINO,Salerno,SA,065,SALERNO,Campania,15,CAMPANIA,Sud,0
065127,I253,Santa Marina,Santa Marina,SANTA MARINA,Salerno,SA,065,SALERNO,Campania,15,CAMPANIA,Sud,0
065131,I260,Santomenna,Santomenna,SANTOMENNA,Salerno,SA,065,SALERNO,Campania,15,CAMPANIA,Sud,0
065133,I410,Sanza,Sanza,SANZA,Salerno,SA,065,SALERNO,Campania,15,CAMPANIA,Sud,0
065134,I422,Sapri,Sapri,SAPRI,Salerno,SA,065,SALERNO,Campania,15,CAMPANIA,Sud,0
065135,I438,Sarno,Sarno,SARNO,Salerno,SA,065,SALERNO,Campania,15,CAMPANIA,Sud,0
065136,I451,Sassano,Sassano,SASSANO,Salerno,SA,065,SALERNO,Campania,15,CAMPANIA,Sud,0
065137,I483,Scafati,Scafati,SCAFATI,Salerno,SA,065,SALERNO,Campania,15,CAMPANIA,Sud,0
065138,I486,Scala,Scala,SCALA,Salerno,SA,065,SALERNO,Campania,15,CAMPANIA,Sud,0
065139,I648,Serramezzana,Serramezzana,SERRAMEZZANA,Salerno,SA,065,SALERNO,Campania,15,CAMPANIA,Sud,0
065140,I666,Serre,Serre,SERRE,Salerno,SA,065,SALERNO,Campania,15,CAMPANIA,Sud,0
065141,I677,Sessa Cilento,Sessa Cilento,SESSA CILENTO,Salerno,SA,065,SALERNO,Campania,15,CAMPANIA,Sud,0
065142,I720,Siano,Siano,SIANO,Salerno,SA,065,SALERNO,Campania,15,CAMPANIA,Sud,0
065143,M253,Sicignano degli Alburni,Sicignano degli Alburni,SICIGNANO DEGLI ALBURNI,Salerno,SA,065,SALERNO,Campania,15,CAMPANIA,Sud,0
065144,G887,Stella Cilento,Stella Cilento,STELLA CILENTO,Salerno,SA,065,SALERNO,Campania,15,CAMPANIA,Sud,0
065145,I960,Stio,Stio,STIO,Salerno,SA,065,SALERNO,Campania,15,CAMPANIA,Sud,0
065146,D292,Teggiano,Teggiano,TEGGIANO,Salerno,SA,065,SALERNO,Campania,15,CAMPANIA,Sud,0
065147,L212,Torchiara,Torchiara,TORCHIARA,Salerno,SA,065,SALERNO,Campania,15,CAMPANIA,Sud,0
065148,L233,Torraca,Torraca,TORRACA,Salerno,SA,065,SALERNO,Campania,15,CAMPANIA,Sud,0
065149,L274,Torre Orsaia,Torre Orsaia,TORRE ORSAIA,Salerno,SA,065,SALERNO,Campania,15,CAMPANIA,Sud,0
065150,L306,Tortorella,Tortorella,TORTORELLA,Salerno,SA,065,SALERNO,Campania,15,CAMPANIA,Sud,0
065151,L323,Tramonti,Tramonti,TRAMONTI,Salerno,SA,065,SALERNO,Campania,15,CAMPANIA,Sud,0
065152,L377,Trentinara,Trentinara,TRENTINARA,Salerno,SA,065,SALERNO,Campania,15,CAMPANIA,Sud,0
065153,G540,Valle dell'Angelo,Valle dell'Angelo,VALLE DELL ANGELO,Salerno,SA,065,SALERNO,Campania,15,CAMPANIA,Sud,0
065154,L628,Vallo della Lucania,Vallo della Lucania,VALLO DELLA LUCANIA,Salerno,SA,065,SALERNO,Campania,15,CAMPANIA,Sud,0
065155,L656,Valva,Valva,VALVA,Salerno,SA,065,SALERNO,Campania,15,CAMPANIA,Sud,0
065156,L835,Vibonati,Vibonati,VIBONATI,Salerno,SA,065,SALERNO,Campania,15,CAMPANIA,Sud,0
065157,L860,Vietri sul Mare,Vietri sul Mare,VIETRI SUL MARE,Salerno,SA,065,SALERNO,Campania,15,CAMPANIA,Sud,0
037062,M369,Alto Reno Terme,Alto Reno Terme,ALTO RENO TERME,Bologna,BO,237,BOLOGNA,Emilia-Romagna,08,EMILIA ROMAGNA,Nord-est,0
037001,A324,Anzola dell'Emilia,Anzola dell'Emilia,ANZOLA DELL EMILIA,Bologna,BO,237,BOLOGNA,Emilia-Romagna,08,EMILIA ROMAGNA,Nord-est,0
037002,A392,Argelato,Argelato,ARGELATO,Bologna,BO,237,BOLOGNA,Emilia-Romagna,08,EMILIA ROMAGNA,Nord-est,0
037003,A665,Baricella,Baricella,BARICELLA,Bologna,BO,237,BOLOGNA,Emilia-Romagna,08,EMILIA ROMAGNA,Nord-est,0
037005,A785,Bentivoglio,Bentivoglio,BENTIVOGLIO,Bologna,BO,237,BOLOGNA,Emilia-Romagna,08,EMILIA ROMAGNA,Nord-est,0
037006,A944,Bologna,Bologna,BOLOGNA,Bologna,BO,237,BOLOGNA,Emilia-Romagna,08,EMILIA ROMAGNA,Nord-est,1
037007,B044,Borgo Tossignano,Borgo Tossignano,BORGO TOSSIGNANO,Bologna,BO,237,BOLOGNA,Emilia-Romagna,08,EMILIA ROMAGNA,Nord-est,0
037008,B249,Budrio,Budrio,BUDRIO,Bologna,BO,237,BOLOGNA,Emilia-Romagna,08,EMILIA ROMAGNA,Nord-est,0
037009,B399,Calderara di Reno,Calderara di Reno,CALDERARA DI RENO,Bologna,BO,237,BOLOGNA,Emilia-Romagna,08,EMILIA ROMAGNA,Nord-est,0
037010,B572,Camugnano,Camugnano,CAMUGNANO,Bologna,BO,237,BOLOGNA,Emilia-Romagna,08,EMILIA ROMAGNA,Nord-est,0
037011,B880,Casalecchio di Reno,Casalecchio di Reno,CASALECCHIO DI RENO,Bologna,BO,237,BOLOGNA,Emilia-Romagna,08,EMILIA ROMAGNA,Nord-est,0
037012,B892,Casalfiumanese,Casalfiumanese,CASALFIUMANESE,Bologna,BO,237,BOLOGNA,Emilia-Romagna,08,EMILIA ROMAGNA,Nord-est,0
037016,C121,Castel Guelfo di Bologna,Castel Guelfo di Bologna,CASTEL GUELFO DI BOLOGNA,Bologna,BO,237,BOLOGNA,Emilia-Romagna,08,EMILIA ROMAGNA,Nord-est,0
037019,C204,Castel Maggiore,Castel Maggiore,CASTEL MAGGIORE,Bologna,BO,237,BOLOGNA,Emilia-Romagna,08,EMILIA ROMAGNA,Nord-est,0
037020,C265,Castel San Pietro Terme,Castel San Pietro Terme,CASTEL SAN PIETRO TERME,Bologna,BO,237,BOLOGNA,Emilia-Romagna,08,EMILIA ROMAGNA,Nord-est,0
037013,C075,Castel d'Aiano,Castel d'Aiano,CASTEL D AIANO,Bologna,BO,237,BOLOGNA,Emilia-Romagna,08,EMILIA ROMAGNA,Nord-est,0
037014,C086,Castel del Rio,Castel del Rio,CASTEL DEL RIO,Bologna,BO,237,BOLOGNA,Emilia-Romagna,08,EMILIA ROMAGNA,Nord-est,0
037015,B969,Castel di Casio,Castel di Casio,CASTEL DI CASIO,Bologna,BO,237,BOLOGNA,Emilia-Romagna,08,EMILIA ROMAGNA,Nord-est,0
037017,C185,Castello d'Argile,Castello d'Argile,CASTELLO D ARGILE,Bologna,BO,237,BOLOGNA,Emilia-Romagna,08,EMILIA ROMAGNA,Nord-est,0
037021,C292,Castenaso,Castenaso,CASTENASO,Bologna,BO,237,BOLOGNA,Emilia-Romagna,08,EMILIA ROMAGNA,Nord-est,0
037022,C296,Castiglione dei Pepoli,Castiglione dei Pepoli,CASTIGLIONE DEI PEPOLI,Bologna,BO,237,BOLOGNA,Emilia-Romagna,08,EMILIA ROMAGNA,Nord-est,0
037024,D166,Crevalcore,Crevalcore,CREVALCORE,Bologna,BO,237,BOLOGNA,Emilia-Romagna,08,EMILIA ROMAGNA,Nord-est,0
037025,D360,Dozza,Dozza,DOZZA,Bologna,BO,237,BOLOGNA,Emilia-Romagna,08,EMILIA ROMAGNA,Nord-est,0
037026,D668,Fontanelice,Fontanelice,FONTANELICE,Bologna,BO,237,BOLOGNA,Emilia-Romagna,08,EMILIA ROMAGNA,Nord-est,0
037027,D847,Gaggio Montano,Gaggio Montano,GAGGIO MONTANO,Bologna,BO,237,BOLOGNA,Emilia-Romagna,08,EMILIA ROMAGNA,Nord-est,0
037028,D878,Galliera,Galliera,GALLIERA,Bologna,BO,237,BOLOGNA,Emilia-Romagna,08,EMILIA ROMAGNA,Nord-est,0
037030,E136,Granarolo dell'Emilia,Granarolo dell'Emilia,GRANAROLO DELL EMILIA,Bologna,BO,237,BOLOGNA,Emilia-Romagna,08,EMILIA ROMAGNA,Nord-est,0
037031,E187,Grizzana Morandi,Grizzana Morandi,GRIZZANA MORANDI,Bologna,BO,237,BOLOGNA,Emilia-Romagna,08,EMILIA ROMAGNA,Nord-est,0
037032,E289,Imola,Imola,IMOLA,Bologna,BO,237,BOLOGNA,Emilia-Romagna,08,EMILIA ROMAGNA,Nord-est,0
037033,A771,Lizzano in Belvedere,Lizzano in Belvedere,LIZZANO IN BELVEDERE,Bologna,BO,237,BOLOGNA,Emilia-Romagna,08,EMILIA ROMAGNA,Nord-est,0
037034,E655,Loiano,Loiano,LOIANO,Bologna,BO,237,BOLOGNA,Emilia-Romagna,08,EMILIA ROMAGNA,Nord-est,0
037035,E844,Malalbergo,Malalbergo,MALALBERGO,Bologna,BO,237,BOLOGNA,Emilia-Romagna,08,EMILIA ROMAGNA,Nord-est,0
037036,B689,Marzabotto,Marzabotto,MARZABOTTO,Bologna,BO,237,BOLOGNA,Emilia-Romagna,08,EMILIA ROMAGNA,Nord-est,0
037037,F083,Medicina,Medicina,MEDICINA,Bologna,BO,237,BOLOGNA,Emilia-Romagna,08,EMILIA ROMAGNA,Nord-est,0
037038,F219,Minerbio,Minerbio,MINERBIO,Bologna,BO,237,BOLOGNA,Emilia-Romagna,08,EMILIA ROMAGNA,Nord-est,0
037039,F288,Molinella,Molinella,MOLINELLA,Bologna,BO,237,BOLOGNA,Emilia-Romagna,08,EMILIA ROMAGNA,Nord-est,0
037040,F363,Monghidoro,Monghidoro,MONGHIDORO,Bologna,BO,237,BOLOGNA,Emilia-Romagna,08,EMILIA ROMAGNA,Nord-est,0
037042,F627,Monte San Pietro,Monte San Pietro,MONTE SAN PIETRO,Bologna,BO,237,BOLOGNA,Emilia-Romagna,08,EMILIA ROMAGNA,Nord-est,0
037041,F597,Monterenzio,Monterenzio,MONTERENZIO,Bologna,BO,237,BOLOGNA,Emilia-Romagna,08,EMILIA ROMAGNA,Nord-est,0
037044,F706,Monzuno,Monzuno,MONZUNO,Bologna,BO,237,BOLOGNA,Emilia-Romagna,08,EMILIA ROMAGNA,Nord-est,0
037045,F718,Mordano,Mordano,MORDANO,Bologna,BO,237,BOLOGNA,Emilia-Romagna,08,EMILIA ROMAGNA,Nord-est,0
037046,G205,Ozzano dell'Emilia,Ozzano dell'Emilia,OZZANO DELL EMILIA,Bologna,BO,237,BOLOGNA,Emilia-Romagna,08,EMILIA ROMAGNA,Nord-est,0
037047,G570,Pianoro,Pianoro,PIANORO,Bologna,BO,237,BOLOGNA,Emilia-Romagna,08,EMILIA ROMAGNA,Nord-est,0
037048,G643,Pieve di Cento,Pieve di Cento,PIEVE DI CENTO,Bologna,BO,237,BOLOGNA,Emilia-Romagna,08,EMILIA ROMAGNA,Nord-est,0
037050,H678,Sala Bolognese,Sala Bolognese,SALA BOLOGNESE,Bologna,BO,237,BOLOGNA,Emilia-Romagna,08,EMILIA ROMAGNA,Nord-est,0
037051,G566,San Benedetto Val di Sambro,San Benedetto Val di Sambro,SAN BENEDETTO VAL DI SAMBRO,Bologna,BO,237,BOLOGNA,Emilia-Romagna,08,EMILIA ROMAGNA,Nord-est,0
037052,H896,San Giorgio di Piano,San Giorgio di Piano,SAN GIORGIO DI PIANO,Bologna,BO,237,BOLOGNA,Emilia-Romagna,08,EMILIA ROMAGNA,Nord-est,0
037053,G467,San Giovanni in Persiceto,San Giovanni in Persiceto,SAN GIOVANNI IN PERSICETO,Bologna,BO,237,BOLOGNA,Emilia-Romagna,08,EMILIA ROMAGNA,Nord-est,0
037054,H945,San Lazzaro di Savena,San Lazzaro di Savena,SAN LAZZARO DI SAVENA,Bologna,BO,237,BOLOGNA,Emilia-Romagna,08,EMILIA ROMAGNA,Nord-est,0
037055,I110,San Pietro in Casale,San Pietro in Casale,SAN PIETRO IN CASALE,Bologna,BO,237,BOLOGNA,Emilia-Romagna,08,EMILIA ROMAGNA,Nord-est,0
037056,I191,Sant'Agata Bolognese,Sant'Agata Bolognese,SANT AGATA BOLOGNESE,Bologna,BO,237,BOLOGNA,Emilia-Romagna,08,EMILIA ROMAGNA,Nord-est,0
037057,G972,Sasso Marconi,Sasso Marconi,SASSO MARCONI,Bologna,BO,237,BOLOGNA,Emilia-Romagna,08,EMILIA ROMAGNA,Nord-est,0
037061,M320,Valsamoggia,Valsamoggia,VALSAMOGGIA,Bologna,BO,237,BOLOGNA,Emilia-Romagna,08,EMILIA ROMAGNA,Nord-est,0
037059,L762,Vergato,Vergato,VERGATO,Bologna,BO,237,BOLOGNA,Emilia-Romagna,08,EMILIA ROMAGNA,Nord-est,0
037060,M185,Zola Predosa,Zola Predosa,ZOLA PREDOSA,Bologna,BO,237,BOLOGNA,Emilia-Romagna,08,EMILIA ROMAGNA,Nord-est,0
038001,A393,Argenta,Argenta,ARGENTA,Ferrara,FE,038,FERRARA,Emilia-Romagna,08,EMILIA ROMAGNA,Nord-est,0
038003,A965,Bondeno,Bondeno,BONDENO,Ferrara,FE,038,FERRARA,Emilia-Romagna,08,EMILIA ROMAGNA,Nord-est,0
038004,C469,Cento,Cento,CENTO,Ferrara,FE,038,FERRARA,Emilia-Romagna,08,EMILIA ROMAGNA,Nord-est,0
038005,C814,Codigoro,Codigoro,CODIGORO,Ferrara,FE,038,FERRARA,Emilia-Romagna,08,EMILIA ROMAGNA,Nord-est,0
038006,C912,Comacchio,Comacchio,COMACCHIO,Ferrara,FE,038,FERRARA,Emilia-Romagna,08,EMILIA ROMAGNA,Nord-est,0
038007,C980,Copparo,Copparo,COPPARO,Ferrara,FE,038,FERRARA,Emilia-Romagna,08,EMILIA ROMAGNA,Nord-est,0
038008,D548,Ferrara,Ferrara,FERRARA,Ferrara,FE,038,FERRARA,Emilia-Romagna,08,EMILIA ROMAGNA,Nord-est,1
038027,M323,Fiscaglia,Fiscaglia,FISCAGLIA,Ferrara,FE,038,FERRARA,Emilia-Romagna,08,EMILIA ROMAGNA,Nord-est,0
038025,E107,Goro,Goro,GORO,Ferrara,FE,038,FERRARA,Emilia-Romagna,08,EMILIA ROMAGNA,Nord-est,0
038010,E320,Jolanda di Savoia,Jolanda di Savoia,JOLANDA DI SAVOIA,Ferrara,FE,038,FERRARA,Emilia-Romagna,08,EMILIA ROMAGNA,Nord-est,0
038011,E410,Lagosanto,Lagosanto,LAGOSANTO,Ferrara,FE,038,FERRARA,Emilia-Romagna,08,EMILIA ROMAGNA,Nord-est,0
038012,F016,Masi Torello,Masi Torello,MASI TORELLO,Ferrara,FE,038,FERRARA,Emilia-Romagna,08,EMILIA ROMAGNA,Nord-est,0
038014,F156,Mesola,Mesola,MESOLA,Ferrara,FE,038,FERRARA,Emilia-Romagna,08,EMILIA ROMAGNA,Nord-est,0
038017,G184,Ostellato,Ostellato,OSTELLATO,Ferrara,FE,038,FERRARA,Emilia-Romagna,08,EMILIA ROMAGNA,Nord-est,0
038018,G768,Poggio Renatico,Poggio Renatico,POGGIO RENATICO,Ferrara,FE,038,FERRARA,Emilia-Romagna,08,EMILIA ROMAGNA,Nord-est,0
038019,G916,Portomaggiore,Portomaggiore,PORTOMAGGIORE,Ferrara,FE,038,FERRARA,Emilia-Romagna,08,EMILIA ROMAGNA,Nord-est,0
038029,M410,Riva del Po,Riva del Po,RIVA DEL PO,Ferrara,FE,038,FERRARA,Emilia-Romagna,08,EMILIA ROMAGNA,Nord-est,0
038028,M381,Terre del Reno,Terre del Reno,TERRE DEL RENO,Ferrara,FE,038,FERRARA,Emilia-Romagna,08,EMILIA ROMAGNA,Nord-est,0
038030,M409,Tresignana,Tresignana,TRESIGNANA,Ferrara,FE,038,FERRARA,Emilia-Romagna,08,EMILIA ROMAGNA,Nord-est,0
038022,L868,Vigarano Mainarda,Vigarano Mainarda,VIGARANO MAINARDA,Ferrara,FE,038,FERRARA,Emilia-Romagna,08,EMILIA ROMAGNA,Nord-est,0
038023,M110,Voghiera,Voghiera,VOGHIERA,Ferrara,FE,038,FERRARA,Emilia-Romagna,08,EMILIA ROMAGNA,Nord-est,0
040001,A565,Bagno di Romagna,Bagno di Romagna,BAGNO DI ROMAGNA,Forlì-Cesena,FC,040,FORLI CESENA,Emilia-Romagna,08,EMILIA ROMAGNA,Nord-est,0
040003,A809,Bertinoro,Bertinoro,BERTINORO,Forlì-Cesena,FC,040,FORLI CESENA,Emilia-Romagna,08,EMILIA ROMAGNA,Nord-est,0
040004,B001,Borghi,Borghi,BORGHI,Forlì-Cesena,FC,040,FORLI CESENA,Emilia-Romagna,08,EMILIA ROMAGNA,Nord-est,0
040005,C339,Castrocaro Terme e Terra del Sole,Castrocaro Terme e Terra del Sole,CASTROCARO TERME E TERRA DEL SOLE,Forlì-Cesena,FC,040,FORLI CESENA,Emilia-Romagna,08,EMILIA ROMAGNA,Nord-est,0
040007,C573,Cesena,Cesena,CESENA,Forlì-Cesena,FC,040,FORLI CESENA,Emilia-Romagna,08,EMILIA ROMAGNA,Nord-est,1
040008,C574,Cesenatico,Cesenatico,CESENATICO,Forlì-Cesena,FC,040,FORLI CESENA,Emilia-Romagna,08,EMILIA ROMAGNA,Nord-est,0
040009,C777,Civitella di Romagna,Civitella di Romagna,CIVITELLA DI ROMAGNA,Forlì-Cesena,FC,040,FORLI CESENA,Emilia-Romagna,08,EMILIA ROMAGNA,Nord-est,0
040011,D357,Dovadola,Dovadola,DOVADOLA,Forlì-Cesena,FC,040,FORLI CESENA,Emilia-Romagna,08,EMILIA ROMAGNA,Nord-est,0
040013,D705,Forlimpopoli,Forlimpopoli,FORLIMPOPOLI,Forlì-Cesena,FC,040,FORLI CESENA,Emilia-Romagna,08,EMILIA ROMAGNA,Nord-est,0
040012,D704,Forlì,Forlì,FORLI,Forlì-Cesena,FC,040,FORLI CESENA,Emilia-Romagna,08,EMILIA ROMAGNA,Nord-est,1
040014,D867,Galeata,Galeata,GALEATA,Forlì-Cesena,FC,040,FORLI CESENA,Emilia-Romagna,08,EMILIA ROMAGNA,Nord-est,0
040015,D899,Gambettola,Gambettola,GAMBETTOLA,Forlì-Cesena,FC,040,FORLI CESENA,Emilia-Romagna,08,EMILIA ROMAGNA,Nord-est,0
040016,D935,Gatteo,Gatteo,GATTEO,Forlì-Cesena,FC,040,FORLI CESENA,Emilia-Romagna,08,EMILIA ROMAGNA,Nord-est,0
040018,E675,Longiano,Longiano,LONGIANO,Forlì-Cesena,FC,040,FORLI CESENA,Emilia-Romagna,08,EMILIA ROMAGNA,Nord-est,0
040019,F097,Meldola,Meldola,MELDOLA,Forlì-Cesena,FC,040,FORLI CESENA,Emilia-Romagna,08,EMILIA ROMAGNA,Nord-est,0
040020,F139,Mercato Saraceno,Mercato Saraceno,MERCATO SARACENO,Forlì-Cesena,FC,040,FORLI CESENA,Emilia-Romagna,08,EMILIA ROMAGNA,Nord-est,0
040022,F259,Modigliana,Modigliana,MODIGLIANA,Forlì-Cesena,FC,040,FORLI CESENA,Emilia-Romagna,08,EMILIA ROMAGNA,Nord-est,0
040028,F668,Montiano,Montiano,MONTIANO,Forlì-Cesena,FC,040,FORLI CESENA,Emilia-Romagna,08,EMILIA ROMAGNA,Nord-est,0
040031,G904,Portico e San Benedetto,Portico e San Benedetto,PORTICO E SAN BENEDETTO,Forlì-Cesena,FC,040,FORLI CESENA,Emilia-Romagna,08,EMILIA ROMAGNA,Nord-est,0
040032,H017,Predappio,Predappio,PREDAPPIO,Forlì-Cesena,FC,040,FORLI CESENA,Emilia-Romagna,08,EMILIA ROMAGNA,Nord-est,0
040033,H034,Premilcuore,Premilcuore,PREMILCUORE,Forlì-Cesena,FC,040,FORLI CESENA,Emilia-Romagna,08,EMILIA ROMAGNA,Nord-est,0
040036,H437,Rocca San Casciano,Rocca San Casciano,ROCCA SAN CASCIANO,Forlì-Cesena,FC,040,FORLI CESENA,Emilia-Romagna,08,EMILIA ROMAGNA,Nord-est,0
040037,H542,Roncofreddo,Roncofreddo,RONCOFREDDO,Forlì-Cesena,FC,040,FORLI CESENA,Emilia-Romagna,08,EMILIA ROMAGNA,Nord-est,0
040041,I027,San Mauro Pascoli,San Mauro Pascoli,SAN MAURO PASCOLI,Forlì-Cesena,FC,040,FORLI CESENA,Emilia-Romagna,08,EMILIA ROMAGNA,Nord-est,0
040043,I310,Santa Sofia,Santa Sofia,SANTA SOFIA,Forlì-Cesena,FC,040,FORLI CESENA,Emilia-Romagna,08,EMILIA ROMAGNA,Nord-est,0
040044,I444,Sarsina,Sarsina,SARSINA,Forlì-Cesena,FC,040,FORLI CESENA,Emilia-Romagna,08,EMILIA ROMAGNA,Nord-est,0
040045,I472,Savignano sul Rubicone,Savignano sul Rubicone,SAVIGNANO SUL RUBICONE,Forlì-Cesena,FC,040,FORLI CESENA,Emilia-Romagna,08,EMILIA ROMAGNA,Nord-est,0
040046,I779,Sogliano al Rubicone,Sogliano al Rubicone,SOGLIANO AL RUBICONE,Forlì-Cesena,FC,040,FORLI CESENA,Emilia-Romagna,08,EMILIA ROMAGNA,Nord-est,0
040049,L361,Tredozio,Tredozio,TREDOZIO,Forlì-Cesena,FC,040,FORLI CESENA,Emilia-Romagna,08,EMILIA ROMAGNA,Nord-est,0
040050,L764,Verghereto,Verghereto,VERGHERETO,Forlì-Cesena,FC,040,FORLI CESENA,Emilia-Romagna,08,EMILIA ROMAGNA,Nord-est,0
036001,A713,Bastiglia,Bastiglia,BASTIGLIA,Modena,MO,036,MODENA,Emilia-Romagna,08,EMILIA ROMAGNA,Nord-est,0
036002,A959,Bomporto,Bomporto,BOMPORTO,Modena,MO,036,MODENA,Emilia-Romagna,08,EMILIA ROMAGNA,Nord-est,0
036003,B539,Campogalliano,Campogalliano,CAMPOGALLIANO,Modena,MO,036,MODENA,Emilia-Romagna,08,EMILIA ROMAGNA,Nord-est,0
036004,B566,Camposanto,Camposanto,CAMPOSANTO,Modena,MO,036,MODENA,Emilia-Romagna,08,EMILIA ROMAGNA,Nord-est,0
036005,B819,Carpi,Carpi,CARPI,Modena,MO,036,MODENA,Emilia-Romagna,08,EMILIA ROMAGNA,Nord-est,0
036006,C107,Castelfranco Emilia,Castelfranco Emilia,CASTELFRANCO EMILIA,Modena,MO,036,MODENA,Emilia-Romagna,08,EMILIA ROMAGNA,Nord-est,0
036007,C242,Castelnuovo Rangone,Castelnuovo Rangone,CASTELNUOVO RANGONE,Modena,MO,036,MODENA,Emilia-Romagna,08,EMILIA ROMAGNA,Nord-est,0
036008,C287,Castelvetro di Modena,Castelvetro di Modena,CASTELVETRO DI MODENA,Modena,MO,036,MODENA,Emilia-Romagna,08,EMILIA ROMAGNA,Nord-est,0
036009,C398,Cavezzo,Cavezzo,CAVEZZO,Modena,MO,036,MODENA,Emilia-Romagna,08,EMILIA ROMAGNA,Nord-est,0
036010,C951,Concordia sulla Secchia,Concordia sulla Secchia,CONCORDIA SULLA SECCHIA,Modena,MO,036,MODENA,Emilia-Romagna,08,EMILIA ROMAGNA,Nord-est,0
036011,D486,Fanano,Fanano,FANANO,Modena,MO,036,MODENA,Emilia-Romagna,08,EMILIA ROMAGNA,Nord-est,0
036012,D599,Finale Emilia,Finale Emilia,FINALE EMILIA,Modena,MO,036,MODENA,Emilia-Romagna,08,EMILIA ROMAGNA,Nord-est,0
036013,D607,Fiorano Modenese,Fiorano Modenese,FIORANO MODENESE,Modena,MO,036,MODENA,Emilia-Romagna,08,EMILIA ROMAGNA,Nord-est,0
036014,D617,Fiumalbo,Fiumalbo,FIUMALBO,Modena,MO,036,MODENA,Emilia-Romagna,08,EMILIA ROMAGNA,Nord-est,0
036015,D711,Formigine,Formigine,FORMIGINE,Modena,MO,036,MODENA,Emilia-Romagna,08,EMILIA ROMAGNA,Nord-est,0
036016,D783,Frassinoro,Frassinoro,FRASSINORO,Modena,MO,036,MODENA,Emilia-Romagna,08,EMILIA ROMAGNA,Nord-est,0
036017,E264,Guiglia,Guiglia,GUIGLIA,Modena,MO,036,MODENA,Emilia-Romagna,08,EMILIA ROMAGNA,Nord-est,0
036018,E426,Lama Mocogno,Lama Mocogno,LAMA MOCOGNO,Modena,MO,036,MODENA,Emilia-Romagna,08,EMILIA ROMAGNA,Nord-est,0
036019,E904,Maranello,Maranello,MARANELLO,Modena,MO,036,MODENA,Emilia-Romagna,08,EMILIA ROMAGNA,Nord-est,0
036020,E905,Marano sul Panaro,Marano sul Panaro,MARANO SUL PANARO,Modena,MO,036,MODENA,Emilia-Romagna,08,EMILIA ROMAGNA,Nord-est,0
036021,F087,Medolla,Medolla,MEDOLLA,Modena,MO,036,MODENA,Emilia-Romagna,08,EMILIA ROMAGNA,Nord-est,0
036022,F240,Mirandola,Mirandola,MIRANDOLA,Modena,MO,036,MODENA,Emilia-Romagna,08,EMILIA ROMAGNA,Nord-est,0
036023,F257,Modena,Modena,MODENA,Modena,MO,036,MODENA,Emilia-Romagna,08,EMILIA ROMAGNA,Nord-est,1
036024,F484,Montecreto,Montecreto,MONTECRETO,Modena,MO,036,MODENA,Emilia-Romagna,08,EMILIA ROMAGNA,Nord-est,0
036025,F503,Montefiorino,Montefiorino,MONTEFIORINO,Modena,MO,036,MODENA,Emilia-Romagna,08,EMILIA ROMAGNA,Nord-est,0
036026,F642,Montese,Montese,MONTESE,Modena,MO,036,MODENA,Emilia-Romagna,08,EMILIA ROMAGNA,Nord-est,0
036027,F930,Nonantola,Nonantola,NONANTOLA,Modena,MO,036,MODENA,Emilia-Romagna,08,EMILIA ROMAGNA,Nord-est,0
036028,F966,Novi di Modena,Novi di Modena,NOVI DI MODENA,Modena,MO,036,MODENA,Emilia-Romagna,08,EMILIA ROMAGNA,Nord-est,0
036029,G250,Palagano,Palagano,PALAGANO,Modena,MO,036,MODENA,Emilia-Romagna,08,EMILIA ROMAGNA,Nord-est,0
036030,G393,Pavullo nel Frignano,Pavullo nel Frignano,PAVULLO NEL FRIGNANO,Modena,MO,036,MODENA,Emilia-Romagna,08,EMILIA ROMAGNA,Nord-est,0
036031,G649,Pievepelago,Pievepelago,PIEVEPELAGO,Modena,MO,036,MODENA,Emilia-Romagna,08,EMILIA ROMAGNA,Nord-est,0
036032,G789,Polinago,Polinago,POLINAGO,Modena,MO,036,MODENA,Emilia-Romagna,08,EMILIA ROMAGNA,Nord-est,0
036033,H061,Prignano sulla Secchia,Prignano sulla Secchia,PRIGNANO SULLA SECCHIA,Modena,MO,036,MODENA,Emilia-Romagna,08,EMILIA ROMAGNA,Nord-est,0
036034,H195,Ravarino,Ravarino,RAVARINO,Modena,MO,036,MODENA,Emilia-Romagna,08,EMILIA ROMAGNA,Nord-est,0
036035,H303,Riolunato,Riolunato,RIOLUNATO,Modena,MO,036,MODENA,Emilia-Romagna,08,EMILIA ROMAGNA,Nord-est,0
036036,H794,San Cesario sul Panaro,San Cesario sul Panaro,SAN CESARIO SUL PANARO,Modena,MO,036,MODENA,Emilia-Romagna,08,EMILIA ROMAGNA,Nord-est,0
036037,H835,San Felice sul Panaro,San Felice sul Panaro,SAN FELICE SUL PANARO,Modena,MO,036,MODENA,Emilia-Romagna,08,EMILIA ROMAGNA,Nord-est,0
036038,I128,San Possidonio,San Possidonio,SAN POSSIDONIO,Modena,MO,036,MODENA,Emilia-Romagna,08,EMILIA ROMAGNA,Nord-est,0
036039,I133,San Prospero,San Prospero,SAN PROSPERO,Modena,MO,036,MODENA,Emilia-Romagna,08,EMILIA ROMAGNA,Nord-est,0
036040,I462,Sassuolo,Sassuolo,SASSUOLO,Modena,MO,036,MODENA,Emilia-Romagna,08,EMILIA ROMAGNA,Nord-est,0
036041,I473,Savignano sul Panaro,Savignano sul Panaro,SAVIGNANO SUL PANARO,Modena,MO,036,MODENA,Emilia-Romagna,08,EMILIA ROMAGNA,Nord-est,0
036042,F357,Serramazzoni,Serramazzoni,SERRAMAZZONI,Modena,MO,036,MODENA,Emilia-Romagna,08,EMILIA ROMAGNA,Nord-est,0
036043,I689,Sestola,Sestola,SESTOLA,Modena,MO,036,MODENA,Emilia-Romagna,08,EMILIA ROMAGNA,Nord-est,0
036044,I802,Soliera,Soliera,SOLIERA,Modena,MO,036,MODENA,Emilia-Romagna,08,EMILIA ROMAGNA,Nord-est,0
036045,I903,Spilamberto,Spilamberto,SPILAMBERTO,Modena,MO,036,MODENA,Emilia-Romagna,08,EMILIA ROMAGNA,Nord-est,0
036046,L885,Vignola,Vignola,VIGNOLA,Modena,MO,036,MODENA,Emilia-Romagna,08,EMILIA ROMAGNA,Nord-est,0
036047,M183,Zocca,Zocca,ZOCCA,Modena,MO,036,MODENA,Emilia-Romagna,08,EMILIA ROMAGNA,Nord-est,0
034001,A138,Albareto,Albareto,ALBARETO,Parma,PR,034,PARMA,Emilia-Romagna,08,EMILIA ROMAGNA,Nord-est,0
034002,A646,Bardi,Bardi,BARDI,Parma,PR,034,PARMA,Emilia-Romagna,08,EMILIA ROMAGNA,Nord-est,0
034003,A731,Bedonia,Bedonia,BEDONIA,Parma,PR,034,PARMA,Emilia-Romagna,08,EMILIA ROMAGNA,Nord-est,0
034004,A788,Berceto,Berceto,BERCETO,Parma,PR,034,PARMA,Emilia-Romagna,08,EMILIA ROMAGNA,Nord-est,0
034005,A987,Bore,Bore,BORE,Parma,PR,034,PARMA,Emilia-Romagna,08,EMILIA ROMAGNA,Nord-est,0
034006,B042,Borgo Val di Taro,Borgo Val di Taro,BORGO VAL DI TARO,Parma,PR,034,PARMA,Emilia-Romagna,08,EMILIA ROMAGNA,Nord-est,0
034007,B293,Busseto,Busseto,BUSSETO,Parma,PR,034,PARMA,Emilia-Romagna,08,EMILIA ROMAGNA,Nord-est,0
034008,B408,Calestano,Calestano,CALESTANO,Parma,PR,034,PARMA,Emilia-Romagna,08,EMILIA ROMAGNA,Nord-est,0
034009,C852,Collecchio,Collecchio,COLLECCHIO,Parma,PR,034,PARMA,Emilia-Romagna,08,EMILIA ROMAGNA,Nord-est,0
034010,C904,Colorno,Colorno,COLORNO,Parma,PR,034,PARMA,Emilia-Romagna,08,EMILIA ROMAGNA,Nord-est,0
034011,C934,Compiano,Compiano,COMPIANO,Parma,PR,034,PARMA,Emilia-Romagna,08,EMILIA ROMAGNA,Nord-est,0
034012,D026,Corniglio,Corniglio,CORNIGLIO,Parma,PR,034,PARMA,Emilia-Romagna,08,EMILIA ROMAGNA,Nord-est,0
034013,D526,Felino,Felino,FELINO,Parma,PR,034,PARMA,Emilia-Romagna,08,EMILIA ROMAGNA,Nord-est,0
034014,B034,Fidenza,Fidenza,FIDENZA,Parma,PR,034,PARMA,Emilia-Romagna,08,EMILIA ROMAGNA,Nord-est,0
034015,D673,Fontanellato,Fontanellato,FONTANELLATO,Parma,PR,034,PARMA,Emilia-Romagna,08,EMILIA ROMAGNA,Nord-est,0
034016,D685,Fontevivo,Fontevivo,FONTEVIVO,Parma,PR,034,PARMA,Emilia-Romagna,08,EMILIA ROMAGNA,Nord-est,0
034017,D728,Fornovo di Taro,Fornovo di Taro,FORNOVO DI TARO,Parma,PR,034,PARMA,Emilia-Romagna,08,EMILIA ROMAGNA,Nord-est,0
034018,E438,Langhirano,Langhirano,LANGHIRANO,Parma,PR,034,PARMA,Emilia-Romagna,08,EMILIA ROMAGNA,Nord-est,0
034019,E547,Lesignano de' Bagni,Lesignano de' Bagni,LESIGNANO DE BAGNI,Parma,PR,034,PARMA,Emilia-Romagna,08,EMILIA ROMAGNA,Nord-est,0
034020,F082,Medesano,Medesano,MEDESANO,Parma,PR,034,PARMA,Emilia-Romagna,08,EMILIA ROMAGNA,Nord-est,0
034022,F340,Monchio delle Corti,Monchio delle Corti,MONCHIO DELLE CORTI,Parma,PR,034,PARMA,Emilia-Romagna,08,EMILIA ROMAGNA,Nord-est,0
034023,F473,Montechiarugolo,Montechiarugolo,MONTECHIARUGOLO,Parma,PR,034,PARMA,Emilia-Romagna,08,EMILIA ROMAGNA,Nord-est,0
034024,F882,Neviano degli Arduini,Neviano degli Arduini,NEVIANO DEGLI ARDUINI,Parma,PR,034,PARMA,Emilia-Romagna,08,EMILIA ROMAGNA,Nord-est,0
034025,F914,Noceto,Noceto,NOCETO,Parma,PR,034,PARMA,Emilia-Romagna,08,EMILIA ROMAGNA,Nord-est,0
034026,G255,Palanzano,Palanzano,PALANZANO,Parma,PR,034,PARMA,Emilia-Romagna,08,EMILIA ROMAGNA,Nord-est,0
034027,G337,Parma,Parma,PARMA,Parma,PR,034,PARMA,Emilia-Romagna,08,EMILIA ROMAGNA,Nord-est,1
034028,G424,Pellegrino Parmense,Pellegrino Parmense,PELLEGRINO PARMENSE,Parma,PR,034,PARMA,Emilia-Romagna,08,EMILIA ROMAGNA,Nord-est,0
034050,M367,Polesine Zibello,Polesine Zibello,POLESINE ZIBELLO,Parma,PR,034,PARMA,Emilia-Romagna,08,EMILIA ROMAGNA,Nord-est,0
034030,H384,Roccabianca,Roccabianca,ROCCABIANCA,Parma,PR,034,PARMA,Emilia-Romagna,08,EMILIA ROMAGNA,Nord-est,0
034031,H682,Sala Baganza,Sala Baganza,SALA BAGANZA,Parma,PR,034,PARMA,Emilia-Romagna,08,EMILIA ROMAGNA,Nord-est,0
034032,H720,Salsomaggiore Terme,Salsomaggiore Terme,SALSOMAGGIORE TERME,Parma,PR,034,PARMA,Emilia-Romagna,08,EMILIA ROMAGNA,Nord-est,0
034033,I153,San Secondo Parmense,San Secondo Parmense,SAN SECONDO PARMENSE,Parma,PR,034,PARMA,Emilia-Romagna,08,EMILIA ROMAGNA,Nord-est,0
034049,M325,Sissa Trecasali,Sissa Trecasali,SISSA TRECASALI,Parma,PR,034,PARMA,Emilia-Romagna,08,EMILIA ROMAGNA,Nord-est,0
034035,I803,Solignano,Solignano,SOLIGNANO,Parma,PR,034,PARMA,Emilia-Romagna,08,EMILIA ROMAGNA,Nord-est,0
034036,I840,Soragna,Soragna,SORAGNA,Parma,PR,034,PARMA,Emilia-Romagna,08,EMILIA ROMAGNA,Nord-est,0
034051,M411,Sorbolo Mezzani,Sorbolo Mezzani,SORBOLO MEZZANI,Parma,PR,034,PARMA,Emilia-Romagna,08,EMILIA ROMAGNA,Nord-est,0
034038,E548,Terenzo,Terenzo,TERENZO,Parma,PR,034,PARMA,Emilia-Romagna,08,EMILIA ROMAGNA,Nord-est,0
034039,L183,Tizzano Val Parma,Tizzano Val Parma,TIZZANO VAL PARMA,Parma,PR,034,PARMA,Emilia-Romagna,08,EMILIA ROMAGNA,Nord-est,0
034040,L229,Tornolo,Tornolo,TORNOLO,Parma,PR,034,PARMA,Emilia-Romagna,08,EMILIA ROMAGNA,Nord-est,0
034041,L299,Torrile,Torrile,TORRILE,Parma,PR,034,PARMA,Emilia-Romagna,08,EMILIA ROMAGNA,Nord-est,0
034042,L346,Traversetolo,Traversetolo,TRAVERSETOLO,Parma,PR,034,PARMA,Emilia-Romagna,08,EMILIA ROMAGNA,Nord-est,0
034044,L641,Valmozzola,Valmozzola,VALMOZZOLA,Parma,PR,034,PARMA,Emilia-Romagna,08,EMILIA ROMAGNA,Nord-est,0
034045,L672,Varano de' Melegari,Varano de' Melegari,VARANO DE MELEGARI,Parma,PR,034,PARMA,Emilia-Romagna,08,EMILIA ROMAGNA,Nord-est,0
034046,L689,Varsi,Varsi,VARSI,Parma,PR,034,PARMA,Emilia-Romagna,08,EMILIA ROMAGNA,Nord-est,0
033001,A067,Agazzano,Agazzano,AGAZZANO,Piacenza,PC,033,PIACENZA,Emilia-Romagna,08,EMILIA ROMAGNA,Nord-est,0
033002,A223,Alseno,Alseno,ALSENO,Piacenza,PC,033,PIACENZA,Emilia-Romagna,08,EMILIA ROMAGNA,Nord-est,0
033049,M386,Alta Val Tidone,Alta Val Tidone,ALTA VAL TIDONE,Piacenza,PC,033,PIACENZA,Emilia-Romagna,08,EMILIA ROMAGNA,Nord-est,0
033003,A823,Besenzone,Besenzone,BESENZONE,Piacenza,PC,033,PIACENZA,Emilia-Romagna,08,EMILIA ROMAGNA,Nord-est,0
033004,A831,Bettola,Bettola,BETTOLA,Piacenza,PC,033,PIACENZA,Emilia-Romagna,08,EMILIA ROMAGNA,Nord-est,0
033005,A909,Bobbio,Bobbio,BOBBIO,Piacenza,PC,033,PIACENZA,Emilia-Romagna,08,EMILIA ROMAGNA,Nord-est,0
033006,B025,Borgonovo Val Tidone,Borgonovo Val Tidone,BORGONOVO VAL TIDONE,Piacenza,PC,033,PIACENZA,Emilia-Romagna,08,EMILIA ROMAGNA,Nord-est,0
033007,B332,Cadeo,Cadeo,CADEO,Piacenza,PC,033,PIACENZA,Emilia-Romagna,08,EMILIA ROMAGNA,Nord-est,0
033008,B405,Calendasco,Calendasco,CALENDASCO,Piacenza,PC,033,PIACENZA,Emilia-Romagna,08,EMILIA ROMAGNA,Nord-est,0
033010,B643,Caorso,Caorso,CAORSO,Piacenza,PC,033,PIACENZA,Emilia-Romagna,08,EMILIA ROMAGNA,Nord-est,0
033011,B812,Carpaneto Piacentino,Carpaneto Piacentino,CARPANETO PIACENTINO,Piacenza,PC,033,PIACENZA,Emilia-Romagna,08,EMILIA ROMAGNA,Nord-est,0
033013,C261,Castel San Giovanni,Castel San Giovanni,CASTEL SAN GIOVANNI,Piacenza,PC,033,PIACENZA,Emilia-Romagna,08,EMILIA ROMAGNA,Nord-est,0
033012,C145,Castell'Arquato,Castell'Arquato,CASTELL ARQUATO,Piacenza,PC,033,PIACENZA,Emilia-Romagna,08,EMILIA ROMAGNA,Nord-est,0
033014,C288,Castelvetro Piacentino,Castelvetro Piacentino,CASTELVETRO PIACENTINO,Piacenza,PC,033,PIACENZA,Emilia-Romagna,08,EMILIA ROMAGNA,Nord-est,0
033015,C513,Cerignale,Cerignale,CERIGNALE,Piacenza,PC,033,PIACENZA,Emilia-Romagna,08,EMILIA ROMAGNA,Nord-est,0
033016,C838,Coli,Coli,COLI,Piacenza,PC,033,PIACENZA,Emilia-Romagna,08,EMILIA ROMAGNA,Nord-est,0
033017,D054,Corte Brugnatella,Corte Brugnatella,CORTE BRUGNATELLA,Piacenza,PC,033,PIACENZA,Emilia-Romagna,08,EMILIA ROMAGNA,Nord-est,0
033018,D061,Cortemaggiore,Cortemaggiore,CORTEMAGGIORE,Piacenza,PC,033,PIACENZA,Emilia-Romagna,08,EMILIA ROMAGNA,Nord-est,0
033019,D502,Farini,Farini,FARINI,Piacenza,PC,033,PIACENZA,Emilia-Romagna,08,EMILIA ROMAGNA,Nord-est,0
033020,D555,Ferriere,Ferriere,FERRIERE,Piacenza,PC,033,PIACENZA,Emilia-Romagna,08,EMILIA ROMAGNA,Nord-est,0
033021,D611,Fiorenzuola d'Arda,Fiorenzuola d'Arda,FIORENZUOLA D ARDA,Piacenza,PC,033,PIACENZA,Emilia-Romagna,08,EMILIA ROMAGNA,Nord-est,0
033022,D958,Gazzola,Gazzola,GAZZOLA,Piacenza,PC,033,PIACENZA,Emilia-Romagna,08,EMILIA ROMAGNA,Nord-est,0
033023,E114,Gossolengo,Gossolengo,GOSSOLENGO,Piacenza,PC,033,PIACENZA,Emilia-Romagna,08,EMILIA ROMAGNA,Nord-est,0
033024,E132,Gragnano Trebbiense,Gragnano Trebbiense,GRAGNANO TREBBIENSE,Piacenza,PC,033,PIACENZA,Emilia-Romagna,08,EMILIA ROMAGNA,Nord-est,0
033025,E196,Gropparello,Gropparello,GROPPARELLO,Piacenza,PC,033,PIACENZA,Emilia-Romagna,08,EMILIA ROMAGNA,Nord-est,0
033026,E726,Lugagnano Val d'Arda,Lugagnano Val d'Arda,LUGAGNANO VAL D ARDA,Piacenza,PC,033,PIACENZA,Emilia-Romagna,08,EMILIA ROMAGNA,Nord-est,0
033027,F671,Monticelli d'Ongina,Monticelli d'Ongina,MONTICELLI D ONGINA,Piacenza,PC,033,PIACENZA,Emilia-Romagna,08,EMILIA ROMAGNA,Nord-est,0
033028,F724,Morfasso,Morfasso,MORFASSO,Piacenza,PC,033,PIACENZA,Emilia-Romagna,08,EMILIA ROMAGNA,Nord-est,0
033030,G195,Ottone,Ottone,OTTONE,Piacenza,PC,033,PIACENZA,Emilia-Romagna,08,EMILIA ROMAGNA,Nord-est,0
033032,G535,Piacenza,Piacenza,PIACENZA,Piacenza,PC,033,PIACENZA,Emilia-Romagna,08,EMILIA ROMAGNA,Nord-est,1
033033,G557,Pianello Val Tidone,Pianello Val Tidone,PIANELLO VAL TIDONE,Piacenza,PC,033,PIACENZA,Emilia-Romagna,08,EMILIA ROMAGNA,Nord-est,0
033034,G696,Piozzano,Piozzano,PIOZZANO,Piacenza,PC,033,PIACENZA,Emilia-Romagna,08,EMILIA ROMAGNA,Nord-est,0
033035,G747,Podenzano,Podenzano,PODENZANO,Piacenza,PC,033,PIACENZA,Emilia-Romagna,08,EMILIA ROMAGNA,Nord-est,0
033036,G842,Ponte dell'Olio,Ponte dell'Olio,PONTE DELL OLIO,Piacenza,PC,033,PIACENZA,Emilia-Romagna,08,EMILIA ROMAGNA,Nord-est,0
033037,G852,Pontenure,Pontenure,PONTENURE,Piacenza,PC,033,PIACENZA,Emilia-Romagna,08,EMILIA ROMAGNA,Nord-est,0
033038,H350,Rivergaro,Rivergaro,RIVERGARO,Piacenza,PC,033,PIACENZA,Emilia-Romagna,08,EMILIA ROMAGNA,Nord-est,0
033039,H593,Rottofreno,Rottofreno,ROTTOFRENO,Piacenza,PC,033,PIACENZA,Emilia-Romagna,08,EMILIA ROMAGNA,Nord-est,0
033040,H887,San Giorgio Piacentino,San Giorgio Piacentino,SAN GIORGIO PIACENTINO,Piacenza,PC,033,PIACENZA,Emilia-Romagna,08,EMILIA ROMAGNA,Nord-est,0
033041,G788,San Pietro in Cerro,San Pietro in Cerro,SAN PIETRO IN CERRO,Piacenza,PC,033,PIACENZA,Emilia-Romagna,08,EMILIA ROMAGNA,Nord-est,0
033042,I434,Sarmato,Sarmato,SARMATO,Piacenza,PC,033,PIACENZA,Emilia-Romagna,08,EMILIA ROMAGNA,Nord-est,0
033043,L348,Travo,Travo,TRAVO,Piacenza,PC,033,PIACENZA,Emilia-Romagna,08,EMILIA ROMAGNA,Nord-est,0
033044,L772,Vernasca,Vernasca,VERNASCA,Piacenza,PC,033,PIACENZA,Emilia-Romagna,08,EMILIA ROMAGNA,Nord-est,0
033045,L897,Vigolzone,Vigolzone,VIGOLZONE,Piacenza,PC,033,PIACENZA,Emilia-Romagna,08,EMILIA ROMAGNA,Nord-est,0
033046,L980,Villanova sull'Arda,Villanova sull'Arda,VILLANOVA SULL ARDA,Piacenza,PC,033,PIACENZA,Emilia-Romagna,08,EMILIA ROMAGNA,Nord-est,0
033047,M165,Zerba,Zerba,ZERBA,Piacenza,PC,033,PIACENZA,Emilia-Romagna,08,EMILIA ROMAGNA,Nord-est,0
033048,L848,Ziano Piacentino,Ziano Piacentino,ZIANO PIACENTINO,Piacenza,PC,033,PIACENZA,Emilia-Romagna,08,EMILIA ROMAGNA,Nord-est,0
039001,A191,Alfonsine,Alfonsine,ALFONSINE,Ravenna,RA,039,RAVENNA,Emilia-Romagna,08,EMILIA ROMAGNA,Nord-est,0
039002,A547,Bagnacavallo,Bagnacavallo,BAGNACAVALLO,Ravenna,RA,039,RAVENNA,Emilia-Romagna,08,EMILIA ROMAGNA,Nord-est,0
039003,A551,Bagnara di Romagna,Bagnara di Romagna,BAGNARA DI ROMAGNA,Ravenna,RA,039,RAVENNA,Emilia-Romagna,08,EMILIA ROMAGNA,Nord-est,0
039004,B188,Brisighella,Brisighella,BRISIGHELLA,Ravenna,RA,039,RAVENNA,Emilia-Romagna,08,EMILIA ROMAGNA,Nord-est,0
039005,B982,Casola Valsenio,Casola Valsenio,CASOLA VALSENIO,Ravenna,RA,039,RAVENNA,Emilia-Romagna,08,EMILIA ROMAGNA,Nord-est,0
039006,C065,Castel Bolognese,Castel Bolognese,CASTEL BOLOGNESE,Ravenna,RA,039,RAVENNA,Emilia-Romagna,08,EMILIA ROMAGNA,Nord-est,0
039007,C553,Cervia,Cervia,CERVIA,Ravenna,RA,039,RAVENNA,Emilia-Romagna,08,EMILIA ROMAGNA,Nord-est,0
039008,C963,Conselice,Conselice,CONSELICE,Ravenna,RA,039,RAVENNA,Emilia-Romagna,08,EMILIA ROMAGNA,Nord-est,0
039009,D121,Cotignola,Cotignola,COTIGNOLA,Ravenna,RA,039,RAVENNA,Emilia-Romagna,08,EMILIA ROMAGNA,Nord-est,0
039010,D458,Faenza,Faenza,FAENZA,Ravenna,RA,039,RAVENNA,Emilia-Romagna,08,EMILIA ROMAGNA,Nord-est,0
039011,D829,Fusignano,Fusignano,FUSIGNANO,Ravenna,RA,039,RAVENNA,Emilia-Romagna,08,EMILIA ROMAGNA,Nord-est,0
039012,E730,Lugo,Lugo,LUGO,Ravenna,RA,039,RAVENNA,Emilia-Romagna,08,EMILIA ROMAGNA,Nord-est,0
039013,F029,Massa Lombarda,Massa Lombarda,MASSA LOMBARDA,Ravenna,RA,039,RAVENNA,Emilia-Romagna,08,EMILIA ROMAGNA,Nord-est,0
039014,H199,Ravenna,Ravenna,RAVENNA,Ravenna,RA,039,RAVENNA,Emilia-Romagna,08,EMILIA ROMAGNA,Nord-est,1
039015,H302,Riolo Terme,Riolo Terme,RIOLO TERME,Ravenna,RA,039,RAVENNA,Emilia-Romagna,08,EMILIA ROMAGNA,Nord-est,0
039016,H642,Russi,Russi,RUSSI,Ravenna,RA,039,RAVENNA,Emilia-Romagna,08,EMILIA ROMAGNA,Nord-est,0
039017,I196,Sant'Agata sul Santerno,Sant'Agata sul Santerno,SANT AGATA SUL SANTERNO,Ravenna,RA,039,RAVENNA,Emilia-Romagna,08,EMILIA ROMAGNA,Nord-est,0
039018,I787,Solarolo,Solarolo,SOLAROLO,Ravenna,RA,039,RAVENNA,Emilia-Romagna,08,EMILIA ROMAGNA,Nord-est,0
035001,A162,Albinea,Albinea,ALBINEA,Reggio nell'Emilia,RE,035,REGGIO NELL EMILIA,Emilia-Romagna,08,EMILIA ROMAGNA,Nord-est,0
035002,A573,Bagnolo in Piano,Bagnolo in Piano,BAGNOLO IN PIANO,Reggio nell'Emilia,RE,035,REGGIO NELL EMILIA,Emilia-Romagna,08,EMILIA ROMAGNA,Nord-est,0
035003,A586,Baiso,Baiso,BAISO,Reggio nell'Emilia,RE,035,REGGIO NELL EMILIA,Emilia-Romagna,08,EMILIA ROMAGNA,Nord-est,0
035004,A850,Bibbiano,Bibbiano,BIBBIANO,Reggio nell'Emilia,RE,035,REGGIO NELL EMILIA,Emilia-Romagna,08,EMILIA ROMAGNA,Nord-est,0
035005,A988,Boretto,Boretto,BORETTO,Reggio nell'Emilia,RE,035,REGGIO NELL EMILIA,Emilia-Romagna,08,EMILIA ROMAGNA,Nord-est,0
035006,B156,Brescello,Brescello,BRESCELLO,Reggio nell'Emilia,RE,035,REGGIO NELL EMILIA,Emilia-Romagna,08,EMILIA ROMAGNA,Nord-est,0
035008,B328,Cadelbosco di Sopra,Cadelbosco di Sopra,CADELBOSCO DI SOPRA,Reggio nell'Emilia,RE,035,REGGIO NELL EMILIA,Emilia-Romagna,08,EMILIA ROMAGNA,Nord-est,0
035009,B499,Campagnola Emilia,Campagnola Emilia,CAMPAGNOLA EMILIA,Reggio nell'Emilia,RE,035,REGGIO NELL EMILIA,Emilia-Romagna,08,EMILIA ROMAGNA,Nord-est,0
035010,B502,Campegine,Campegine,CAMPEGINE,Reggio nell'Emilia,RE,035,REGGIO NELL EMILIA,Emilia-Romagna,08,EMILIA ROMAGNA,Nord-est,0
035018,C669,Canossa,Canossa,CANOSSA,Reggio nell'Emilia,RE,035,REGGIO NELL EMILIA,Emilia-Romagna,08,EMILIA ROMAGNA,Nord-est,0
035011,B825,Carpineti,Carpineti,CARPINETI,Reggio nell'Emilia,RE,035,REGGIO NELL EMILIA,Emilia-Romagna,08,EMILIA ROMAGNA,Nord-est,0
035012,B893,Casalgrande,Casalgrande,CASALGRANDE,Reggio nell'Emilia,RE,035,REGGIO NELL EMILIA,Emilia-Romagna,08,EMILIA ROMAGNA,Nord-est,0
035013,B967,Casina,Casina,CASINA,Reggio nell'Emilia,RE,035,REGGIO NELL EMILIA,Emilia-Romagna,08,EMILIA ROMAGNA,Nord-est,0
035014,C141,Castellarano,Castellarano,CASTELLARANO,Reggio nell'Emilia,RE,035,REGGIO NELL EMILIA,Emilia-Romagna,08,EMILIA ROMAGNA,Nord-est,0
035015,C218,Castelnovo di Sotto,Castelnovo di Sotto,CASTELNOVO DI SOTTO,Reggio nell'Emilia,RE,035,REGGIO NELL EMILIA,Emilia-Romagna,08,EMILIA ROMAGNA,Nord-est,0
035016,C219,Castelnovo ne' Monti,Castelnovo ne' Monti,CASTELNOVO NE MONTI,Reggio nell'Emilia,RE,035,REGGIO NELL EMILIA,Emilia-Romagna,08,EMILIA ROMAGNA,Nord-est,0
035017,C405,Cavriago,Cavriago,CAVRIAGO,Reggio nell'Emilia,RE,035,REGGIO NELL EMILIA,Emilia-Romagna,08,EMILIA ROMAGNA,Nord-est,0
035020,D037,Correggio,Correggio,CORREGGIO,Reggio nell'Emilia,RE,035,REGGIO NELL EMILIA,Emilia-Romagna,08,EMILIA ROMAGNA,Nord-est,0
035021,D450,Fabbrico,Fabbrico,FABBRICO,Reggio nell'Emilia,RE,035,REGGIO NELL EMILIA,Emilia-Romagna,08,EMILIA ROMAGNA,Nord-est,0
035022,D934,Gattatico,Gattatico,GATTATICO,Reggio nell'Emilia,RE,035,REGGIO NELL EMILIA,Emilia-Romagna,08,EMILIA ROMAGNA,Nord-est,0
035023,E232,Gualtieri,Gualtieri,GUALTIERI,Reggio nell'Emilia,RE,035,REGGIO NELL EMILIA,Emilia-Romagna,08,EMILIA ROMAGNA,Nord-est,0
035024,E253,Guastalla,Guastalla,GUASTALLA,Reggio nell'Emilia,RE,035,REGGIO NELL EMILIA,Emilia-Romagna,08,EMILIA ROMAGNA,Nord-est,0
035026,E772,Luzzara,Luzzara,LUZZARA,Reggio nell'Emilia,RE,035,REGGIO NELL EMILIA,Emilia-Romagna,08,EMILIA ROMAGNA,Nord-est,0
035027,F463,Montecchio Emilia,Montecchio Emilia,MONTECCHIO EMILIA,Reggio nell'Emilia,RE,035,REGGIO NELL EMILIA,Emilia-Romagna,08,EMILIA ROMAGNA,Nord-est,0
035028,F960,Novellara,Novellara,NOVELLARA,Reggio nell'Emilia,RE,035,REGGIO NELL EMILIA,Emilia-Romagna,08,EMILIA ROMAGNA,Nord-est,0
035029,G947,Poviglio,Poviglio,POVIGLIO,Reggio nell'Emilia,RE,035,REGGIO NELL EMILIA,Emilia-Romagna,08,EMILIA ROMAGNA,Nord-est,0
035030,H122,Quattro Castella,Quattro Castella,QUATTRO CASTELLA,Reggio nell'Emilia,RE,035,REGGIO NELL EMILIA,Emilia-Romagna,08,EMILIA ROMAGNA,Nord-est,0
035033,H223,Reggio nell'Emilia,Reggio nell'Emilia,REGGIO NELL EMILIA,Reggio nell'Emilia,RE,035,REGGIO NELL EMILIA,Emilia-Romagna,08,EMILIA ROMAGNA,Nord-est,1
035032,H225,Reggiolo,Reggiolo,REGGIOLO,Reggio nell'Emilia,RE,035,REGGIO NELL EMILIA,Emilia-Romagna,08,EMILIA ROMAGNA,Nord-est,0
035034,H298,Rio Saliceto,Rio Saliceto,RIO SALICETO,Reggio nell'Emilia,RE,035,REGGIO NELL EMILIA,Emilia-Romagna,08,EMILIA ROMAGNA,Nord-est,0
035035,H500,Rolo,Rolo,ROLO,Reggio nell'Emilia,RE,035,REGGIO NELL EMILIA,Emilia-Romagna,08,EMILIA ROMAGNA,Nord-est,0
035036,H628,Rubiera,Rubiera,RUBIERA,Reggio nell'Emilia,RE,035,REGGIO NELL EMILIA,Emilia-Romagna,08,EMILIA ROMAGNA,Nord-est,0
035037,I011,San Martino in Rio,San Martino in Rio,SAN MARTINO IN RIO,Reggio nell'Emilia,RE,035,REGGIO NELL EMILIA,Emilia-Romagna,08,EMILIA ROMAGNA,Nord-est,0
035038,I123,San Polo d'Enza,San Polo d'Enza,SAN POLO D ENZA,Reggio nell'Emilia,RE,035,REGGIO NELL EMILIA,Emilia-Romagna,08,EMILIA ROMAGNA,Nord-est,0
035039,I342,Sant'Ilario d'Enza,Sant'Ilario d'Enza,SANT ILARIO D ENZA,Reggio nell'Emilia,RE,035,REGGIO NELL EMILIA,Emilia-Romagna,08,EMILIA ROMAGNA,Nord-est,0
035040,I496,Scandiano,Scandiano,SCANDIANO,Reggio nell'Emilia,RE,035,REGGIO NELL EMILIA,Emilia-Romagna,08,EMILIA ROMAGNA,Nord-est,0
035041,L184,Toano,Toano,TOANO,Reggio nell'Emilia,RE,035,REGGIO NELL EMILIA,Emilia-Romagna,08,EMILIA ROMAGNA,Nord-est,0
035046,M364,Ventasso,Ventasso,VENTASSO,Reggio nell'Emilia,RE,035,REGGIO NELL EMILIA,Emilia-Romagna,08,EMILIA ROMAGNA,Nord-est,0
035042,L815,Vetto,Vetto,VETTO,Reggio nell'Emilia,RE,035,REGGIO NELL EMILIA,Emilia-Romagna,08,EMILIA ROMAGNA,Nord-est,0
035043,L820,Vezzano sul Crostolo,Vezzano sul Crostolo,VEZZANO SUL CROSTOLO,Reggio nell'Emilia,RE,035,REGGIO NELL EMILIA,Emilia-Romagna,08,EMILIA ROMAGNA,Nord-est,0
035044,L831,Viano,Viano,VIANO,Reggio nell'Emilia,RE,035,REGGIO NELL EMILIA,Emilia-Romagna,08,EMILIA ROMAGNA,Nord-est,0
035045,L969,Villa Minozzo,Villa Minozzo,VILLA MINOZZO,Reggio nell'Emilia,RE,035,REGGIO NELL EMILIA,Emilia-Romagna,08,EMILIA ROMAGNA,Nord-est,0
099001,A747,Bellaria-Igea Marina,Bellaria-Igea Marina,BELLARIA IGEA MARINA,Rimini,RN,099,RIMINI,Emilia-Romagna,08,EMILIA ROMAGNA,Nord-est,0
099021,C080,Casteldelci,Casteldelci,CASTELDELCI,Rimini,RN,099,RIMINI,Emilia-Romagna,08,EMILIA ROMAGNA,Nord-est,0
099002,C357,Cattolica,Cattolica,CATTOLICA,Rimini,RN,099,RIMINI,Emilia-Romagna,08,EMILIA ROMAGNA,Nord-est,0
099003,D004,Coriano,Coriano,CORIANO,Rimini,RN,099,RIMINI,Emilia-Romagna,08,EMILIA ROMAGNA,Nord-est,0
099004,D961,Gemmano,Gemmano,GEMMANO,Rimini,RN,099,RIMINI,Emilia-Romagna,08,EMILIA ROMAGNA,Nord-est,0
099022,E838,Maiolo,Maiolo,MAIOLO,Rimini,RN,099,RIMINI,Emilia-Romagna,08,EMILIA ROMAGNA,Nord-est,0
099005,F244,Misano Adriatico,Misano Adriatico,MISANO ADRIATICO,Rimini,RN,099,RIMINI,Emilia-Romagna,08,EMILIA ROMAGNA,Nord-est,0
099006,F346,Mondaino,Mondaino,MONDAINO,Rimini,RN,099,RIMINI,Emilia-Romagna,08,EMILIA ROMAGNA,Nord-est,0
099030,F478,Montecopiolo,Montecopiolo,MONTECOPIOLO,Rimini,RN,099,RIMINI,Emilia-Romagna,08,EMILIA ROMAGNA,Nord-est,0
099008,F502,Montefiore Conca,Montefiore Conca,MONTEFIORE CONCA,Rimini,RN,099,RIMINI,Emilia-Romagna,08,EMILIA ROMAGNA,Nord-est,0
099009,F523,Montegridolfo,Montegridolfo,MONTEGRIDOLFO,Rimini,RN,099,RIMINI,Emilia-Romagna,08,EMILIA ROMAGNA,Nord-est,0
099029,M368,Montescudo-Monte Colombo,Montescudo-Monte Colombo,MONTESCUDO MONTE COLOMBO,Rimini,RN,099,RIMINI,Emilia-Romagna,08,EMILIA ROMAGNA,Nord-est,0
099011,F715,Morciano di Romagna,Morciano di Romagna,MORCIANO DI ROMAGNA,Rimini,RN,099,RIMINI,Emilia-Romagna,08,EMILIA ROMAGNA,Nord-est,0
099023,F137,Novafeltria,Novafeltria,NOVAFELTRIA,Rimini,RN,099,RIMINI,Emilia-Romagna,08,EMILIA ROMAGNA,Nord-est,0
099024,G433,Pennabilli,Pennabilli,PENNABILLI,Rimini,RN,099,RIMINI,Emilia-Romagna,08,EMILIA ROMAGNA,Nord-est,0
099028,M324,Poggio Torriana,Poggio Torriana,POGGIO TORRIANA,Rimini,RN,099,RIMINI,Emilia-Romagna,08,EMILIA ROMAGNA,Nord-est,0
099013,H274,Riccione,Riccione,RICCIONE,Rimini,RN,099,RIMINI,Emilia-Romagna,08,EMILIA ROMAGNA,Nord-est,0
099014,H294,Rimini,Rimini,RIMINI,Rimini,RN,099,RIMINI,Emilia-Romagna,08,EMILIA ROMAGNA,Nord-est,1
099015,H724,Saludecio,Saludecio,SALUDECIO,Rimini,RN,099,RIMINI,Emilia-Romagna,08,EMILIA ROMAGNA,Nord-est,0
099016,H801,San Clemente,San Clemente,SAN CLEMENTE,Rimini,RN,099,RIMINI,Emilia-Romagna,08,EMILIA ROMAGNA,Nord-est,0
099017,H921,San Giovanni in Marignano,San Giovanni in Marignano,SAN GIOVANNI IN MARIGNANO,Rimini,RN,099,RIMINI,Emilia-Romagna,08,EMILIA ROMAGNA,Nord-est,0
099025,H949,San Leo,San Leo,SAN LEO,Rimini,RN,099,RIMINI,Emilia-Romagna,08,EMILIA ROMAGNA,Nord-est,0
099026,I201,Sant'Agata Feltria,Sant'Agata Feltria,SANT AGATA FELTRIA,Rimini,RN,099,RIMINI,Emilia-Romagna,08,EMILIA ROMAGNA,Nord-est,0
099018,I304,Santarcangelo di Romagna,Santarcangelo di Romagna,SANTARCANGELO DI ROMAGNA,Rimini,RN,099,RIMINI,Emilia-Romagna,08,EMILIA ROMAGNA,Nord-est,0
099031,I460,Sassofeltrio,Sassofeltrio,SASSOFELTRIO,Rimini,RN,099,RIMINI,Emilia-Romagna,08,EMILIA ROMAGNA,Nord-est,0
099027,L034,Talamello,Talamello,TALAMELLO,Rimini,RN,099,RIMINI,Emilia-Romagna,08,EMILIA ROMAGNA,Nord-est,0
099020,L797,Verucchio,Verucchio,VERUCCHIO,Rimini,RN,099,RIMINI,Emilia-Romagna,08,EMILIA ROMAGNA,Nord-est,0
031001,B712,Capriva del Friuli,Capriva del Friuli,CAPRIVA DEL FRIULI,Gorizia,GO,031,GORIZIA,Friuli-Venezia Giulia,06,FRIULI VENEZIA GIULIA,Nord-est,0
031002,D014,Cormons,Cormons,CORMONS,Gorizia,GO,031,GORIZIA,Friuli-Venezia Giulia,06,FRIULI VENEZIA GIULIA,Nord-est,0
031003,D312,Doberdò del Lago-Doberdob,Doberdò del Lago,DOBERDO DEL LAGO,Gorizia,GO,031,GORIZIA,Friuli-Venezia Giulia,06,FRIULI VENEZIA GIULIA,Nord-est,0
031004,D321,Dolegna del Collio,Dolegna del Collio,DOLEGNA DEL COLLIO,Gorizia,GO,031,GORIZIA,Friuli-Venezia Giulia,06,FRIULI VENEZIA GIULIA,Nord-est,0
031005,D504,Farra d'Isonzo,Farra d'Isonzo,FARRA D ISONZO,Gorizia,GO,031,GORIZIA,Friuli-Venezia Giulia,06,FRIULI VENEZIA GIULIA,Nord-est,0
031006,D645,Fogliano Redipuglia,Fogliano Redipuglia,FOGLIANO REDIPUGLIA,Gorizia,GO,031,GORIZIA,Friuli-Venezia Giulia,06,FRIULI VENEZIA GIULIA,Nord-est,0
031007,E098,Gorizia,Gorizia,GORIZIA,Gorizia,GO,031,GORIZIA,Friuli-Venezia Giulia,06,FRIULI VENEZIA GIULIA,Nord-est,1
031008,E124,Gradisca d'Isonzo,Gradisca d'Isonzo,GRADISCA D ISONZO,Gorizia,GO,031,GORIZIA,Friuli-Venezia Giulia,06,FRIULI VENEZIA GIULIA,Nord-est,0
031009,E125,Grado,Grado,GRADO,Gorizia,GO,031,GORIZIA,Friuli-Venezia Giulia,06,FRIULI VENEZIA GIULIA,Nord-est,0
031010,E952,Mariano del Friuli,Mariano del Friuli,MARIANO DEL FRIULI,Gorizia,GO,031,GORIZIA,Friuli-Venezia Giulia,06,FRIULI VENEZIA GIULIA,Nord-est,0
031011,F081,Medea,Medea,MEDEA,Gorizia,GO,031,GORIZIA,Friuli-Venezia Giulia,06,FRIULI VENEZIA GIULIA,Nord-est,0
031012,F356,Monfalcone,Monfalcone,MONFALCONE,Gorizia,GO,031,GORIZIA,Friuli-Venezia Giulia,06,FRIULI VENEZIA GIULIA,Nord-est,0
031013,F710,Moraro,Moraro,MORARO,Gorizia,GO,031,GORIZIA,Friuli-Venezia Giulia,06,FRIULI VENEZIA GIULIA,Nord-est,0
031014,F767,Mossa,Mossa,MOSSA,Gorizia,GO,031,GORIZIA,Friuli-Venezia Giulia,06,FRIULI VENEZIA GIULIA,Nord-est,0
031015,H514,Romans d'Isonzo,Romans d'Isonzo,ROMANS D ISONZO,Gorizia,GO,031,GORIZIA,Friuli-Venezia Giulia,06,FRIULI VENEZIA GIULIA,Nord-est,0
031016,H531,Ronchi dei Legionari,Ronchi dei Legionari,RONCHI DEI LEGIONARI,Gorizia,GO,031,GORIZIA,Friuli-Venezia Giulia,06,FRIULI VENEZIA GIULIA,Nord-est,0
031017,H665,Sagrado,Sagrado,SAGRADO,Gorizia,GO,031,GORIZIA,Friuli-Venezia Giulia,06,FRIULI VENEZIA GIULIA,Nord-est,0
031018,H787,San Canzian d'Isonzo,San Canzian d'Isonzo,SAN CANZIAN D ISONZO,Gorizia,GO,031,GORIZIA,Friuli-Venezia Giulia,06,FRIULI VENEZIA GIULIA,Nord-est,0
031019,H845,San Floriano del Collio-Števerjan,San Floriano del Collio,SAN FLORIANO DEL COLLIO,Gorizia,GO,031,GORIZIA,Friuli-Venezia Giulia,06,FRIULI VENEZIA GIULIA,Nord-est,0
031020,H964,San Lorenzo Isontino,San Lorenzo Isontino,SAN LORENZO ISONTINO,Gorizia,GO,031,GORIZIA,Friuli-Venezia Giulia,06,FRIULI VENEZIA GIULIA,Nord-est,0
031021,I082,San Pier d'Isonzo,San Pier d'Isonzo,SAN PIER D ISONZO,Gorizia,GO,031,GORIZIA,Friuli-Venezia Giulia,06,FRIULI VENEZIA GIULIA,Nord-est,0
031022,I479,Savogna d'Isonzo-Sovodnje ob Soči,Savogna d'Isonzo,SAVOGNA D ISONZO,Gorizia,GO,031,GORIZIA,Friuli-Venezia Giulia,06,FRIULI VENEZIA GIULIA,Nord-est,0
031023,I939,Staranzano,Staranzano,STARANZANO,Gorizia,GO,031,GORIZIA,Friuli-Venezia Giulia,06,FRIULI VENEZIA GIULIA,Nord-est,0
031024,L474,Turriaco,Turriaco,TURRIACO,Gorizia,GO,031,GORIZIA,Friuli-Venezia Giulia,06,FRIULI VENEZIA GIULIA,Nord-est,0
031025,M043,Villesse,Villesse,VILLESSE,Gorizia,GO,031,GORIZIA,Friuli-Venezia Giulia,06,FRIULI VENEZIA GIULIA,Nord-est,0
093001,A283,Andreis,Andreis,ANDREIS,Pordenone,PN,093,PORDENONE,Friuli-Venezia Giulia,06,FRIULI VENEZIA GIULIA,Nord-est,0
093002,A354,Arba,Arba,ARBA,Pordenone,PN,093,PORDENONE,Friuli-Venezia Giulia,06,FRIULI VENEZIA GIULIA,Nord-est,0
093004,A516,Aviano,Aviano,AVIANO,Pordenone,PN,093,PORDENONE,Friuli-Venezia Giulia,06,FRIULI VENEZIA GIULIA,Nord-est,0
093005,A530,Azzano Decimo,Azzano Decimo,AZZANO DECIMO,Pordenone,PN,093,PORDENONE,Friuli-Venezia Giulia,06,FRIULI VENEZIA GIULIA,Nord-est,0
093006,A640,Barcis,Barcis,BARCIS,Pordenone,PN,093,PORDENONE,Friuli-Venezia Giulia,06,FRIULI VENEZIA GIULIA,Nord-est,0
093007,B215,Brugnera,Brugnera,BRUGNERA,Pordenone,PN,093,PORDENONE,Friuli-Venezia Giulia,06,FRIULI VENEZIA GIULIA,Nord-est,0
093008,B247,Budoia,Budoia,BUDOIA,Pordenone,PN,093,PORDENONE,Friuli-Venezia Giulia,06,FRIULI VENEZIA GIULIA,Nord-est,0
093009,B598,Caneva,Caneva,CANEVA,Pordenone,PN,093,PORDENONE,Friuli-Venezia Giulia,06,FRIULI VENEZIA GIULIA,Nord-est,0
093010,B940,Casarsa della Delizia,Casarsa della Delizia,CASARSA DELLA DELIZIA,Pordenone,PN,093,PORDENONE,Friuli-Venezia Giulia,06,FRIULI VENEZIA GIULIA,Nord-est,0
093011,C217,Castelnovo del Friuli,Castelnovo del Friuli,CASTELNOVO DEL FRIULI,Pordenone,PN,093,PORDENONE,Friuli-Venezia Giulia,06,FRIULI VENEZIA GIULIA,Nord-est,0
093012,C385,Cavasso Nuovo,Cavasso Nuovo,CAVASSO NUOVO,Pordenone,PN,093,PORDENONE,Friuli-Venezia Giulia,06,FRIULI VENEZIA GIULIA,Nord-est,0
093013,C640,Chions,Chions,CHIONS,Pordenone,PN,093,PORDENONE,Friuli-Venezia Giulia,06,FRIULI VENEZIA GIULIA,Nord-est,0
093014,C699,Cimolais,Cimolais,CIMOLAIS,Pordenone,PN,093,PORDENONE,Friuli-Venezia Giulia,06,FRIULI VENEZIA GIULIA,Nord-est,0
093015,C790,Claut,Claut,CLAUT,Pordenone,PN,093,PORDENONE,Friuli-Venezia Giulia,06,FRIULI VENEZIA GIULIA,Nord-est,0
093016,C791,Clauzetto,Clauzetto,CLAUZETTO,Pordenone,PN,093,PORDENONE,Friuli-Venezia Giulia,06,FRIULI VENEZIA GIULIA,Nord-est,0
093017,C991,Cordenons,Cordenons,CORDENONS,Pordenone,PN,093,PORDENONE,Friuli-Venezia Giulia,06,FRIULI VENEZIA GIULIA,Nord-est,0
093018,C993,Cordovado,Cordovado,CORDOVADO,Pordenone,PN,093,PORDENONE,Friuli-Venezia Giulia,06,FRIULI VENEZIA GIULIA,Nord-est,0
093019,D426,Erto e Casso,Erto e Casso,ERTO E CASSO,Pordenone,PN,093,PORDENONE,Friuli-Venezia Giulia,06,FRIULI VENEZIA GIULIA,Nord-est,0
093020,D487,Fanna,Fanna,FANNA,Pordenone,PN,093,PORDENONE,Friuli-Venezia Giulia,06,FRIULI VENEZIA GIULIA,Nord-est,0
093021,D621,Fiume Veneto,Fiume Veneto,FIUME VENETO,Pordenone,PN,093,PORDENONE,Friuli-Venezia Giulia,06,FRIULI VENEZIA GIULIA,Nord-est,0
093022,D670,Fontanafredda,Fontanafredda,FONTANAFREDDA,Pordenone,PN,093,PORDENONE,Friuli-Venezia Giulia,06,FRIULI VENEZIA GIULIA,Nord-est,0
093024,D804,Frisanco,Frisanco,FRISANCO,Pordenone,PN,093,PORDENONE,Friuli-Venezia Giulia,06,FRIULI VENEZIA GIULIA,Nord-est,0
093025,E889,Maniago,Maniago,MANIAGO,Pordenone,PN,093,PORDENONE,Friuli-Venezia Giulia,06,FRIULI VENEZIA GIULIA,Nord-est,0
093026,F089,Meduno,Meduno,MEDUNO,Pordenone,PN,093,PORDENONE,Friuli-Venezia Giulia,06,FRIULI VENEZIA GIULIA,Nord-est,0
093027,F596,Montereale Valcellina,Montereale Valcellina,MONTEREALE VALCELLINA,Pordenone,PN,093,PORDENONE,Friuli-Venezia Giulia,06,FRIULI VENEZIA GIULIA,Nord-est,0
093028,F750,Morsano al Tagliamento,Morsano al Tagliamento,MORSANO AL TAGLIAMENTO,Pordenone,PN,093,PORDENONE,Friuli-Venezia Giulia,06,FRIULI VENEZIA GIULIA,Nord-est,0
093029,G353,Pasiano di Pordenone,Pasiano di Pordenone,PASIANO DI PORDENONE,Pordenone,PN,093,PORDENONE,Friuli-Venezia Giulia,06,FRIULI VENEZIA GIULIA,Nord-est,0
093030,G680,Pinzano al Tagliamento,Pinzano al Tagliamento,PINZANO AL TAGLIAMENTO,Pordenone,PN,093,PORDENONE,Friuli-Venezia Giulia,06,FRIULI VENEZIA GIULIA,Nord-est,0
093031,G780,Polcenigo,Polcenigo,POLCENIGO,Pordenone,PN,093,PORDENONE,Friuli-Venezia Giulia,06,FRIULI VENEZIA GIULIA,Nord-est,0
093032,G886,Porcia,Porcia,PORCIA,Pordenone,PN,093,PORDENONE,Friuli-Venezia Giulia,06,FRIULI VENEZIA GIULIA,Nord-est,0
093033,G888,Pordenone,Pordenone,PORDENONE,Pordenone,PN,093,PORDENONE,Friuli-Venezia Giulia,06,FRIULI VENEZIA GIULIA,Nord-est,1
093034,G994,Prata di Pordenone,Prata di Pordenone,PRATA DI PORDENONE,Pordenone,PN,093,PORDENONE,Friuli-Venezia Giulia,06,FRIULI VENEZIA GIULIA,Nord-est,0
093035,H010,Pravisdomini,Pravisdomini,PRAVISDOMINI,Pordenone,PN,093,PORDENONE,Friuli-Venezia Giulia,06,FRIULI VENEZIA GIULIA,Nord-est,0
093036,H609,Roveredo in Piano,Roveredo in Piano,ROVEREDO IN PIANO,Pordenone,PN,093,PORDENONE,Friuli-Venezia Giulia,06,FRIULI VENEZIA GIULIA,Nord-est,0
093037,H657,Sacile,Sacile,SACILE,Pordenone,PN,093,PORDENONE,Friuli-Venezia Giulia,06,FRIULI VENEZIA GIULIA,Nord-est,0
093038,H891,San Giorgio della Richinvelda,San Giorgio della Richinvelda,SAN GIORGIO DELLA RICHINVELDA,Pordenone,PN,093,PORDENONE,Friuli-Venezia Giulia,06,FRIULI VENEZIA GIULIA,Nord-est,0
093039,H999,San Martino al Tagliamento,San Martino al Tagliamento,SAN MARTINO AL TAGLIAMENTO,Pordenone,PN,093,PORDENONE,Friuli-Venezia Giulia,06,FRIULI VENEZIA GIULIA,Nord-est,0
093040,I136,San Quirino,San Quirino,SAN QUIRINO,Pordenone,PN,093,PORDENONE,Friuli-Venezia Giulia,06,FRIULI VENEZIA GIULIA,Nord-est,0
093041,I403,San Vito al Tagliamento,San Vito al Tagliamento,SAN VITO AL TAGLIAMENTO,Pordenone,PN,093,PORDENONE,Friuli-Venezia Giulia,06,FRIULI VENEZIA GIULIA,Nord-est,0
093042,I621,Sequals,Sequals,SEQUALS,Pordenone,PN,093,PORDENONE,Friuli-Venezia Giulia,06,FRIULI VENEZIA GIULIA,Nord-est,0
093043,I686,Sesto al Reghena,Sesto al Reghena,SESTO AL REGHENA,Pordenone,PN,093,PORDENONE,Friuli-Venezia Giulia,06,FRIULI VENEZIA GIULIA,Nord-est,0
093044,I904,Spilimbergo,Spilimbergo,SPILIMBERGO,Pordenone,PN,093,PORDENONE,Friuli-Venezia Giulia,06,FRIULI VENEZIA GIULIA,Nord-est,0
093045,L324,Tramonti di Sopra,Tramonti di Sopra,TRAMONTI DI SOPRA,Pordenone,PN,093,PORDENONE,Friuli-Venezia Giulia,06,FRIULI VENEZIA GIULIA,Nord-est,0
093046,L325,Tramonti di Sotto,Tramonti di Sotto,TRAMONTI DI SOTTO,Pordenone,PN,093,PORDENONE,Friuli-Venezia Giulia,06,FRIULI VENEZIA GIULIA,Nord-est,0
093047,L347,Travesio,Travesio,TRAVESIO,Pordenone,PN,093,PORDENONE,Friuli-Venezia Giulia,06,FRIULI VENEZIA GIULIA,Nord-est,0
093052,M265,Vajont,Vajont,VAJONT,Pordenone,PN,093,PORDENONE,Friuli-Venezia Giulia,06,FRIULI VENEZIA GIULIA,Nord-est,0
093053,M346,Valvasone Arzene,Valvasone Arzene,VALVASONE ARZENE,Pordenone,PN,093,PORDENONE,Friuli-Venezia Giulia,06,FRIULI VENEZIA GIULIA,Nord-est,0
093049,M085,Vito d'Asio,Vito d'Asio,VITO D ASIO,Pordenone,PN,093,PORDENONE,Friuli-Venezia Giulia,06,FRIULI VENEZIA GIULIA,Nord-est,0
093050,M096,Vivaro,Vivaro,VIVARO,Pordenone,PN,093,PORDENONE,Friuli-Venezia Giulia,06,FRIULI VENEZIA GIULIA,Nord-est,0
093051,M190,Zoppola,Zoppola,ZOPPOLA,Pordenone,PN,093,PORDENONE,Friuli-Venezia Giulia,06,FRIULI VENEZIA GIULIA,Nord-est,0
032001,D383,Duino Aurisina-Devin Nabrežina,Duino Aurisina,DUINO AURISINA,Trieste,TS,032,TRIESTE,Friuli-Venezia Giulia,06,FRIULI VENEZIA GIULIA,Nord-est,0
032002,F378,Monrupino-Repentabor,Monrupino,MONRUPINO,Trieste,TS,032,TRIESTE,Friuli-Venezia Giulia,06,FRIULI VENEZIA GIULIA,Nord-est,0
032003,F795,Muggia,Muggia,MUGGIA,Trieste,TS,032,TRIESTE,Friuli-Venezia Giulia,06,FRIULI VENEZIA GIULIA,Nord-est,0
032004,D324,San Dorligo della Valle-Dolina,San Dorligo della Valle,SAN DORLIGO DELLA VALLE,Trieste,TS,032,TRIESTE,Friuli-Venezia Giulia,06,FRIULI VENEZIA GIULIA,Nord-est,0
032005,I715,Sgonico-Zgonik,Sgonico,SGONICO,Trieste,TS,032,TRIESTE,Friuli-Venezia Giulia,06,FRIULI VENEZIA GIULIA,Nord-est,0
032006,L424,Trieste,Trieste,TRIESTE,Trieste,TS,032,TRIESTE,Friuli-Venezia Giulia,06,FRIULI VENEZIA GIULIA,Nord-est,1
030001,A103,Aiello del Friuli,Aiello del Friuli,AIELLO DEL FRIULI,Udine,UD,030,UDINE,Friuli-Venezia Giulia,06,FRIULI VENEZIA GIULIA,Nord-est,0
030002,A254,Amaro,Amaro,AMARO,Udine,UD,030,UDINE,Friuli-Venezia Giulia,06,FRIULI VENEZIA GIULIA,Nord-est,0
030003,A267,Ampezzo,Ampezzo,AMPEZZO,Udine,UD,030,UDINE,Friuli-Venezia Giulia,06,FRIULI VENEZIA GIULIA,Nord-est,0
030004,A346,Aquileia,Aquileia,AQUILEIA,Udine,UD,030,UDINE,Friuli-Venezia Giulia,06,FRIULI VENEZIA GIULIA,Nord-est,0
030005,A447,Arta Terme,Arta Terme,ARTA TERME,Udine,UD,030,UDINE,Friuli-Venezia Giulia,06,FRIULI VENEZIA GIULIA,Nord-est,0
030006,A448,Artegna,Artegna,ARTEGNA,Udine,UD,030,UDINE,Friuli-Venezia Giulia,06,FRIULI VENEZIA GIULIA,Nord-est,0
030007,A491,Attimis,Attimis,ATTIMIS,Udine,UD,030,UDINE,Friuli-Venezia Giulia,06,FRIULI VENEZIA GIULIA,Nord-est,0
030008,A553,Bagnaria Arsa,Bagnaria Arsa,BAGNARIA ARSA,Udine,UD,030,UDINE,Friuli-Venezia Giulia,06,FRIULI VENEZIA GIULIA,Nord-est,0
030009,A700,Basiliano,Basiliano,BASILIANO,Udine,UD,030,UDINE,Friuli-Venezia Giulia,06,FRIULI VENEZIA GIULIA,Nord-est,0
030010,A810,Bertiolo,Bertiolo,BERTIOLO,Udine,UD,030,UDINE,Friuli-Venezia Giulia,06,FRIULI VENEZIA GIULIA,Nord-est,0
030011,A855,Bicinicco,Bicinicco,BICINICCO,Udine,UD,030,UDINE,Friuli-Venezia Giulia,06,FRIULI VENEZIA GIULIA,Nord-est,0
030012,A983,Bordano,Bordano,BORDANO,Udine,UD,030,UDINE,Friuli-Venezia Giulia,06,FRIULI VENEZIA GIULIA,Nord-est,0
030013,B259,Buja,Buja,BUJA,Udine,UD,030,UDINE,Friuli-Venezia Giulia,06,FRIULI VENEZIA GIULIA,Nord-est,0
030014,B309,Buttrio,Buttrio,BUTTRIO,Udine,UD,030,UDINE,Friuli-Venezia Giulia,06,FRIULI VENEZIA GIULIA,Nord-est,0
030015,B483,Camino al Tagliamento,Camino al Tagliamento,CAMINO AL TAGLIAMENTO,Udine,UD,030,UDINE,Friuli-Venezia Giulia,06,FRIULI VENEZIA GIULIA,Nord-est,0
030016,B536,Campoformido,Campoformido,CAMPOFORMIDO,Udine,UD,030,UDINE,Friuli-Venezia Giulia,06,FRIULI VENEZIA GIULIA,Nord-est,0
030138,M311,Campolongo Tapogliano,Campolongo Tapogliano,CAMPOLONGO TAPOGLIANO,Udine,UD,030,UDINE,Friuli-Venezia Giulia,06,FRIULI VENEZIA GIULIA,Nord-est,0
030018,B788,Carlino,Carlino,CARLINO,Udine,UD,030,UDINE,Friuli-Venezia Giulia,06,FRIULI VENEZIA GIULIA,Nord-est,0
030019,B994,Cassacco,Cassacco,CASSACCO,Udine,UD,030,UDINE,Friuli-Venezia Giulia,06,FRIULI VENEZIA GIULIA,Nord-est,0
030020,C327,Castions di Strada,Castions di Strada,CASTIONS DI STRADA,Udine,UD,030,UDINE,Friuli-Venezia Giulia,06,FRIULI VENEZIA GIULIA,Nord-est,0
030021,C389,Cavazzo Carnico,Cavazzo Carnico,CAVAZZO CARNICO,Udine,UD,030,UDINE,Friuli-Venezia Giulia,06,FRIULI VENEZIA GIULIA,Nord-est,0
030022,C494,Cercivento,Cercivento,CERCIVENTO,Udine,UD,030,UDINE,Friuli-Venezia Giulia,06,FRIULI VENEZIA GIULIA,Nord-est,0
030023,C556,Cervignano del Friuli,Cervignano del Friuli,CERVIGNANO DEL FRIULI,Udine,UD,030,UDINE,Friuli-Venezia Giulia,06,FRIULI VENEZIA GIULIA,Nord-est,0
030024,C641,Chiopris-Viscone,Chiopris-Viscone,CHIOPRIS VISCONE,Udine,UD,030,UDINE,Friuli-Venezia Giulia,06,FRIULI VENEZIA GIULIA,Nord-est,0
030025,C656,Chiusaforte,Chiusaforte,CHIUSAFORTE,Udine,UD,030,UDINE,Friuli-Venezia Giulia,06,FRIULI VENEZIA GIULIA,Nord-est,0
030026,C758,Cividale del Friuli,Cividale del Friuli,CIVIDALE DEL FRIULI,Udine,UD,030,UDINE,Friuli-Venezia Giulia,06,FRIULI VENEZIA GIULIA,Nord-est,0
030027,C817,Codroipo,Codroipo,CODROIPO,Udine,UD,030,UDINE,Friuli-Venezia Giulia,06,FRIULI VENEZIA GIULIA,Nord-est,0
030028,C885,Colloredo di Monte Albano,Colloredo di Monte Albano,COLLOREDO DI MONTE ALBANO,Udine,UD,030,UDINE,Friuli-Venezia Giulia,06,FRIULI VENEZIA GIULIA,Nord-est,0
030029,C918,Comeglians,Comeglians,COMEGLIANS,Udine,UD,030,UDINE,Friuli-Venezia Giulia,06,FRIULI VENEZIA GIULIA,Nord-est,0
030030,D027,Corno di Rosazzo,Corno di Rosazzo,CORNO DI ROSAZZO,Udine,UD,030,UDINE,Friuli-Venezia Giulia,06,FRIULI VENEZIA GIULIA,Nord-est,0
030031,D085,Coseano,Coseano,COSEANO,Udine,UD,030,UDINE,Friuli-Venezia Giulia,06,FRIULI VENEZIA GIULIA,Nord-est,0
030032,D300,Dignano,Dignano,DIGNANO,Udine,UD,030,UDINE,Friuli-Venezia Giulia,06,FRIULI VENEZIA GIULIA,Nord-est,0
030033,D316,Dogna,Dogna,DOGNA,Udine,UD,030,UDINE,Friuli-Venezia Giulia,06,FRIULI VENEZIA GIULIA,Nord-est,0
030034,D366,Drenchia,Drenchia,DRENCHIA,Udine,UD,030,UDINE,Friuli-Venezia Giulia,06,FRIULI VENEZIA GIULIA,Nord-est,0
030035,D408,Enemonzo,Enemonzo,ENEMONZO,Udine,UD,030,UDINE,Friuli-Venezia Giulia,06,FRIULI VENEZIA GIULIA,Nord-est,0
030036,D455,Faedis,Faedis,FAEDIS,Udine,UD,030,UDINE,Friuli-Venezia Giulia,06,FRIULI VENEZIA GIULIA,Nord-est,0
030037,D461,Fagagna,Fagagna,FAGAGNA,Udine,UD,030,UDINE,Friuli-Venezia Giulia,06,FRIULI VENEZIA GIULIA,Nord-est,0
030190,M400,Fiumicello Villa Vicentina,Fiumicello Villa Vicentina,FIUMICELLO VILLA VICENTINA,Udine,UD,030,UDINE,Friuli-Venezia Giulia,06,FRIULI VENEZIA GIULIA,Nord-est,0
030039,D630,Flaibano,Flaibano,FLAIBANO,Udine,UD,030,UDINE,Friuli-Venezia Giulia,06,FRIULI VENEZIA GIULIA,Nord-est,0
030137,D700,Forgaria nel Friuli,Forgaria nel Friuli,FORGARIA NEL FRIULI,Udine,UD,030,UDINE,Friuli-Venezia Giulia,06,FRIULI VENEZIA GIULIA,Nord-est,0
030040,D718,Forni Avoltri,Forni Avoltri,FORNI AVOLTRI,Udine,UD,030,UDINE,Friuli-Venezia Giulia,06,FRIULI VENEZIA GIULIA,Nord-est,0
030041,D719,Forni di Sopra,Forni di Sopra,FORNI DI SOPRA,Udine,UD,030,UDINE,Friuli-Venezia Giulia,06,FRIULI VENEZIA GIULIA,Nord-est,0
030042,D720,Forni di Sotto,Forni di Sotto,FORNI DI SOTTO,Udine,UD,030,UDINE,Friuli-Venezia Giulia,06,FRIULI VENEZIA GIULIA,Nord-est,0
030043,D962,Gemona del Friuli,Gemona del Friuli,GEMONA DEL FRIULI,Udine,UD,030,UDINE,Friuli-Venezia Giulia,06,FRIULI VENEZIA GIULIA,Nord-est,0
030044,E083,Gonars,Gonars,GONARS,Udine,UD,030,UDINE,Friuli-Venezia Giulia,06,FRIULI VENEZIA GIULIA,Nord-est,0
030045,E179,Grimacco,Grimacco,GRIMACCO,Udine,UD,030,UDINE,Friuli-Venezia Giulia,06,FRIULI VENEZIA GIULIA,Nord-est,0
030046,E473,Latisana,Latisana,LATISANA,Udine,UD,030,UDINE,Friuli-Venezia Giulia,06,FRIULI VENEZIA GIULIA,Nord-est,0
030047,E476,Lauco,Lauco,LAUCO,Udine,UD,030,UDINE,Friuli-Venezia Giulia,06,FRIULI VENEZIA GIULIA,Nord-est,0
030048,E553,Lestizza,Lestizza,LESTIZZA,Udine,UD,030,UDINE,Friuli-Venezia Giulia,06,FRIULI VENEZIA GIULIA,Nord-est,0
030049,E584,Lignano Sabbiadoro,Lignano Sabbiadoro,LIGNANO SABBIADORO,Udine,UD,030,UDINE,Friuli-Venezia Giulia,06,FRIULI VENEZIA GIULIA,Nord-est,0
030051,E760,Lusevera,Lusevera,LUSEVERA,Udine,UD,030,UDINE,Friuli-Venezia Giulia,06,FRIULI VENEZIA GIULIA,Nord-est,0
030052,E820,Magnano in Riviera,Magnano in Riviera,MAGNANO IN RIVIERA,Udine,UD,030,UDINE,Friuli-Venezia Giulia,06,FRIULI VENEZIA GIULIA,Nord-est,0
030053,E833,Majano,Majano,MAJANO,Udine,UD,030,UDINE,Friuli-Venezia Giulia,06,FRIULI VENEZIA GIULIA,Nord-est,0
030054,E847,Malborghetto Valbruna,Malborghetto Valbruna,MALBORGHETTO VALBRUNA,Udine,UD,030,UDINE,Friuli-Venezia Giulia,06,FRIULI VENEZIA GIULIA,Nord-est,0
030055,E899,Manzano,Manzano,MANZANO,Udine,UD,030,UDINE,Friuli-Venezia Giulia,06,FRIULI VENEZIA GIULIA,Nord-est,0
030056,E910,Marano Lagunare,Marano Lagunare,MARANO LAGUNARE,Udine,UD,030,UDINE,Friuli-Venezia Giulia,06,FRIULI VENEZIA GIULIA,Nord-est,0
030057,E982,Martignacco,Martignacco,MARTIGNACCO,Udine,UD,030,UDINE,Friuli-Venezia Giulia,06,FRIULI VENEZIA GIULIA,Nord-est,0
030058,F144,Mereto di Tomba,Mereto di Tomba,MERETO DI TOMBA,Udine,UD,030,UDINE,Friuli-Venezia Giulia,06,FRIULI VENEZIA GIULIA,Nord-est,0
030059,F266,Moggio Udinese,Moggio Udinese,MOGGIO UDINESE,Udine,UD,030,UDINE,Friuli-Venezia Giulia,06,FRIULI VENEZIA GIULIA,Nord-est,0
030060,F275,Moimacco,Moimacco,MOIMACCO,Udine,UD,030,UDINE,Friuli-Venezia Giulia,06,FRIULI VENEZIA GIULIA,Nord-est,0
030061,F574,Montenars,Montenars,MONTENARS,Udine,UD,030,UDINE,Friuli-Venezia Giulia,06,FRIULI VENEZIA GIULIA,Nord-est,0
030062,F756,Mortegliano,Mortegliano,MORTEGLIANO,Udine,UD,030,UDINE,Friuli-Venezia Giulia,06,FRIULI VENEZIA GIULIA,Nord-est,0
030063,F760,Moruzzo,Moruzzo,MORUZZO,Udine,UD,030,UDINE,Friuli-Venezia Giulia,06,FRIULI VENEZIA GIULIA,Nord-est,0
030064,F832,Muzzana del Turgnano,Muzzana del Turgnano,MUZZANA DEL TURGNANO,Udine,UD,030,UDINE,Friuli-Venezia Giulia,06,FRIULI VENEZIA GIULIA,Nord-est,0
030065,F898,Nimis,Nimis,NIMIS,Udine,UD,030,UDINE,Friuli-Venezia Giulia,06,FRIULI VENEZIA GIULIA,Nord-est,0
030066,G163,Osoppo,Osoppo,OSOPPO,Udine,UD,030,UDINE,Friuli-Venezia Giulia,06,FRIULI VENEZIA GIULIA,Nord-est,0
030067,G198,Ovaro,Ovaro,OVARO,Udine,UD,030,UDINE,Friuli-Venezia Giulia,06,FRIULI VENEZIA GIULIA,Nord-est,0
030068,G238,Pagnacco,Pagnacco,PAGNACCO,Udine,UD,030,UDINE,Friuli-Venezia Giulia,06,FRIULI VENEZIA GIULIA,Nord-est,0
030069,G268,Palazzolo dello Stella,Palazzolo dello Stella,PALAZZOLO DELLO STELLA,Udine,UD,030,UDINE,Friuli-Venezia Giulia,06,FRIULI VENEZIA GIULIA,Nord-est,0
030070,G284,Palmanova,Palmanova,PALMANOVA,Udine,UD,030,UDINE,Friuli-Venezia Giulia,06,FRIULI VENEZIA GIULIA,Nord-est,0
030071,G300,Paluzza,Paluzza,PALUZZA,Udine,UD,030,UDINE,Friuli-Venezia Giulia,06,FRIULI VENEZIA GIULIA,Nord-est,0
030072,G352,Pasian di Prato,Pasian di Prato,PASIAN DI PRATO,Udine,UD,030,UDINE,Friuli-Venezia Giulia,06,FRIULI VENEZIA GIULIA,Nord-est,0
030073,G381,Paularo,Paularo,PAULARO,Udine,UD,030,UDINE,Friuli-Venezia Giulia,06,FRIULI VENEZIA GIULIA,Nord-est,0
030074,G389,Pavia di Udine,Pavia di Udine,PAVIA DI UDINE,Udine,UD,030,UDINE,Friuli-Venezia Giulia,06,FRIULI VENEZIA GIULIA,Nord-est,0
030075,G743,Pocenia,Pocenia,POCENIA,Udine,UD,030,UDINE,Friuli-Venezia Giulia,06,FRIULI VENEZIA GIULIA,Nord-est,0
030076,G831,Pontebba,Pontebba,PONTEBBA,Udine,UD,030,UDINE,Friuli-Venezia Giulia,06,FRIULI VENEZIA GIULIA,Nord-est,0
030077,G891,Porpetto,Porpetto,PORPETTO,Udine,UD,030,UDINE,Friuli-Venezia Giulia,06,FRIULI VENEZIA GIULIA,Nord-est,0
030078,G949,Povoletto,Povoletto,POVOLETTO,Udine,UD,030,UDINE,Friuli-Venezia Giulia,06,FRIULI VENEZIA GIULIA,Nord-est,0
030079,G966,Pozzuolo del Friuli,Pozzuolo del Friuli,POZZUOLO DEL FRIULI,Udine,UD,030,UDINE,Friuli-Venezia Giulia,06,FRIULI VENEZIA GIULIA,Nord-est,0
030080,G969,Pradamano,Pradamano,PRADAMANO,Udine,UD,030,UDINE,Friuli-Venezia Giulia,06,FRIULI VENEZIA GIULIA,Nord-est,0
030081,H002,Prato Carnico,Prato Carnico,PRATO CARNICO,Udine,UD,030,UDINE,Friuli-Venezia Giulia,06,FRIULI VENEZIA GIULIA,Nord-est,0
030082,H014,Precenicco,Precenicco,PRECENICCO,Udine,UD,030,UDINE,Friuli-Venezia Giulia,06,FRIULI VENEZIA GIULIA,Nord-est,0
030083,H029,Premariacco,Premariacco,PREMARIACCO,Udine,UD,030,UDINE,Friuli-Venezia Giulia,06,FRIULI VENEZIA GIULIA,Nord-est,0
030084,H038,Preone,Preone,PREONE,Udine,UD,030,UDINE,Friuli-Venezia Giulia,06,FRIULI VENEZIA GIULIA,Nord-est,0
030085,H040,Prepotto,Prepotto,PREPOTTO,Udine,UD,030,UDINE,Friuli-Venezia Giulia,06,FRIULI VENEZIA GIULIA,Nord-est,0
030086,H089,Pulfero,Pulfero,PULFERO,Udine,UD,030,UDINE,Friuli-Venezia Giulia,06,FRIULI VENEZIA GIULIA,Nord-est,0
030087,H161,Ragogna,Ragogna,RAGOGNA,Udine,UD,030,UDINE,Friuli-Venezia Giulia,06,FRIULI VENEZIA GIULIA,Nord-est,0
030088,H196,Ravascletto,Ravascletto,RAVASCLETTO,Udine,UD,030,UDINE,Friuli-Venezia Giulia,06,FRIULI VENEZIA GIULIA,Nord-est,0
030089,H200,Raveo,Raveo,RAVEO,Udine,UD,030,UDINE,Friuli-Venezia Giulia,06,FRIULI VENEZIA GIULIA,Nord-est,0
030090,H206,Reana del Rojale,Reana del Rojale,REANA DEL ROJALE,Udine,UD,030,UDINE,Friuli-Venezia Giulia,06,FRIULI VENEZIA GIULIA,Nord-est,0
030091,H229,Remanzacco,Remanzacco,REMANZACCO,Udine,UD,030,UDINE,Friuli-Venezia Giulia,06,FRIULI VENEZIA GIULIA,Nord-est,0
030092,H242,Resia,Resia,RESIA,Udine,UD,030,UDINE,Friuli-Venezia Giulia,06,FRIULI VENEZIA GIULIA,Nord-est,0
030093,H244,Resiutta,Resiutta,RESIUTTA,Udine,UD,030,UDINE,Friuli-Venezia Giulia,06,FRIULI VENEZIA GIULIA,Nord-est,0
030094,H289,Rigolato,Rigolato,RIGOLATO,Udine,UD,030,UDINE,Friuli-Venezia Giulia,06,FRIULI VENEZIA GIULIA,Nord-est,0
030095,H347,Rive d'Arcano,Rive d'Arcano,RIVE D ARCANO,Udine,UD,030,UDINE,Friuli-Venezia Giulia,06,FRIULI VENEZIA GIULIA,Nord-est,0
030188,M317,Rivignano Teor,Rivignano Teor,RIVIGNANO TEOR,Udine,UD,030,UDINE,Friuli-Venezia Giulia,06,FRIULI VENEZIA GIULIA,Nord-est,0
030097,H533,Ronchis,Ronchis,RONCHIS,Udine,UD,030,UDINE,Friuli-Venezia Giulia,06,FRIULI VENEZIA GIULIA,Nord-est,0
030098,H629,Ruda,Ruda,RUDA,Udine,UD,030,UDINE,Friuli-Venezia Giulia,06,FRIULI VENEZIA GIULIA,Nord-est,0
030099,H816,San Daniele del Friuli,San Daniele del Friuli,SAN DANIELE DEL FRIULI,Udine,UD,030,UDINE,Friuli-Venezia Giulia,06,FRIULI VENEZIA GIULIA,Nord-est,0
030100,H895,San Giorgio di Nogaro,San Giorgio di Nogaro,SAN GIORGIO DI NOGARO,Udine,UD,030,UDINE,Friuli-Venezia Giulia,06,FRIULI VENEZIA GIULIA,Nord-est,0
030101,H906,San Giovanni al Natisone,San Giovanni al Natisone,SAN GIOVANNI AL NATISONE,Udine,UD,030,UDINE,Friuli-Venezia Giulia,06,FRIULI VENEZIA GIULIA,Nord-est,0
030102,H951,San Leonardo,San Leonardo,SAN LEONARDO,Udine,UD,030,UDINE,Friuli-Venezia Giulia,06,FRIULI VENEZIA GIULIA,Nord-est,0
030103,I092,San Pietro al Natisone,San Pietro al Natisone,SAN PIETRO AL NATISONE,Udine,UD,030,UDINE,Friuli-Venezia Giulia,06,FRIULI VENEZIA GIULIA,Nord-est,0
030105,I404,San Vito al Torre,San Vito al Torre,SAN VITO AL TORRE,Udine,UD,030,UDINE,Friuli-Venezia Giulia,06,FRIULI VENEZIA GIULIA,Nord-est,0
030106,I405,San Vito di Fagagna,San Vito di Fagagna,SAN VITO DI FAGAGNA,Udine,UD,030,UDINE,Friuli-Venezia Giulia,06,FRIULI VENEZIA GIULIA,Nord-est,0
030104,I248,Santa Maria la Longa,Santa Maria la Longa,SANTA MARIA LA LONGA,Udine,UD,030,UDINE,Friuli-Venezia Giulia,06,FRIULI VENEZIA GIULIA,Nord-est,0
030189,I421,Sappada,Sappada,SAPPADA,Udine,UD,030,UDINE,Friuli-Venezia Giulia,06,FRIULI VENEZIA GIULIA,Nord-est,0
030107,I464,Sauris,Sauris,SAURIS,Udine,UD,030,UDINE,Friuli-Venezia Giulia,06,FRIULI VENEZIA GIULIA,Nord-est,0
030108,I478,Savogna,Savogna,SAVOGNA,Udine,UD,030,UDINE,Friuli-Venezia Giulia,06,FRIULI VENEZIA GIULIA,Nord-est,0
030109,I562,Sedegliano,Sedegliano,SEDEGLIANO,Udine,UD,030,UDINE,Friuli-Venezia Giulia,06,FRIULI VENEZIA GIULIA,Nord-est,0
030110,I777,Socchieve,Socchieve,SOCCHIEVE,Udine,UD,030,UDINE,Friuli-Venezia Giulia,06,FRIULI VENEZIA GIULIA,Nord-est,0
030111,I974,Stregna,Stregna,STREGNA,Udine,UD,030,UDINE,Friuli-Venezia Giulia,06,FRIULI VENEZIA GIULIA,Nord-est,0
030112,L018,Sutrio,Sutrio,SUTRIO,Udine,UD,030,UDINE,Friuli-Venezia Giulia,06,FRIULI VENEZIA GIULIA,Nord-est,0
030113,G736,Taipana,Taipana,TAIPANA,Udine,UD,030,UDINE,Friuli-Venezia Giulia,06,FRIULI VENEZIA GIULIA,Nord-est,0
030114,L039,Talmassons,Talmassons,TALMASSONS,Udine,UD,030,UDINE,Friuli-Venezia Giulia,06,FRIULI VENEZIA GIULIA,Nord-est,0
030116,L050,Tarcento,Tarcento,TARCENTO,Udine,UD,030,UDINE,Friuli-Venezia Giulia,06,FRIULI VENEZIA GIULIA,Nord-est,0
030117,L057,Tarvisio,Tarvisio,TARVISIO,Udine,UD,030,UDINE,Friuli-Venezia Giulia,06,FRIULI VENEZIA GIULIA,Nord-est,0
030118,L065,Tavagnacco,Tavagnacco,TAVAGNACCO,Udine,UD,030,UDINE,Friuli-Venezia Giulia,06,FRIULI VENEZIA GIULIA,Nord-est,0
030120,L144,Terzo d'Aquileia,Terzo d'Aquileia,TERZO D AQUILEIA,Udine,UD,030,UDINE,Friuli-Venezia Giulia,06,FRIULI VENEZIA GIULIA,Nord-est,0
030121,L195,Tolmezzo,Tolmezzo,TOLMEZZO,Udine,UD,030,UDINE,Friuli-Venezia Giulia,06,FRIULI VENEZIA GIULIA,Nord-est,0
030122,L246,Torreano,Torreano,TORREANO,Udine,UD,030,UDINE,Friuli-Venezia Giulia,06,FRIULI VENEZIA GIULIA,Nord-est,0
030123,L309,Torviscosa,Torviscosa,TORVISCOSA,Udine,UD,030,UDINE,Friuli-Venezia Giulia,06,FRIULI VENEZIA GIULIA,Nord-est,0
030124,L335,Trasaghis,Trasaghis,TRASAGHIS,Udine,UD,030,UDINE,Friuli-Venezia Giulia,06,FRIULI VENEZIA GIULIA,Nord-est,0
030126,L382,Treppo Grande,Treppo Grande,TREPPO GRANDE,Udine,UD,030,UDINE,Friuli-Venezia Giulia,06,FRIULI VENEZIA GIULIA,Nord-est,0
030191,M399,Treppo Ligosullo,Treppo Ligosullo,TREPPO LIGOSULLO,Udine,UD,030,UDINE,Friuli-Venezia Giulia,06,FRIULI VENEZIA GIULIA,Nord-est,0
030127,L421,Tricesimo,Tricesimo,TRICESIMO,Udine,UD,030,UDINE,Friuli-Venezia Giulia,06,FRIULI VENEZIA GIULIA,Nord-est,0
030128,L438,Trivignano Udinese,Trivignano Udinese,TRIVIGNANO UDINESE,Udine,UD,030,UDINE,Friuli-Venezia Giulia,06,FRIULI VENEZIA GIULIA,Nord-est,0
030129,L483,Udine,Udine,UDINE,Udine,UD,030,UDINE,Friuli-Venezia Giulia,06,FRIULI VENEZIA GIULIA,Nord-est,1
030130,L686,Varmo,Varmo,VARMO,Udine,UD,030,UDINE,Friuli-Venezia Giulia,06,FRIULI VENEZIA GIULIA,Nord-est,0
030131,L743,Venzone,Venzone,VENZONE,Udine,UD,030,UDINE,Friuli-Venezia Giulia,06,FRIULI VENEZIA GIULIA,Nord-est,0
030132,L801,Verzegnis,Verzegnis,VERZEGNIS,Udine,UD,030,UDINE,Friuli-Venezia Giulia,06,FRIULI VENEZIA GIULIA,Nord-est,0
030133,L909,Villa Santina,Villa Santina,VILLA SANTINA,Udine,UD,030,UDINE,Friuli-Venezia Giulia,06,FRIULI VENEZIA GIULIA,Nord-est,0
030135,M073,Visco,Visco,VISCO,Udine,UD,030,UDINE,Friuli-Venezia Giulia,06,FRIULI VENEZIA GIULIA,Nord-est,0
030136,M200,Zuglio,Zuglio,ZUGLIO,Udine,UD,030,UDINE,Friuli-Venezia Giulia,06,FRIULI VENEZIA GIULIA,Nord-est,0
060001,A032,Acquafondata,Acquafondata,ACQUAFONDATA,Frosinone,FR,060,FROSINONE,Lazio,12,LAZIO,Centro,0
060002,A054,Acuto,Acuto,ACUTO,Frosinone,FR,060,FROSINONE,Lazio,12,LAZIO,Centro,0
060003,A123,Alatri,Alatri,ALATRI,Frosinone,FR,060,FROSINONE,Lazio,12,LAZIO,Centro,0
060004,A244,Alvito,Alvito,ALVITO,Frosinone,FR,060,FROSINONE,Lazio,12,LAZIO,Centro,0
060005,A256,Amaseno,Amaseno,AMASENO,Frosinone,FR,060,FROSINONE,Lazio,12,LAZIO,Centro,0
060006,A269,Anagni,Anagni,ANAGNI,Frosinone,FR,060,FROSINONE,Lazio,12,LAZIO,Centro,0
060007,A348,Aquino,Aquino,AQUINO,Frosinone,FR,060,FROSINONE,Lazio,12,LAZIO,Centro,0
060008,A363,Arce,Arce,ARCE,Frosinone,FR,060,FROSINONE,Lazio,12,LAZIO,Centro,0
060009,A421,Arnara,Arnara,ARNARA,Frosinone,FR,060,FROSINONE,Lazio,12,LAZIO,Centro,0
060010,A433,Arpino,Arpino,ARPINO,Frosinone,FR,060,FROSINONE,Lazio,12,LAZIO,Centro,0
060011,A486,Atina,Atina,ATINA,Frosinone,FR,060,FROSINONE,Lazio,12,LAZIO,Centro,0
060012,A502,Ausonia,Ausonia,AUSONIA,Frosinone,FR,060,FROSINONE,Lazio,12,LAZIO,Centro,0
060013,A763,Belmonte Castello,Belmonte Castello,BELMONTE CASTELLO,Frosinone,FR,060,FROSINONE,Lazio,12,LAZIO,Centro,0
060014,A720,Boville Ernica,Boville Ernica,BOVILLE ERNICA,Frosinone,FR,060,FROSINONE,Lazio,12,LAZIO,Centro,0
060015,B195,Broccostella,Broccostella,BROCCOSTELLA,Frosinone,FR,060,FROSINONE,Lazio,12,LAZIO,Centro,0
060016,B543,Campoli Appennino,Campoli Appennino,CAMPOLI APPENNINO,Frosinone,FR,060,FROSINONE,Lazio,12,LAZIO,Centro,0
060017,B862,Casalattico,Casalattico,CASALATTICO,Frosinone,FR,060,FROSINONE,Lazio,12,LAZIO,Centro,0
060018,B919,Casalvieri,Casalvieri,CASALVIERI,Frosinone,FR,060,FROSINONE,Lazio,12,LAZIO,Centro,0
060019,C034,Cassino,Cassino,CASSINO,Frosinone,FR,060,FROSINONE,Lazio,12,LAZIO,Centro,0
060020,C177,Castelliri,Castelliri,CASTELLIRI,Frosinone,FR,060,FROSINONE,Lazio,12,LAZIO,Centro,0
060021,C223,Castelnuovo Parano,Castelnuovo Parano,CASTELNUOVO PARANO,Frosinone,FR,060,FROSINONE,Lazio,12,LAZIO,Centro,0
060023,C338,Castro dei Volsci,Castro dei Volsci,CASTRO DEI VOLSCI,Frosinone,FR,060,FROSINONE,Lazio,12,LAZIO,Centro,0
060022,C340,Castrocielo,Castrocielo,CASTROCIELO,Frosinone,FR,060,FROSINONE,Lazio,12,LAZIO,Centro,0
060024,C413,Ceccano,Ceccano,CECCANO,Frosinone,FR,060,FROSINONE,Lazio,12,LAZIO,Centro,0
060025,C479,Ceprano,Ceprano,CEPRANO,Frosinone,FR,060,FROSINONE,Lazio,12,LAZIO,Centro,0
060026,C545,Cervaro,Cervaro,CERVARO,Frosinone,FR,060,FROSINONE,Lazio,12,LAZIO,Centro,0
060027,C836,Colfelice,Colfelice,COLFELICE,Frosinone,FR,060,FROSINONE,Lazio,12,LAZIO,Centro,0
060029,C870,Colle San Magno,Colle San Magno,COLLE SAN MAGNO,Frosinone,FR,060,FROSINONE,Lazio,12,LAZIO,Centro,0
060028,C864,Collepardo,Collepardo,COLLEPARDO,Frosinone,FR,060,FROSINONE,Lazio,12,LAZIO,Centro,0
060030,C998,Coreno Ausonio,Coreno Ausonio,CORENO AUSONIO,Frosinone,FR,060,FROSINONE,Lazio,12,LAZIO,Centro,0
060031,D440,Esperia,Esperia,ESPERIA,Frosinone,FR,060,FROSINONE,Lazio,12,LAZIO,Centro,0
060032,D483,Falvaterra,Falvaterra,FALVATERRA,Frosinone,FR,060,FROSINONE,Lazio,12,LAZIO,Centro,0
060033,D539,Ferentino,Ferentino,FERENTINO,Frosinone,FR,060,FROSINONE,Lazio,12,LAZIO,Centro,0
060034,D591,Filettino,Filettino,FILETTINO,Frosinone,FR,060,FROSINONE,Lazio,12,LAZIO,Centro,0
060035,A310,Fiuggi,Fiuggi,FIUGGI,Frosinone,FR,060,FROSINONE,Lazio,12,LAZIO,Centro,0
060036,D667,Fontana Liri,Fontana Liri,FONTANA LIRI,Frosinone,FR,060,FROSINONE,Lazio,12,LAZIO,Centro,0
060037,D682,Fontechiari,Fontechiari,FONTECHIARI,Frosinone,FR,060,FROSINONE,Lazio,12,LAZIO,Centro,0
060038,D810,Frosinone,Frosinone,FROSINONE,Frosinone,FR,060,FROSINONE,Lazio,12,LAZIO,Centro,1
060039,D819,Fumone,Fumone,FUMONE,Frosinone,FR,060,FROSINONE,Lazio,12,LAZIO,Centro,0
060040,D881,Gallinaro,Gallinaro,GALLINARO,Frosinone,FR,060,FROSINONE,Lazio,12,LAZIO,Centro,0
060041,E057,Giuliano di Roma,Giuliano di Roma,GIULIANO DI ROMA,Frosinone,FR,060,FROSINONE,Lazio,12,LAZIO,Centro,0
060042,E236,Guarcino,Guarcino,GUARCINO,Frosinone,FR,060,FROSINONE,Lazio,12,LAZIO,Centro,0
060043,E340,Isola del Liri,Isola del Liri,ISOLA DEL LIRI,Frosinone,FR,060,FROSINONE,Lazio,12,LAZIO,Centro,0
060044,F620,Monte San Giovanni Campano,Monte San Giovanni Campano,MONTE SAN GIOVANNI CAMPANO,Frosinone,FR,060,FROSINONE,Lazio,12,LAZIO,Centro,0
060045,F740,Morolo,Morolo,MOROLO,Frosinone,FR,060,FROSINONE,Lazio,12,LAZIO,Centro,0
060046,G276,Paliano,Paliano,PALIANO,Frosinone,FR,060,FROSINONE,Lazio,12,LAZIO,Centro,0
060047,G362,Pastena,Pastena,PASTENA,Frosinone,FR,060,FROSINONE,Lazio,12,LAZIO,Centro,0
060048,G374,Patrica,Patrica,PATRICA,Frosinone,FR,060,FROSINONE,Lazio,12,LAZIO,Centro,0
060049,G500,Pescosolido,Pescosolido,PESCOSOLIDO,Frosinone,FR,060,FROSINONE,Lazio,12,LAZIO,Centro,0
060050,G591,Picinisco,Picinisco,PICINISCO,Frosinone,FR,060,FROSINONE,Lazio,12,LAZIO,Centro,0
060051,G592,Pico,Pico,PICO,Frosinone,FR,060,FROSINONE,Lazio,12,LAZIO,Centro,0
060052,G598,Piedimonte San Germano,Piedimonte San Germano,PIEDIMONTE SAN GERMANO,Frosinone,FR,060,FROSINONE,Lazio,12,LAZIO,Centro,0
060053,G659,Piglio,Piglio,PIGLIO,Frosinone,FR,060,FROSINONE,Lazio,12,LAZIO,Centro,0
060054,G662,Pignataro Interamna,Pignataro Interamna,PIGNATARO INTERAMNA,Frosinone,FR,060,FROSINONE,Lazio,12,LAZIO,Centro,0
060055,G749,Pofi,Pofi,POFI,Frosinone,FR,060,FROSINONE,Lazio,12,LAZIO,Centro,0
060056,G838,Pontecorvo,Pontecorvo,PONTECORVO,Frosinone,FR,060,FROSINONE,Lazio,12,LAZIO,Centro,0
060057,G935,Posta Fibreno,Posta Fibreno,POSTA FIBRENO,Frosinone,FR,060,FROSINONE,Lazio,12,LAZIO,Centro,0
060058,H324,Ripi,Ripi,RIPI,Frosinone,FR,060,FROSINONE,Lazio,12,LAZIO,Centro,0
060059,H393,Rocca d'Arce,Rocca d'Arce,ROCCA D ARCE,Frosinone,FR,060,FROSINONE,Lazio,12,LAZIO,Centro,0
060060,H443,Roccasecca,Roccasecca,ROCCASECCA,Frosinone,FR,060,FROSINONE,Lazio,12,LAZIO,Centro,0
060061,H779,San Biagio Saracinisco,San Biagio Saracinisco,SAN BIAGIO SARACINISCO,Frosinone,FR,060,FROSINONE,Lazio,12,LAZIO,Centro,0
060062,H824,San Donato Val di Comino,San Donato Val di Comino,SAN DONATO VAL DI COMINO,Frosinone,FR,060,FROSINONE,Lazio,12,LAZIO,Centro,0
060063,H880,San Giorgio a Liri,San Giorgio a Liri,SAN GIORGIO A LIRI,Frosinone,FR,060,FROSINONE,Lazio,12,LAZIO,Centro,0
060064,H917,San Giovanni Incarico,San Giovanni Incarico,SAN GIOVANNI INCARICO,Frosinone,FR,060,FROSINONE,Lazio,12,LAZIO,Centro,0
060070,I408,San Vittore del Lazio,San Vittore del Lazio,SAN VITTORE DEL LAZIO,Frosinone,FR,060,FROSINONE,Lazio,12,LAZIO,Centro,0
060065,I256,Sant'Ambrogio sul Garigliano,Sant'Ambrogio sul Garigliano,SANT AMBROGIO SUL GARIGLIANO,Frosinone,FR,060,FROSINONE,Lazio,12,LAZIO,Centro,0
060066,I265,Sant'Andrea del Garigliano,Sant'Andrea del Garigliano,SANT ANDREA DEL GARIGLIANO,Frosinone,FR,060,FROSINONE,Lazio,12,LAZIO,Centro,0
060067,I302,Sant'Apollinare,Sant'Apollinare,SANT APOLLINARE,Frosinone,FR,060,FROSINONE,Lazio,12,LAZIO,Centro,0
060068,I321,Sant'Elia Fiumerapido,Sant'Elia Fiumerapido,SANT ELIA FIUMERAPIDO,Frosinone,FR,060,FROSINONE,Lazio,12,LAZIO,Centro,0
060069,I351,Santopadre,Santopadre,SANTOPADRE,Frosinone,FR,060,FROSINONE,Lazio,12,LAZIO,Centro,0
060071,I669,Serrone,Serrone,SERRONE,Frosinone,FR,060,FROSINONE,Lazio,12,LAZIO,Centro,0
060072,I697,Settefrati,Settefrati,SETTEFRATI,Frosinone,FR,060,FROSINONE,Lazio,12,LAZIO,Centro,0
060073,I716,Sgurgola,Sgurgola,SGURGOLA,Frosinone,FR,060,FROSINONE,Lazio,12,LAZIO,Centro,0
060074,I838,Sora,Sora,SORA,Frosinone,FR,060,FROSINONE,Lazio,12,LAZIO,Centro,0
060075,I973,Strangolagalli,Strangolagalli,STRANGOLAGALLI,Frosinone,FR,060,FROSINONE,Lazio,12,LAZIO,Centro,0
060076,L009,Supino,Supino,SUPINO,Frosinone,FR,060,FROSINONE,Lazio,12,LAZIO,Centro,0
060077,L105,Terelle,Terelle,TERELLE,Frosinone,FR,060,FROSINONE,Lazio,12,LAZIO,Centro,0
060078,L243,Torre Cajetani,Torre Cajetani,TORRE CAJETANI,Frosinone,FR,060,FROSINONE,Lazio,12,LAZIO,Centro,0
060079,L290,Torrice,Torrice,TORRICE,Frosinone,FR,060,FROSINONE,Lazio,12,LAZIO,Centro,0
060080,L398,Trevi nel Lazio,Trevi nel Lazio,TREVI NEL LAZIO,Frosinone,FR,060,FROSINONE,Lazio,12,LAZIO,Centro,0
060081,L437,Trivigliano,Trivigliano,TRIVIGLIANO,Frosinone,FR,060,FROSINONE,Lazio,12,LAZIO,Centro,0
060082,L598,Vallecorsa,Vallecorsa,VALLECORSA,Frosinone,FR,060,FROSINONE,Lazio,12,LAZIO,Centro,0
060083,L605,Vallemaio,Vallemaio,VALLEMAIO,Frosinone,FR,060,FROSINONE,Lazio,12,LAZIO,Centro,0
060084,L614,Vallerotonda,Vallerotonda,VALLEROTONDA,Frosinone,FR,060,FROSINONE,Lazio,12,LAZIO,Centro,0
060085,L780,Veroli,Veroli,VEROLI,Frosinone,FR,060,FROSINONE,Lazio,12,LAZIO,Centro,0
060086,L836,Vicalvi,Vicalvi,VICALVI,Frosinone,FR,060,FROSINONE,Lazio,12,LAZIO,Centro,0
060087,L843,Vico nel Lazio,Vico nel Lazio,VICO NEL LAZIO,Frosinone,FR,060,FROSINONE,Lazio,12,LAZIO,Centro,0
060088,A081,Villa Latina,Villa Latina,VILLA LATINA,Frosinone,FR,060,FROSINONE,Lazio,12,LAZIO,Centro,0
060089,L905,Villa Santa Lucia,Villa Santa Lucia,VILLA SANTA LUCIA,Frosinone,FR,060,FROSINONE,Lazio,12,LAZIO,Centro,0
060090,I364,Villa Santo Stefano,Villa Santo Stefano,VILLA SANTO STEFANO,Frosinone,FR,060,FROSINONE,Lazio,12,LAZIO,Centro,0
060091,M083,Viticuso,Viticuso,VITICUSO,Frosinone,FR,060,FROSINONE,Lazio,12,LAZIO,Centro,0
059001,A341,Aprilia,Aprilia,APRILIA,Latina,LT,059,LATINA,Lazio,12,LAZIO,Centro,0
059002,A707,Bassiano,Bassiano,BASSIANO,Latina,LT,059,LATINA,Lazio,12,LAZIO,Centro,0
059003,B527,Campodimele,Campodimele,CAMPODIMELE,Latina,LT,059,LATINA,Lazio,12,LAZIO,Centro,0
059004,C104,Castelforte,Castelforte,CASTELFORTE,Latina,LT,059,LATINA,Lazio,12,LAZIO,Centro,0
059005,C740,Cisterna di Latina,Cisterna di Latina,CISTERNA DI LATINA,Latina,LT,059,LATINA,Lazio,12,LAZIO,Centro,0
059006,D003,Cori,Cori,CORI,Latina,LT,059,LATINA,Lazio,12,LAZIO,Centro,0
059007,D662,Fondi,Fondi,FONDI,Latina,LT,059,LATINA,Lazio,12,LAZIO,Centro,0
059008,D708,Formia,Formia,FORMIA,Latina,LT,059,LATINA,Lazio,12,LAZIO,Centro,0
059009,D843,Gaeta,Gaeta,GAETA,Latina,LT,059,LATINA,Lazio,12,LAZIO,Centro,0
059010,E375,Itri,Itri,ITRI,Latina,LT,059,LATINA,Lazio,12,LAZIO,Centro,0
059011,E472,Latina,Latina,LATINA,Latina,LT,059,LATINA,Lazio,12,LAZIO,Centro,1
059012,E527,Lenola,Lenola,LENOLA,Latina,LT,059,LATINA,Lazio,12,LAZIO,Centro,0
059013,E798,Maenza,Maenza,MAENZA,Latina,LT,059,LATINA,Lazio,12,LAZIO,Centro,0
059014,F224,Minturno,Minturno,MINTURNO,Latina,LT,059,LATINA,Lazio,12,LAZIO,Centro,0
059015,F616,Monte San Biagio,Monte San Biagio,MONTE SAN BIAGIO,Latina,LT,059,LATINA,Lazio,12,LAZIO,Centro,0
059016,F937,Norma,Norma,NORMA,Latina,LT,059,LATINA,Lazio,12,LAZIO,Centro,0
059017,G865,Pontinia,Pontinia,PONTINIA,Latina,LT,059,LATINA,Lazio,12,LAZIO,Centro,0
059018,G871,Ponza,Ponza,PONZA,Latina,LT,059,LATINA,Lazio,12,LAZIO,Centro,0
059019,G698,Priverno,Priverno,PRIVERNO,Latina,LT,059,LATINA,Lazio,12,LAZIO,Centro,0
059020,H076,Prossedi,Prossedi,PROSSEDI,Latina,LT,059,LATINA,Lazio,12,LAZIO,Centro,0
059022,H421,Rocca Massima,Rocca Massima,ROCCA MASSIMA,Latina,LT,059,LATINA,Lazio,12,LAZIO,Centro,0
059021,H413,Roccagorga,Roccagorga,ROCCAGORGA,Latina,LT,059,LATINA,Lazio,12,LAZIO,Centro,0
059023,H444,Roccasecca dei Volsci,Roccasecca dei Volsci,ROCCASECCA DEI VOLSCI,Latina,LT,059,LATINA,Lazio,12,LAZIO,Centro,0
059024,H647,Sabaudia,Sabaudia,SABAUDIA,Latina,LT,059,LATINA,Lazio,12,LAZIO,Centro,0
059025,H836,San Felice Circeo,San Felice Circeo,SAN FELICE CIRCEO,Latina,LT,059,LATINA,Lazio,12,LAZIO,Centro,0
059026,I339,Santi Cosma e Damiano,Santi Cosma e Damiano,SANTI COSMA E DAMIANO,Latina,LT,059,LATINA,Lazio,12,LAZIO,Centro,0
059027,I634,Sermoneta,Sermoneta,SERMONETA,Latina,LT,059,LATINA,Lazio,12,LAZIO,Centro,0
059028,I712,Sezze,Sezze,SEZZE,Latina,LT,059,LATINA,Lazio,12,LAZIO,Centro,0
059029,I832,Sonnino,Sonnino,SONNINO,Latina,LT,059,LATINA,Lazio,12,LAZIO,Centro,0
059030,I892,Sperlonga,Sperlonga,SPERLONGA,Latina,LT,059,LATINA,Lazio,12,LAZIO,Centro,0
059031,I902,Spigno Saturnia,Spigno Saturnia,SPIGNO SATURNIA,Latina,LT,059,LATINA,Lazio,12,LAZIO,Centro,0
059032,L120,Terracina,Terracina,TERRACINA,Latina,LT,059,LATINA,Lazio,12,LAZIO,Centro,0
059033,L742,Ventotene,Ventotene,VENTOTENE,Latina,LT,059,LATINA,Lazio,12,LAZIO,Centro,0
057001,A019,Accumoli,Accumoli,ACCUMOLI,Rieti,RI,057,RIETI,Lazio,12,LAZIO,Centro,0
057002,A258,Amatrice,Amatrice,AMATRICE,Rieti,RI,057,RIETI,Lazio,12,LAZIO,Centro,0
057003,A315,Antrodoco,Antrodoco,ANTRODOCO,Rieti,RI,057,RIETI,Lazio,12,LAZIO,Centro,0
057004,A464,Ascrea,Ascrea,ASCREA,Rieti,RI,057,RIETI,Lazio,12,LAZIO,Centro,0
057005,A765,Belmonte in Sabina,Belmonte in Sabina,BELMONTE IN SABINA,Rieti,RI,057,RIETI,Lazio,12,LAZIO,Centro,0
057006,A981,Borbona,Borbona,BORBONA,Rieti,RI,057,RIETI,Lazio,12,LAZIO,Centro,0
057008,A996,Borgo Velino,Borgo Velino,BORGO VELINO,Rieti,RI,057,RIETI,Lazio,12,LAZIO,Centro,0
057007,B008,Borgorose,Borgorose,BORGOROSE,Rieti,RI,057,RIETI,Lazio,12,LAZIO,Centro,0
057009,B627,Cantalice,Cantalice,CANTALICE,Rieti,RI,057,RIETI,Lazio,12,LAZIO,Centro,0
057010,B631,Cantalupo in Sabina,Cantalupo in Sabina,CANTALUPO IN SABINA,Rieti,RI,057,RIETI,Lazio,12,LAZIO,Centro,0
057011,B934,Casaprota,Casaprota,CASAPROTA,Rieti,RI,057,RIETI,Lazio,12,LAZIO,Centro,0
057012,A472,Casperia,Casperia,CASPERIA,Rieti,RI,057,RIETI,Lazio,12,LAZIO,Centro,0
057015,C268,Castel Sant'Angelo,Castel Sant'Angelo,CASTEL SANT ANGELO,Rieti,RI,057,RIETI,Lazio,12,LAZIO,Centro,0
057013,C098,Castel di Tora,Castel di Tora,CASTEL DI TORA,Rieti,RI,057,RIETI,Lazio,12,LAZIO,Centro,0
057014,C224,Castelnuovo di Farfa,Castelnuovo di Farfa,CASTELNUOVO DI FARFA,Rieti,RI,057,RIETI,Lazio,12,LAZIO,Centro,0
057016,C746,Cittaducale,Cittaducale,CITTADUCALE,Rieti,RI,057,RIETI,Lazio,12,LAZIO,Centro,0
057017,C749,Cittareale,Cittareale,CITTAREALE,Rieti,RI,057,RIETI,Lazio,12,LAZIO,Centro,0
057018,C841,Collalto Sabino,Collalto Sabino,COLLALTO SABINO,Rieti,RI,057,RIETI,Lazio,12,LAZIO,Centro,0
057019,C857,Colle di Tora,Colle di Tora,COLLE DI TORA,Rieti,RI,057,RIETI,Lazio,12,LAZIO,Centro,0
057020,C859,Collegiove,Collegiove,COLLEGIOVE,Rieti,RI,057,RIETI,Lazio,12,LAZIO,Centro,0
057021,C876,Collevecchio,Collevecchio,COLLEVECCHIO,Rieti,RI,057,RIETI,Lazio,12,LAZIO,Centro,0
057022,C880,Colli sul Velino,Colli sul Velino,COLLI SUL VELINO,Rieti,RI,057,RIETI,Lazio,12,LAZIO,Centro,0
057023,C946,Concerviano,Concerviano,CONCERVIANO,Rieti,RI,057,RIETI,Lazio,12,LAZIO,Centro,0
057024,C959,Configni,Configni,CONFIGNI,Rieti,RI,057,RIETI,Lazio,12,LAZIO,Centro,0
057025,C969,Contigliano,Contigliano,CONTIGLIANO,Rieti,RI,057,RIETI,Lazio,12,LAZIO,Centro,0
057026,D124,Cottanello,Cottanello,COTTANELLO,Rieti,RI,057,RIETI,Lazio,12,LAZIO,Centro,0
057027,D493,Fara in Sabina,Fara in Sabina,FARA IN SABINA,Rieti,RI,057,RIETI,Lazio,12,LAZIO,Centro,0
057028,D560,Fiamignano,Fiamignano,FIAMIGNANO,Rieti,RI,057,RIETI,Lazio,12,LAZIO,Centro,0
057029,D689,Forano,Forano,FORANO,Rieti,RI,057,RIETI,Lazio,12,LAZIO,Centro,0
057030,D785,Frasso Sabino,Frasso Sabino,FRASSO SABINO,Rieti,RI,057,RIETI,Lazio,12,LAZIO,Centro,0
057031,E160,Greccio,Greccio,GRECCIO,Rieti,RI,057,RIETI,Lazio,12,LAZIO,Centro,0
057032,E393,Labro,Labro,LABRO,Rieti,RI,057,RIETI,Lazio,12,LAZIO,Centro,0
057033,E535,Leonessa,Leonessa,LEONESSA,Rieti,RI,057,RIETI,Lazio,12,LAZIO,Centro,0
057034,E681,Longone Sabino,Longone Sabino,LONGONE SABINO,Rieti,RI,057,RIETI,Lazio,12,LAZIO,Centro,0
057035,E812,Magliano Sabina,Magliano Sabina,MAGLIANO SABINA,Rieti,RI,057,RIETI,Lazio,12,LAZIO,Centro,0
057036,E927,Marcetelli,Marcetelli,MARCETELLI,Rieti,RI,057,RIETI,Lazio,12,LAZIO,Centro,0
057037,F193,Micigliano,Micigliano,MICIGLIANO,Rieti,RI,057,RIETI,Lazio,12,LAZIO,Centro,0
057038,F319,Mompeo,Mompeo,MOMPEO,Rieti,RI,057,RIETI,Lazio,12,LAZIO,Centro,0
057039,F430,Montasola,Montasola,MONTASOLA,Rieti,RI,057,RIETI,Lazio,12,LAZIO,Centro,0
057043,F619,Monte San Giovanni in Sabina,Monte San Giovanni in Sabina,MONTE SAN GIOVANNI IN SABINA,Rieti,RI,057,RIETI,Lazio,12,LAZIO,Centro,0
057040,F446,Montebuono,Montebuono,MONTEBUONO,Rieti,RI,057,RIETI,Lazio,12,LAZIO,Centro,0
057041,F541,Monteleone Sabino,Monteleone Sabino,MONTELEONE SABINO,Rieti,RI,057,RIETI,Lazio,12,LAZIO,Centro,0
057042,F579,Montenero Sabino,Montenero Sabino,MONTENERO SABINO,Rieti,RI,057,RIETI,Lazio,12,LAZIO,Centro,0
057044,F687,Montopoli di Sabina,Montopoli di Sabina,MONTOPOLI DI SABINA,Rieti,RI,057,RIETI,Lazio,12,LAZIO,Centro,0
057045,F746,Morro Reatino,Morro Reatino,MORRO REATINO,Rieti,RI,057,RIETI,Lazio,12,LAZIO,Centro,0
057046,F876,Nespolo,Nespolo,NESPOLO,Rieti,RI,057,RIETI,Lazio,12,LAZIO,Centro,0
057047,B595,Orvinio,Orvinio,ORVINIO,Rieti,RI,057,RIETI,Lazio,12,LAZIO,Centro,0
057048,G232,Paganico Sabino,Paganico Sabino,PAGANICO SABINO,Rieti,RI,057,RIETI,Lazio,12,LAZIO,Centro,0
057049,G498,Pescorocchiano,Pescorocchiano,PESCOROCCHIANO,Rieti,RI,057,RIETI,Lazio,12,LAZIO,Centro,0
057050,G513,Petrella Salto,Petrella Salto,PETRELLA SALTO,Rieti,RI,057,RIETI,Lazio,12,LAZIO,Centro,0
057051,G756,Poggio Bustone,Poggio Bustone,POGGIO BUSTONE,Rieti,RI,057,RIETI,Lazio,12,LAZIO,Centro,0
057052,G757,Poggio Catino,Poggio Catino,POGGIO CATINO,Rieti,RI,057,RIETI,Lazio,12,LAZIO,Centro,0
057053,G763,Poggio Mirteto,Poggio Mirteto,POGGIO MIRTETO,Rieti,RI,057,RIETI,Lazio,12,LAZIO,Centro,0
057054,G764,Poggio Moiano,Poggio Moiano,POGGIO MOIANO,Rieti,RI,057,RIETI,Lazio,12,LAZIO,Centro,0
057055,G765,Poggio Nativo,Poggio Nativo,POGGIO NATIVO,Rieti,RI,057,RIETI,Lazio,12,LAZIO,Centro,0
057056,G770,Poggio San Lorenzo,Poggio San Lorenzo,POGGIO SAN LORENZO,Rieti,RI,057,RIETI,Lazio,12,LAZIO,Centro,0
057057,G934,Posta,Posta,POSTA,Rieti,RI,057,RIETI,Lazio,12,LAZIO,Centro,0
057058,G951,Pozzaglia Sabina,Pozzaglia Sabina,POZZAGLIA SABINA,Rieti,RI,057,RIETI,Lazio,12,LAZIO,Centro,0
057059,H282,Rieti,Rieti,RIETI,Rieti,RI,057,RIETI,Lazio,12,LAZIO,Centro,1
057060,H354,Rivodutri,Rivodutri,RIVODUTRI,Rieti,RI,057,RIETI,Lazio,12,LAZIO,Centro,0
057062,H446,Rocca Sinibalda,Rocca Sinibalda,ROCCA SINIBALDA,Rieti,RI,057,RIETI,Lazio,12,LAZIO,Centro,0
057061,H427,Roccantica,Roccantica,ROCCANTICA,Rieti,RI,057,RIETI,Lazio,12,LAZIO,Centro,0
057063,H713,Salisano,Salisano,SALISANO,Rieti,RI,057,RIETI,Lazio,12,LAZIO,Centro,0
057064,I499,Scandriglia,Scandriglia,SCANDRIGLIA,Rieti,RI,057,RIETI,Lazio,12,LAZIO,Centro,0
057065,I581,Selci,Selci,SELCI,Rieti,RI,057,RIETI,Lazio,12,LAZIO,Centro,0
057066,I959,Stimigliano,Stimigliano,STIMIGLIANO,Rieti,RI,057,RIETI,Lazio,12,LAZIO,Centro,0
057067,L046,Tarano,Tarano,TARANO,Rieti,RI,057,RIETI,Lazio,12,LAZIO,Centro,0
057068,L189,Toffia,Toffia,TOFFIA,Rieti,RI,057,RIETI,Lazio,12,LAZIO,Centro,0
057070,L286,Torri in Sabina,Torri in Sabina,TORRI IN SABINA,Rieti,RI,057,RIETI,Lazio,12,LAZIO,Centro,0
057069,L293,Torricella in Sabina,Torricella in Sabina,TORRICELLA IN SABINA,Rieti,RI,057,RIETI,Lazio,12,LAZIO,Centro,0
057071,G507,Turania,Turania,TURANIA,Rieti,RI,057,RIETI,Lazio,12,LAZIO,Centro,0
057072,L525,Vacone,Vacone,VACONE,Rieti,RI,057,RIETI,Lazio,12,LAZIO,Centro,0
057073,L676,Varco Sabino,Varco Sabino,VARCO SABINO,Rieti,RI,057,RIETI,Lazio,12,LAZIO,Centro,0
058001,A062,Affile,Affile,AFFILE,Roma,RM,258,ROMA,Lazio,12,LAZIO,Centro,0
058002,A084,Agosta,Agosta,AGOSTA,Roma,RM,258,ROMA,Lazio,12,LAZIO,Centro,0
058003,A132,Albano Laziale,Albano Laziale,ALBANO LAZIALE,Roma,RM,258,ROMA,Lazio,12,LAZIO,Centro,0
058004,A210,Allumiere,Allumiere,ALLUMIERE,Roma,RM,258,ROMA,Lazio,12,LAZIO,Centro,0
058005,A297,Anguillara Sabazia,Anguillara Sabazia,ANGUILLARA SABAZIA,Roma,RM,258,ROMA,Lazio,12,LAZIO,Centro,0
058006,A309,Anticoli Corrado,Anticoli Corrado,ANTICOLI CORRADO,Roma,RM,258,ROMA,Lazio,12,LAZIO,Centro,0
058007,A323,Anzio,Anzio,ANZIO,Roma,RM,258,ROMA,Lazio,12,LAZIO,Centro,0
058008,A370,Arcinazzo Romano,Arcinazzo Romano,ARCINAZZO ROMANO,Roma,RM,258,ROMA,Lazio,12,LAZIO,Centro,0
058117,M213,Ardea,Ardea,ARDEA,Roma,RM,258,ROMA,Lazio,12,LAZIO,Centro,0
058009,A401,Ariccia,Ariccia,ARICCIA,Roma,RM,258,ROMA,Lazio,12,LAZIO,Centro,0
058010,A446,Arsoli,Arsoli,ARSOLI,Roma,RM,258,ROMA,Lazio,12,LAZIO,Centro,0
058011,A449,Artena,Artena,ARTENA,Roma,RM,258,ROMA,Lazio,12,LAZIO,Centro,0
058012,A749,Bellegra,Bellegra,BELLEGRA,Roma,RM,258,ROMA,Lazio,12,LAZIO,Centro,0
058013,B114,Bracciano,Bracciano,BRACCIANO,Roma,RM,258,ROMA,Lazio,12,LAZIO,Centro,0
058014,B472,Camerata Nuova,Camerata Nuova,CAMERATA NUOVA,Roma,RM,258,ROMA,Lazio,12,LAZIO,Centro,0
058015,B496,Campagnano di Roma,Campagnano di Roma,CAMPAGNANO DI ROMA,Roma,RM,258,ROMA,Lazio,12,LAZIO,Centro,0
058016,B576,Canale Monterano,Canale Monterano,CANALE MONTERANO,Roma,RM,258,ROMA,Lazio,12,LAZIO,Centro,0
058017,B635,Canterano,Canterano,CANTERANO,Roma,RM,258,ROMA,Lazio,12,LAZIO,Centro,0
058018,B649,Capena,Capena,CAPENA,Roma,RM,258,ROMA,Lazio,12,LAZIO,Centro,0
058019,B687,Capranica Prenestina,Capranica Prenestina,CAPRANICA PRENESTINA,Roma,RM,258,ROMA,Lazio,12,LAZIO,Centro,0
058020,B828,Carpineto Romano,Carpineto Romano,CARPINETO ROMANO,Roma,RM,258,ROMA,Lazio,12,LAZIO,Centro,0
058021,B932,Casape,Casape,CASAPE,Roma,RM,258,ROMA,Lazio,12,LAZIO,Centro,0
058022,C116,Castel Gandolfo,Castel Gandolfo,CASTEL GANDOLFO,Roma,RM,258,ROMA,Lazio,12,LAZIO,Centro,0
058023,C203,Castel Madama,Castel Madama,CASTEL MADAMA,Roma,RM,258,ROMA,Lazio,12,LAZIO,Centro,0
058025,C266,Castel San Pietro Romano,Castel San Pietro Romano,CASTEL SAN PIETRO ROMANO,Roma,RM,258,ROMA,Lazio,12,LAZIO,Centro,0
058024,C237,Castelnuovo di Porto,Castelnuovo di Porto,CASTELNUOVO DI PORTO,Roma,RM,258,ROMA,Lazio,12,LAZIO,Centro,0
058026,C390,Cave,Cave,CAVE,Roma,RM,258,ROMA,Lazio,12,LAZIO,Centro,0
058027,C518,Cerreto Laziale,Cerreto Laziale,CERRETO LAZIALE,Roma,RM,258,ROMA,Lazio,12,LAZIO,Centro,0
058028,C543,Cervara di Roma,Cervara di Roma,CERVARA DI ROMA,Roma,RM,258,ROMA,Lazio,12,LAZIO,Centro,0
058029,C552,Cerveteri,Cerveteri,CERVETERI,Roma,RM,258,ROMA,Lazio,12,LAZIO,Centro,0
058118,M272,Ciampino,Ciampino,CIAMPINO,Roma,RM,258,ROMA,Lazio,12,LAZIO,Centro,0
058030,C677,Ciciliano,Ciciliano,CICILIANO,Roma,RM,258,ROMA,Lazio,12,LAZIO,Centro,0
058031,C702,Cineto Romano,Cineto Romano,CINETO ROMANO,Roma,RM,258,ROMA,Lazio,12,LAZIO,Centro,0
058032,C773,Civitavecchia,Civitavecchia,CIVITAVECCHIA,Roma,RM,258,ROMA,Lazio,12,LAZIO,Centro,0
058033,C784,Civitella San Paolo,Civitella San Paolo,CIVITELLA SAN PAOLO,Roma,RM,258,ROMA,Lazio,12,LAZIO,Centro,0
058034,C858,Colleferro,Colleferro,COLLEFERRO,Roma,RM,258,ROMA,Lazio,12,LAZIO,Centro,0
058035,C900,Colonna,Colonna,COLONNA,Roma,RM,258,ROMA,Lazio,12,LAZIO,Centro,0
058036,D561,Fiano Romano,Fiano Romano,FIANO ROMANO,Roma,RM,258,ROMA,Lazio,12,LAZIO,Centro,0
058037,D586,Filacciano,Filacciano,FILACCIANO,Roma,RM,258,ROMA,Lazio,12,LAZIO,Centro,0
058120,M297,Fiumicino,Fiumicino,FIUMICINO,Roma,RM,258,ROMA,Lazio,12,LAZIO,Centro,0
058122,M309,Fonte Nuova,Fonte Nuova,FONTE NUOVA,Roma,RM,258,ROMA,Lazio,12,LAZIO,Centro,0
058038,D707,Formello,Formello,FORMELLO,Roma,RM,258,ROMA,Lazio,12,LAZIO,Centro,0
058039,D773,Frascati,Frascati,FRASCATI,Roma,RM,258,ROMA,Lazio,12,LAZIO,Centro,0
058040,D875,Gallicano nel Lazio,Gallicano nel Lazio,GALLICANO NEL LAZIO,Roma,RM,258,ROMA,Lazio,12,LAZIO,Centro,0
058041,D945,Gavignano,Gavignano,GAVIGNANO,Roma,RM,258,ROMA,Lazio,12,LAZIO,Centro,0
058042,D964,Genazzano,Genazzano,GENAZZANO,Roma,RM,258,ROMA,Lazio,12,LAZIO,Centro,0
058043,D972,Genzano di Roma,Genzano di Roma,GENZANO DI ROMA,Roma,RM,258,ROMA,Lazio,12,LAZIO,Centro,0
058044,D978,Gerano,Gerano,GERANO,Roma,RM,258,ROMA,Lazio,12,LAZIO,Centro,0
058045,E091,Gorga,Gorga,GORGA,Roma,RM,258,ROMA,Lazio,12,LAZIO,Centro,0
058046,E204,Grottaferrata,Grottaferrata,GROTTAFERRATA,Roma,RM,258,ROMA,Lazio,12,LAZIO,Centro,0
058047,E263,Guidonia Montecelio,Guidonia Montecelio,GUIDONIA MONTECELIO,Roma,RM,258,ROMA,Lazio,12,LAZIO,Centro,0
058048,E382,Jenne,Jenne,JENNE,Roma,RM,258,ROMA,Lazio,12,LAZIO,Centro,0
058049,E392,Labico,Labico,LABICO,Roma,RM,258,ROMA,Lazio,12,LAZIO,Centro,0
058116,M212,Ladispoli,Ladispoli,LADISPOLI,Roma,RM,258,ROMA,Lazio,12,LAZIO,Centro,0
058050,C767,Lanuvio,Lanuvio,LANUVIO,Roma,RM,258,ROMA,Lazio,12,LAZIO,Centro,0
058115,M207,Lariano,Lariano,LARIANO,Roma,RM,258,ROMA,Lazio,12,LAZIO,Centro,0
058051,E576,Licenza,Licenza,LICENZA,Roma,RM,258,ROMA,Lazio,12,LAZIO,Centro,0
058052,E813,Magliano Romano,Magliano Romano,MAGLIANO ROMANO,Roma,RM,258,ROMA,Lazio,12,LAZIO,Centro,0
058053,B632,Mandela,Mandela,MANDELA,Roma,RM,258,ROMA,Lazio,12,LAZIO,Centro,0
058054,E900,Manziana,Manziana,MANZIANA,Roma,RM,258,ROMA,Lazio,12,LAZIO,Centro,0
058055,E908,Marano Equo,Marano Equo,MARANO EQUO,Roma,RM,258,ROMA,Lazio,12,LAZIO,Centro,0
058056,E924,Marcellina,Marcellina,MARCELLINA,Roma,RM,258,ROMA,Lazio,12,LAZIO,Centro,0
058057,E958,Marino,Marino,MARINO,Roma,RM,258,ROMA,Lazio,12,LAZIO,Centro,0
058058,F064,Mazzano Romano,Mazzano Romano,MAZZANO ROMANO,Roma,RM,258,ROMA,Lazio,12,LAZIO,Centro,0
058059,F127,Mentana,Mentana,MENTANA,Roma,RM,258,ROMA,Lazio,12,LAZIO,Centro,0
058060,F477,Monte Compatri,Monte Compatri,MONTE COMPATRI,Roma,RM,258,ROMA,Lazio,12,LAZIO,Centro,0
058064,F590,Monte Porzio Catone,Monte Porzio Catone,MONTE PORZIO CATONE,Roma,RM,258,ROMA,Lazio,12,LAZIO,Centro,0
058061,F504,Monteflavio,Monteflavio,MONTEFLAVIO,Roma,RM,258,ROMA,Lazio,12,LAZIO,Centro,0
058062,F534,Montelanico,Montelanico,MONTELANICO,Roma,RM,258,ROMA,Lazio,12,LAZIO,Centro,0
058063,F545,Montelibretti,Montelibretti,MONTELIBRETTI,Roma,RM,258,ROMA,Lazio,12,LAZIO,Centro,0
058065,F611,Monterotondo,Monterotondo,MONTEROTONDO,Roma,RM,258,ROMA,Lazio,12,LAZIO,Centro,0
058066,F692,Montorio Romano,Montorio Romano,MONTORIO ROMANO,Roma,RM,258,ROMA,Lazio,12,LAZIO,Centro,0
058067,F730,Moricone,Moricone,MORICONE,Roma,RM,258,ROMA,Lazio,12,LAZIO,Centro,0
058068,F734,Morlupo,Morlupo,MORLUPO,Roma,RM,258,ROMA,Lazio,12,LAZIO,Centro,0
058069,F857,Nazzano,Nazzano,NAZZANO,Roma,RM,258,ROMA,Lazio,12,LAZIO,Centro,0
058070,F865,Nemi,Nemi,NEMI,Roma,RM,258,ROMA,Lazio,12,LAZIO,Centro,0
058071,F871,Nerola,Nerola,NEROLA,Roma,RM,258,ROMA,Lazio,12,LAZIO,Centro,0
058072,F880,Nettuno,Nettuno,NETTUNO,Roma,RM,258,ROMA,Lazio,12,LAZIO,Centro,0
058073,G022,Olevano Romano,Olevano Romano,OLEVANO ROMANO,Roma,RM,258,ROMA,Lazio,12,LAZIO,Centro,0
058074,G274,Palestrina,Palestrina,PALESTRINA,Roma,RM,258,ROMA,Lazio,12,LAZIO,Centro,0
058075,G293,Palombara Sabina,Palombara Sabina,PALOMBARA SABINA,Roma,RM,258,ROMA,Lazio,12,LAZIO,Centro,0
058076,G444,Percile,Percile,PERCILE,Roma,RM,258,ROMA,Lazio,12,LAZIO,Centro,0
058077,G704,Pisoniano,Pisoniano,PISONIANO,Roma,RM,258,ROMA,Lazio,12,LAZIO,Centro,0
058078,G784,Poli,Poli,POLI,Roma,RM,258,ROMA,Lazio,12,LAZIO,Centro,0
058079,G811,Pomezia,Pomezia,POMEZIA,Roma,RM,258,ROMA,Lazio,12,LAZIO,Centro,0
058080,G874,Ponzano Romano,Ponzano Romano,PONZANO ROMANO,Roma,RM,258,ROMA,Lazio,12,LAZIO,Centro,0
058081,H267,Riano,Riano,RIANO,Roma,RM,258,ROMA,Lazio,12,LAZIO,Centro,0
058082,H288,Rignano Flaminio,Rignano Flaminio,RIGNANO FLAMINIO,Roma,RM,258,ROMA,Lazio,12,LAZIO,Centro,0
058083,H300,Riofreddo,Riofreddo,RIOFREDDO,Roma,RM,258,ROMA,Lazio,12,LAZIO,Centro,0
058084,H387,Rocca Canterano,Rocca Canterano,ROCCA CANTERANO,Roma,RM,258,ROMA,Lazio,12,LAZIO,Centro,0
058088,H432,Rocca Priora,Rocca Priora,ROCCA PRIORA,Roma,RM,258,ROMA,Lazio,12,LAZIO,Centro,0
058089,H441,Rocca Santo Stefano,Rocca Santo Stefano,ROCCA SANTO STEFANO,Roma,RM,258,ROMA,Lazio,12,LAZIO,Centro,0
058085,H401,Rocca di Cave,Rocca di Cave,ROCCA DI CAVE,Roma,RM,258,ROMA,Lazio,12,LAZIO,Centro,0
058086,H404,Rocca di Papa,Rocca di Papa,ROCCA DI PAPA,Roma,RM,258,ROMA,Lazio,12,LAZIO,Centro,0
058087,H411,Roccagiovine,Roccagiovine,ROCCAGIOVINE,Roma,RM,258,ROMA,Lazio,12,LAZIO,Centro,0
058090,H494,Roiate,Roiate,ROIATE,Roma,RM,258,ROMA,Lazio,12,LAZIO,Centro,0
058091,H501,Roma,Roma,ROMA,Roma,RM,258,ROMA,Lazio,12,LAZIO,Centro,1
058092,H618,Roviano,Roviano,ROVIANO,Roma,RM,258,ROMA,Lazio,12,LAZIO,Centro,0
058093,H658,Sacrofano,Sacrofano,SACROFANO,Roma,RM,258,ROMA,Lazio,12,LAZIO,Centro,0
058094,H745,Sambuci,Sambuci,SAMBUCI,Roma,RM,258,ROMA,Lazio,12,LAZIO,Centro,0
058119,M295,San Cesareo,San Cesareo,SAN CESAREO,Roma,RM,258,ROMA,Lazio,12,LAZIO,Centro,0
058095,H942,San Gregorio da Sassola,San Gregorio da Sassola,SAN GREGORIO DA SASSOLA,Roma,RM,258,ROMA,Lazio,12,LAZIO,Centro,0
058096,I125,San Polo dei Cavalieri,San Polo dei Cavalieri,SAN POLO DEI CAVALIERI,Roma,RM,258,ROMA,Lazio,12,LAZIO,Centro,0
058100,I400,San Vito Romano,San Vito Romano,SAN VITO ROMANO,Roma,RM,258,ROMA,Lazio,12,LAZIO,Centro,0
058098,I284,Sant'Angelo Romano,Sant'Angelo Romano,SANT ANGELO ROMANO,Roma,RM,258,ROMA,Lazio,12,LAZIO,Centro,0
058099,I352,Sant'Oreste,Sant'Oreste,SANT ORESTE,Roma,RM,258,ROMA,Lazio,12,LAZIO,Centro,0
058097,I255,Santa Marinella,Santa Marinella,SANTA MARINELLA,Roma,RM,258,ROMA,Lazio,12,LAZIO,Centro,0
058101,I424,Saracinesco,Saracinesco,SARACINESCO,Roma,RM,258,ROMA,Lazio,12,LAZIO,Centro,0
058102,I573,Segni,Segni,SEGNI,Roma,RM,258,ROMA,Lazio,12,LAZIO,Centro,0
058103,I992,Subiaco,Subiaco,SUBIACO,Roma,RM,258,ROMA,Lazio,12,LAZIO,Centro,0
058104,L182,Tivoli,Tivoli,TIVOLI,Roma,RM,258,ROMA,Lazio,12,LAZIO,Centro,0
058105,L192,Tolfa,Tolfa,TOLFA,Roma,RM,258,ROMA,Lazio,12,LAZIO,Centro,0
058106,L302,Torrita Tiberina,Torrita Tiberina,TORRITA TIBERINA,Roma,RM,258,ROMA,Lazio,12,LAZIO,Centro,0
058107,L401,Trevignano Romano,Trevignano Romano,TREVIGNANO ROMANO,Roma,RM,258,ROMA,Lazio,12,LAZIO,Centro,0
058108,L611,Vallepietra,Vallepietra,VALLEPIETRA,Roma,RM,258,ROMA,Lazio,12,LAZIO,Centro,0
058109,L625,Vallinfreda,Vallinfreda,VALLINFREDA,Roma,RM,258,ROMA,Lazio,12,LAZIO,Centro,0
058110,L639,Valmontone,Valmontone,VALMONTONE,Roma,RM,258,ROMA,Lazio,12,LAZIO,Centro,0
058111,L719,Velletri,Velletri,VELLETRI,Roma,RM,258,ROMA,Lazio,12,LAZIO,Centro,0
058112,L851,Vicovaro,Vicovaro,VICOVARO,Roma,RM,258,ROMA,Lazio,12,LAZIO,Centro,0
058113,M095,Vivaro Romano,Vivaro Romano,VIVARO ROMANO,Roma,RM,258,ROMA,Lazio,12,LAZIO,Centro,0
058114,M141,Zagarolo,Zagarolo,ZAGAROLO,Roma,RM,258,ROMA,Lazio,12,LAZIO,Centro,0
056001,A040,Acquapendente,Acquapendente,ACQUAPENDENTE,Viterbo,VT,056,VITERBO,Lazio,12,LAZIO,Centro,0
056002,A412,Arlena di Castro,Arlena di Castro,ARLENA DI CASTRO,Viterbo,VT,056,VITERBO,Lazio,12,LAZIO,Centro,0
056003,A577,Bagnoregio,Bagnoregio,BAGNOREGIO,Viterbo,VT,056,VITERBO,Lazio,12,LAZIO,Centro,0
056004,A628,Barbarano Romano,Barbarano Romano,BARBARANO ROMANO,Viterbo,VT,056,VITERBO,Lazio,12,LAZIO,Centro,0
056005,A704,Bassano Romano,Bassano Romano,BASSANO ROMANO,Viterbo,VT,056,VITERBO,Lazio,12,LAZIO,Centro,0
056006,A706,Bassano in Teverina,Bassano in Teverina,BASSANO IN TEVERINA,Viterbo,VT,056,VITERBO,Lazio,12,LAZIO,Centro,0
056007,A857,Blera,Blera,BLERA,Viterbo,VT,056,VITERBO,Lazio,12,LAZIO,Centro,0
056008,A949,Bolsena,Bolsena,BOLSENA,Viterbo,VT,056,VITERBO,Lazio,12,LAZIO,Centro,0
056009,A955,Bomarzo,Bomarzo,BOMARZO,Viterbo,VT,056,VITERBO,Lazio,12,LAZIO,Centro,0
056010,B388,Calcata,Calcata,CALCATA,Viterbo,VT,056,VITERBO,Lazio,12,LAZIO,Centro,0
056011,B597,Canepina,Canepina,CANEPINA,Viterbo,VT,056,VITERBO,Lazio,12,LAZIO,Centro,0
056012,B604,Canino,Canino,CANINO,Viterbo,VT,056,VITERBO,Lazio,12,LAZIO,Centro,0
056013,B663,Capodimonte,Capodimonte,CAPODIMONTE,Viterbo,VT,056,VITERBO,Lazio,12,LAZIO,Centro,0
056014,B688,Capranica,Capranica,CAPRANICA,Viterbo,VT,056,VITERBO,Lazio,12,LAZIO,Centro,0
056015,B691,Caprarola,Caprarola,CAPRAROLA,Viterbo,VT,056,VITERBO,Lazio,12,LAZIO,Centro,0
056016,B735,Carbognano,Carbognano,CARBOGNANO,Viterbo,VT,056,VITERBO,Lazio,12,LAZIO,Centro,0
056017,C269,Castel Sant'Elia,Castel Sant'Elia,CASTEL SANT ELIA,Viterbo,VT,056,VITERBO,Lazio,12,LAZIO,Centro,0
056018,C315,Castiglione in Teverina,Castiglione in Teverina,CASTIGLIONE IN TEVERINA,Viterbo,VT,056,VITERBO,Lazio,12,LAZIO,Centro,0
056019,C446,Celleno,Celleno,CELLENO,Viterbo,VT,056,VITERBO,Lazio,12,LAZIO,Centro,0
056020,C447,Cellere,Cellere,CELLERE,Viterbo,VT,056,VITERBO,Lazio,12,LAZIO,Centro,0
056021,C765,Civita Castellana,Civita Castellana,CIVITA CASTELLANA,Viterbo,VT,056,VITERBO,Lazio,12,LAZIO,Centro,0
056022,C780,Civitella d'Agliano,Civitella d'Agliano,CIVITELLA D AGLIANO,Viterbo,VT,056,VITERBO,Lazio,12,LAZIO,Centro,0
056023,C988,Corchiano,Corchiano,CORCHIANO,Viterbo,VT,056,VITERBO,Lazio,12,LAZIO,Centro,0
056024,D452,Fabrica di Roma,Fabrica di Roma,FABRICA DI ROMA,Viterbo,VT,056,VITERBO,Lazio,12,LAZIO,Centro,0
056025,D475,Faleria,Faleria,FALERIA,Viterbo,VT,056,VITERBO,Lazio,12,LAZIO,Centro,0
056026,D503,Farnese,Farnese,FARNESE,Viterbo,VT,056,VITERBO,Lazio,12,LAZIO,Centro,0
056027,D870,Gallese,Gallese,GALLESE,Viterbo,VT,056,VITERBO,Lazio,12,LAZIO,Centro,0
056028,E126,Gradoli,Gradoli,GRADOLI,Viterbo,VT,056,VITERBO,Lazio,12,LAZIO,Centro,0
056029,E128,Graffignano,Graffignano,GRAFFIGNANO,Viterbo,VT,056,VITERBO,Lazio,12,LAZIO,Centro,0
056030,E210,Grotte di Castro,Grotte di Castro,GROTTE DI CASTRO,Viterbo,VT,056,VITERBO,Lazio,12,LAZIO,Centro,0
056031,E330,Ischia di Castro,Ischia di Castro,ISCHIA DI CASTRO,Viterbo,VT,056,VITERBO,Lazio,12,LAZIO,Centro,0
056032,E467,Latera,Latera,LATERA,Viterbo,VT,056,VITERBO,Lazio,12,LAZIO,Centro,0
056033,E713,Lubriano,Lubriano,LUBRIANO,Viterbo,VT,056,VITERBO,Lazio,12,LAZIO,Centro,0
056034,E978,Marta,Marta,MARTA,Viterbo,VT,056,VITERBO,Lazio,12,LAZIO,Centro,0
056035,F419,Montalto di Castro,Montalto di Castro,MONTALTO DI CASTRO,Viterbo,VT,056,VITERBO,Lazio,12,LAZIO,Centro,0
056037,F603,Monte Romano,Monte Romano,MONTE ROMANO,Viterbo,VT,056,VITERBO,Lazio,12,LAZIO,Centro,0
056036,F499,Montefiascone,Montefiascone,MONTEFIASCONE,Viterbo,VT,056,VITERBO,Lazio,12,LAZIO,Centro,0
056038,F606,Monterosi,Monterosi,MONTEROSI,Viterbo,VT,056,VITERBO,Lazio,12,LAZIO,Centro,0
056039,F868,Nepi,Nepi,NEPI,Viterbo,VT,056,VITERBO,Lazio,12,LAZIO,Centro,0
056040,G065,Onano,Onano,ONANO,Viterbo,VT,056,VITERBO,Lazio,12,LAZIO,Centro,0
056041,G111,Oriolo Romano,Oriolo Romano,ORIOLO ROMANO,Viterbo,VT,056,VITERBO,Lazio,12,LAZIO,Centro,0
056042,G135,Orte,Orte,ORTE,Viterbo,VT,056,VITERBO,Lazio,12,LAZIO,Centro,0
056043,G571,Piansano,Piansano,PIANSANO,Viterbo,VT,056,VITERBO,Lazio,12,LAZIO,Centro,0
056044,H071,Proceno,Proceno,PROCENO,Viterbo,VT,056,VITERBO,Lazio,12,LAZIO,Centro,0
056045,H534,Ronciglione,Ronciglione,RONCIGLIONE,Viterbo,VT,056,VITERBO,Lazio,12,LAZIO,Centro,0
056047,H969,San Lorenzo Nuovo,San Lorenzo Nuovo,SAN LORENZO NUOVO,Viterbo,VT,056,VITERBO,Lazio,12,LAZIO,Centro,0
056048,I855,Soriano nel Cimino,Soriano nel Cimino,SORIANO NEL CIMINO,Viterbo,VT,056,VITERBO,Lazio,12,LAZIO,Centro,0
056049,L017,Sutri,Sutri,SUTRI,Viterbo,VT,056,VITERBO,Lazio,12,LAZIO,Centro,0
056050,D024,Tarquinia,Tarquinia,TARQUINIA,Viterbo,VT,056,VITERBO,Lazio,12,LAZIO,Centro,0
056051,L150,Tessennano,Tessennano,TESSENNANO,Viterbo,VT,056,VITERBO,Lazio,12,LAZIO,Centro,0
056052,L310,Tuscania,Tuscania,TUSCANIA,Viterbo,VT,056,VITERBO,Lazio,12,LAZIO,Centro,0
056053,L569,Valentano,Valentano,VALENTANO,Viterbo,VT,056,VITERBO,Lazio,12,LAZIO,Centro,0
056054,L612,Vallerano,Vallerano,VALLERANO,Viterbo,VT,056,VITERBO,Lazio,12,LAZIO,Centro,0
056055,A701,Vasanello,Vasanello,VASANELLO,Viterbo,VT,056,VITERBO,Lazio,12,LAZIO,Centro,0
056056,L713,Vejano,Vejano,VEJANO,Viterbo,VT,056,VITERBO,Lazio,12,LAZIO,Centro,0
056057,L814,Vetralla,Vetralla,VETRALLA,Viterbo,VT,056,VITERBO,Lazio,12,LAZIO,Centro,0
056058,L882,Vignanello,Vignanello,VIGNANELLO,Viterbo,VT,056,VITERBO,Lazio,12,LAZIO,Centro,0
056046,H913,Villa San Giovanni in Tuscia,Villa San Giovanni in Tuscia,VILLA SAN GIOVANNI IN TUSCIA,Viterbo,VT,056,VITERBO,Lazio,12,LAZIO,Centro,0
056059,M082,Viterbo,Viterbo,VITERBO,Viterbo,VT,056,VITERBO,Lazio,12,LAZIO,Centro,1
056060,M086,Vitorchiano,Vitorchiano,VITORCHIANO,Viterbo,VT,056,VITERBO,Lazio,12,LAZIO,Centro,0
010001,A388,Arenzano,Arenzano,ARENZANO,Genova,GE,210,GENOVA,Liguria,07,LIGURIA,Nord-ovest,0
010002,A506,Avegno,Avegno,AVEGNO,Genova,GE,210,GENOVA,Liguria,07,LIGURIA,Nord-ovest,0
010003,A658,Bargagli,Bargagli,BARGAGLI,Genova,GE,210,GENOVA,Liguria,07,LIGURIA,Nord-ovest,0
010004,A922,Bogliasco,Bogliasco,BOGLIASCO,Genova,GE,210,GENOVA,Liguria,07,LIGURIA,Nord-ovest,0
010005,B067,Borzonasca,Borzonasca,BORZONASCA,Genova,GE,210,GENOVA,Liguria,07,LIGURIA,Nord-ovest,0
010006,B282,Busalla,Busalla,BUSALLA,Genova,GE,210,GENOVA,Liguria,07,LIGURIA,Nord-ovest,0
010007,B490,Camogli,Camogli,CAMOGLI,Genova,GE,210,GENOVA,Liguria,07,LIGURIA,Nord-ovest,0
010008,B538,Campo Ligure,Campo Ligure,CAMPO LIGURE,Genova,GE,210,GENOVA,Liguria,07,LIGURIA,Nord-ovest,0
010009,B551,Campomorone,Campomorone,CAMPOMORONE,Genova,GE,210,GENOVA,Liguria,07,LIGURIA,Nord-ovest,0
010010,B726,Carasco,Carasco,CARASCO,Genova,GE,210,GENOVA,Liguria,07,LIGURIA,Nord-ovest,0
010011,B939,Casarza Ligure,Casarza Ligure,CASARZA LIGURE,Genova,GE,210,GENOVA,Liguria,07,LIGURIA,Nord-ovest,0
010012,B956,Casella,Casella,CASELLA,Genova,GE,210,GENOVA,Liguria,07,LIGURIA,Nord-ovest,0
010013,C302,Castiglione Chiavarese,Castiglione Chiavarese,CASTIGLIONE CHIAVARESE,Genova,GE,210,GENOVA,Liguria,07,LIGURIA,Nord-ovest,0
010014,C481,Ceranesi,Ceranesi,CERANESI,Genova,GE,210,GENOVA,Liguria,07,LIGURIA,Nord-ovest,0
010015,C621,Chiavari,Chiavari,CHIAVARI,Genova,GE,210,GENOVA,Liguria,07,LIGURIA,Nord-ovest,0
010016,C673,Cicagna,Cicagna,CICAGNA,Genova,GE,210,GENOVA,Liguria,07,LIGURIA,Nord-ovest,0
010017,C823,Cogoleto,Cogoleto,COGOLETO,Genova,GE,210,GENOVA,Liguria,07,LIGURIA,Nord-ovest,0
010018,C826,Cogorno,Cogorno,COGORNO,Genova,GE,210,GENOVA,Liguria,07,LIGURIA,Nord-ovest,0
010019,C995,Coreglia Ligure,Coreglia Ligure,COREGLIA LIGURE,Genova,GE,210,GENOVA,Liguria,07,LIGURIA,Nord-ovest,0
010020,D175,Crocefieschi,Crocefieschi,CROCEFIESCHI,Genova,GE,210,GENOVA,Liguria,07,LIGURIA,Nord-ovest,0
010021,D255,Davagna,Davagna,DAVAGNA,Genova,GE,210,GENOVA,Liguria,07,LIGURIA,Nord-ovest,0
010022,D509,Fascia,Fascia,FASCIA,Genova,GE,210,GENOVA,Liguria,07,LIGURIA,Nord-ovest,0
010023,D512,Favale di Malvaro,Favale di Malvaro,FAVALE DI MALVARO,Genova,GE,210,GENOVA,Liguria,07,LIGURIA,Nord-ovest,0
010024,D677,Fontanigorda,Fontanigorda,FONTANIGORDA,Genova,GE,210,GENOVA,Liguria,07,LIGURIA,Nord-ovest,0
010025,D969,Genova,Genova,GENOVA,Genova,GE,210,GENOVA,Liguria,07,LIGURIA,Nord-ovest,1
010026,E109,Gorreto,Gorreto,GORRETO,Genova,GE,210,GENOVA,Liguria,07,LIGURIA,Nord-ovest,0
010027,E341,Isola del Cantone,Isola del Cantone,ISOLA DEL CANTONE,Genova,GE,210,GENOVA,Liguria,07,LIGURIA,Nord-ovest,0
010028,E488,Lavagna,Lavagna,LAVAGNA,Genova,GE,210,GENOVA,Liguria,07,LIGURIA,Nord-ovest,0
010029,E519,Leivi,Leivi,LEIVI,Genova,GE,210,GENOVA,Liguria,07,LIGURIA,Nord-ovest,0
010030,E695,Lorsica,Lorsica,LORSICA,Genova,GE,210,GENOVA,Liguria,07,LIGURIA,Nord-ovest,0
010031,E737,Lumarzo,Lumarzo,LUMARZO,Genova,GE,210,GENOVA,Liguria,07,LIGURIA,Nord-ovest,0
010032,F020,Masone,Masone,MASONE,Genova,GE,210,GENOVA,Liguria,07,LIGURIA,Nord-ovest,0
010033,F098,Mele,Mele,MELE,Genova,GE,210,GENOVA,Liguria,07,LIGURIA,Nord-ovest,0
010034,F173,Mezzanego,Mezzanego,MEZZANEGO,Genova,GE,210,GENOVA,Liguria,07,LIGURIA,Nord-ovest,0
010035,F202,Mignanego,Mignanego,MIGNANEGO,Genova,GE,210,GENOVA,Liguria,07,LIGURIA,Nord-ovest,0
010036,F256,Moconesi,Moconesi,MOCONESI,Genova,GE,210,GENOVA,Liguria,07,LIGURIA,Nord-ovest,0
010037,F354,Moneglia,Moneglia,MONEGLIA,Genova,GE,210,GENOVA,Liguria,07,LIGURIA,Nord-ovest,0
010038,F445,Montebruno,Montebruno,MONTEBRUNO,Genova,GE,210,GENOVA,Liguria,07,LIGURIA,Nord-ovest,0
010039,F682,Montoggio,Montoggio,MONTOGGIO,Genova,GE,210,GENOVA,Liguria,07,LIGURIA,Nord-ovest,0
010040,F858,Ne,Ne,NE,Genova,GE,210,GENOVA,Liguria,07,LIGURIA,Nord-ovest,0
010041,F862,Neirone,Neirone,NEIRONE,Genova,GE,210,GENOVA,Liguria,07,LIGURIA,Nord-ovest,0
010042,G093,Orero,Orero,ORERO,Genova,GE,210,GENOVA,Liguria,07,LIGURIA,Nord-ovest,0
010043,G646,Pieve Ligure,Pieve Ligure,PIEVE LIGURE,Genova,GE,210,GENOVA,Liguria,07,LIGURIA,Nord-ovest,0
010044,G913,Portofino,Portofino,PORTOFINO,Genova,GE,210,GENOVA,Liguria,07,LIGURIA,Nord-ovest,0
010045,H073,Propata,Propata,PROPATA,Genova,GE,210,GENOVA,Liguria,07,LIGURIA,Nord-ovest,0
010046,H183,Rapallo,Rapallo,RAPALLO,Genova,GE,210,GENOVA,Liguria,07,LIGURIA,Nord-ovest,0
010047,H212,Recco,Recco,RECCO,Genova,GE,210,GENOVA,Liguria,07,LIGURIA,Nord-ovest,0
010048,H258,Rezzoaglio,Rezzoaglio,REZZOAGLIO,Genova,GE,210,GENOVA,Liguria,07,LIGURIA,Nord-ovest,0
010049,H536,Ronco Scrivia,Ronco Scrivia,RONCO SCRIVIA,Genova,GE,210,GENOVA,Liguria,07,LIGURIA,Nord-ovest,0
010050,H546,Rondanina,Rondanina,RONDANINA,Genova,GE,210,GENOVA,Liguria,07,LIGURIA,Nord-ovest,0
010051,H581,Rossiglione,Rossiglione,ROSSIGLIONE,Genova,GE,210,GENOVA,Liguria,07,LIGURIA,Nord-ovest,0
010052,H599,Rovegno,Rovegno,ROVEGNO,Genova,GE,210,GENOVA,Liguria,07,LIGURIA,Nord-ovest,0
010053,H802,San Colombano Certenoli,San Colombano Certenoli,SAN COLOMBANO CERTENOLI,Genova,GE,210,GENOVA,Liguria,07,LIGURIA,Nord-ovest,0
010055,I346,Sant'Olcese,Sant'Olcese,SANT OLCESE,Genova,GE,210,GENOVA,Liguria,07,LIGURIA,Nord-ovest,0
010054,I225,Santa Margherita Ligure,Santa Margherita Ligure,SANTA MARGHERITA LIGURE,Genova,GE,210,GENOVA,Liguria,07,LIGURIA,Nord-ovest,0
010056,I368,Santo Stefano d'Aveto,Santo Stefano d'Aveto,SANTO STEFANO D AVETO,Genova,GE,210,GENOVA,Liguria,07,LIGURIA,Nord-ovest,0
010057,I475,Savignone,Savignone,SAVIGNONE,Genova,GE,210,GENOVA,Liguria,07,LIGURIA,Nord-ovest,0
010058,I640,Serra Riccò,Serra Riccò,SERRA RICCO,Genova,GE,210,GENOVA,Liguria,07,LIGURIA,Nord-ovest,0
010059,I693,Sestri Levante,Sestri Levante,SESTRI LEVANTE,Genova,GE,210,GENOVA,Liguria,07,LIGURIA,Nord-ovest,0
010060,I852,Sori,Sori,SORI,Genova,GE,210,GENOVA,Liguria,07,LIGURIA,Nord-ovest,0
010061,L167,Tiglieto,Tiglieto,TIGLIETO,Genova,GE,210,GENOVA,Liguria,07,LIGURIA,Nord-ovest,0
010062,L298,Torriglia,Torriglia,TORRIGLIA,Genova,GE,210,GENOVA,Liguria,07,LIGURIA,Nord-ovest,0
010063,L416,Tribogna,Tribogna,TRIBOGNA,Genova,GE,210,GENOVA,Liguria,07,LIGURIA,Nord-ovest,0
010064,L507,Uscio,Uscio,USCIO,Genova,GE,210,GENOVA,Liguria,07,LIGURIA,Nord-ovest,0
010065,L546,Valbrevenna,Valbrevenna,VALBREVENNA,Genova,GE,210,GENOVA,Liguria,07,LIGURIA,Nord-ovest,0
010066,M105,Vobbia,Vobbia,VOBBIA,Genova,GE,210,GENOVA,Liguria,07,LIGURIA,Nord-ovest,0
010067,M182,Zoagli,Zoagli,ZOAGLI,Genova,GE,210,GENOVA,Liguria,07,LIGURIA,Nord-ovest,0
008001,A111,Airole,Airole,AIROLE,Imperia,IM,008,IMPERIA,Liguria,07,LIGURIA,Nord-ovest,0
008002,A338,Apricale,Apricale,APRICALE,Imperia,IM,008,IMPERIA,Liguria,07,LIGURIA,Nord-ovest,0
008003,A344,Aquila d'Arroscia,Aquila d'Arroscia,AQUILA D ARROSCIA,Imperia,IM,008,IMPERIA,Liguria,07,LIGURIA,Nord-ovest,0
008004,A418,Armo,Armo,ARMO,Imperia,IM,008,IMPERIA,Liguria,07,LIGURIA,Nord-ovest,0
008005,A499,Aurigo,Aurigo,AURIGO,Imperia,IM,008,IMPERIA,Liguria,07,LIGURIA,Nord-ovest,0
008006,A536,Badalucco,Badalucco,BADALUCCO,Imperia,IM,008,IMPERIA,Liguria,07,LIGURIA,Nord-ovest,0
008007,A581,Bajardo,Bajardo,BAJARDO,Imperia,IM,008,IMPERIA,Liguria,07,LIGURIA,Nord-ovest,0
008008,A984,Bordighera,Bordighera,BORDIGHERA,Imperia,IM,008,IMPERIA,Liguria,07,LIGURIA,Nord-ovest,0
008009,A993,Borghetto d'Arroscia,Borghetto d'Arroscia,BORGHETTO D ARROSCIA,Imperia,IM,008,IMPERIA,Liguria,07,LIGURIA,Nord-ovest,0
008010,B020,Borgomaro,Borgomaro,BORGOMARO,Imperia,IM,008,IMPERIA,Liguria,07,LIGURIA,Nord-ovest,0
008011,B559,Camporosso,Camporosso,CAMPOROSSO,Imperia,IM,008,IMPERIA,Liguria,07,LIGURIA,Nord-ovest,0
008012,B734,Caravonica,Caravonica,CARAVONICA,Imperia,IM,008,IMPERIA,Liguria,07,LIGURIA,Nord-ovest,0
008015,C110,Castel Vittorio,Castel Vittorio,CASTEL VITTORIO,Imperia,IM,008,IMPERIA,Liguria,07,LIGURIA,Nord-ovest,0
008014,C143,Castellaro,Castellaro,CASTELLARO,Imperia,IM,008,IMPERIA,Liguria,07,LIGURIA,Nord-ovest,0
008016,C511,Ceriana,Ceriana,CERIANA,Imperia,IM,008,IMPERIA,Liguria,07,LIGURIA,Nord-ovest,0
008017,C559,Cervo,Cervo,CERVO,Imperia,IM,008,IMPERIA,Liguria,07,LIGURIA,Nord-ovest,0
008018,C578,Cesio,Cesio,CESIO,Imperia,IM,008,IMPERIA,Liguria,07,LIGURIA,Nord-ovest,0
008019,C657,Chiusanico,Chiusanico,CHIUSANICO,Imperia,IM,008,IMPERIA,Liguria,07,LIGURIA,Nord-ovest,0
008020,C660,Chiusavecchia,Chiusavecchia,CHIUSAVECCHIA,Imperia,IM,008,IMPERIA,Liguria,07,LIGURIA,Nord-ovest,0
008021,C718,Cipressa,Cipressa,CIPRESSA,Imperia,IM,008,IMPERIA,Liguria,07,LIGURIA,Nord-ovest,0
008022,C755,Civezza,Civezza,CIVEZZA,Imperia,IM,008,IMPERIA,Liguria,07,LIGURIA,Nord-ovest,0
008023,D087,Cosio d'Arroscia,Cosio d'Arroscia,COSIO D ARROSCIA,Imperia,IM,008,IMPERIA,Liguria,07,LIGURIA,Nord-ovest,0
008024,D114,Costarainera,Costarainera,COSTARAINERA,Imperia,IM,008,IMPERIA,Liguria,07,LIGURIA,Nord-ovest,0
008025,D293,Diano Arentino,Diano Arentino,DIANO ARENTINO,Imperia,IM,008,IMPERIA,Liguria,07,LIGURIA,Nord-ovest,0
008026,D296,Diano Castello,Diano Castello,DIANO CASTELLO,Imperia,IM,008,IMPERIA,Liguria,07,LIGURIA,Nord-ovest,0
008027,D297,Diano Marina,Diano Marina,DIANO MARINA,Imperia,IM,008,IMPERIA,Liguria,07,LIGURIA,Nord-ovest,0
008028,D298,Diano San Pietro,Diano San Pietro,DIANO SAN PIETRO,Imperia,IM,008,IMPERIA,Liguria,07,LIGURIA,Nord-ovest,0
008029,D318,Dolceacqua,Dolceacqua,DOLCEACQUA,Imperia,IM,008,IMPERIA,Liguria,07,LIGURIA,Nord-ovest,0
008030,D319,Dolcedo,Dolcedo,DOLCEDO,Imperia,IM,008,IMPERIA,Liguria,07,LIGURIA,Nord-ovest,0
008031,E290,Imperia,Imperia,IMPERIA,Imperia,IM,008,IMPERIA,Liguria,07,LIGURIA,Nord-ovest,1
008032,E346,Isolabona,Isolabona,ISOLABONA,Imperia,IM,008,IMPERIA,Liguria,07,LIGURIA,Nord-ovest,0
008033,E719,Lucinasco,Lucinasco,LUCINASCO,Imperia,IM,008,IMPERIA,Liguria,07,LIGURIA,Nord-ovest,0
008034,F123,Mendatica,Mendatica,MENDATICA,Imperia,IM,008,IMPERIA,Liguria,07,LIGURIA,Nord-ovest,0
008035,F290,Molini di Triora,Molini di Triora,MOLINI DI TRIORA,Imperia,IM,008,IMPERIA,Liguria,07,LIGURIA,Nord-ovest,0
008068,M387,Montalto Carpasio,Montalto Carpasio,MONTALTO CARPASIO,Imperia,IM,008,IMPERIA,Liguria,07,LIGURIA,Nord-ovest,0
008037,F528,Montegrosso Pian Latte,Montegrosso Pian Latte,MONTEGROSSO PIAN LATTE,Imperia,IM,008,IMPERIA,Liguria,07,LIGURIA,Nord-ovest,0
008038,G041,Olivetta San Michele,Olivetta San Michele,OLIVETTA SAN MICHELE,Imperia,IM,008,IMPERIA,Liguria,07,LIGURIA,Nord-ovest,0
008039,G164,Ospedaletti,Ospedaletti,OSPEDALETTI,Imperia,IM,008,IMPERIA,Liguria,07,LIGURIA,Nord-ovest,0
008040,G454,Perinaldo,Perinaldo,PERINALDO,Imperia,IM,008,IMPERIA,Liguria,07,LIGURIA,Nord-ovest,0
008041,G607,Pietrabruna,Pietrabruna,PIETRABRUNA,Imperia,IM,008,IMPERIA,Liguria,07,LIGURIA,Nord-ovest,0
008042,G632,Pieve di Teco,Pieve di Teco,PIEVE DI TECO,Imperia,IM,008,IMPERIA,Liguria,07,LIGURIA,Nord-ovest,0
008043,G660,Pigna,Pigna,PIGNA,Imperia,IM,008,IMPERIA,Liguria,07,LIGURIA,Nord-ovest,0
008044,G814,Pompeiana,Pompeiana,POMPEIANA,Imperia,IM,008,IMPERIA,Liguria,07,LIGURIA,Nord-ovest,0
008045,G840,Pontedassio,Pontedassio,PONTEDASSIO,Imperia,IM,008,IMPERIA,Liguria,07,LIGURIA,Nord-ovest,0
008046,G890,Pornassio,Pornassio,PORNASSIO,Imperia,IM,008,IMPERIA,Liguria,07,LIGURIA,Nord-ovest,0
008047,H027,Prelà,Prelà,PRELA,Imperia,IM,008,IMPERIA,Liguria,07,LIGURIA,Nord-ovest,0
008048,H180,Ranzo,Ranzo,RANZO,Imperia,IM,008,IMPERIA,Liguria,07,LIGURIA,Nord-ovest,0
008049,H257,Rezzo,Rezzo,REZZO,Imperia,IM,008,IMPERIA,Liguria,07,LIGURIA,Nord-ovest,0
008050,H328,Riva Ligure,Riva Ligure,RIVA LIGURE,Imperia,IM,008,IMPERIA,Liguria,07,LIGURIA,Nord-ovest,0
008051,H460,Rocchetta Nervina,Rocchetta Nervina,ROCCHETTA NERVINA,Imperia,IM,008,IMPERIA,Liguria,07,LIGURIA,Nord-ovest,0
008052,H763,San Bartolomeo al Mare,San Bartolomeo al Mare,SAN BARTOLOMEO AL MARE,Imperia,IM,008,IMPERIA,Liguria,07,LIGURIA,Nord-ovest,0
008053,H780,San Biagio della Cima,San Biagio della Cima,SAN BIAGIO DELLA CIMA,Imperia,IM,008,IMPERIA,Liguria,07,LIGURIA,Nord-ovest,0
008054,H957,San Lorenzo al Mare,San Lorenzo al Mare,SAN LORENZO AL MARE,Imperia,IM,008,IMPERIA,Liguria,07,LIGURIA,Nord-ovest,0
008055,I138,Sanremo,Sanremo,SANREMO,Imperia,IM,008,IMPERIA,Liguria,07,LIGURIA,Nord-ovest,0
008056,I365,Santo Stefano al Mare,Santo Stefano al Mare,SANTO STEFANO AL MARE,Imperia,IM,008,IMPERIA,Liguria,07,LIGURIA,Nord-ovest,0
008057,I556,Seborga,Seborga,SEBORGA,Imperia,IM,008,IMPERIA,Liguria,07,LIGURIA,Nord-ovest,0
008058,I796,Soldano,Soldano,SOLDANO,Imperia,IM,008,IMPERIA,Liguria,07,LIGURIA,Nord-ovest,0
008059,L024,Taggia,Taggia,TAGGIA,Imperia,IM,008,IMPERIA,Liguria,07,LIGURIA,Nord-ovest,0
008060,L146,Terzorio,Terzorio,TERZORIO,Imperia,IM,008,IMPERIA,Liguria,07,LIGURIA,Nord-ovest,0
008061,L430,Triora,Triora,TRIORA,Imperia,IM,008,IMPERIA,Liguria,07,LIGURIA,Nord-ovest,0
008062,L596,Vallebona,Vallebona,VALLEBONA,Imperia,IM,008,IMPERIA,Liguria,07,LIGURIA,Nord-ovest,0
008063,L599,Vallecrosia,Vallecrosia,VALLECROSIA,Imperia,IM,008,IMPERIA,Liguria,07,LIGURIA,Nord-ovest,0
008064,L693,Vasia,Vasia,VASIA,Imperia,IM,008,IMPERIA,Liguria,07,LIGURIA,Nord-ovest,0
008065,L741,Ventimiglia,Ventimiglia,VENTIMIGLIA,Imperia,IM,008,IMPERIA,Liguria,07,LIGURIA,Nord-ovest,0
008066,L809,Vessalico,Vessalico,VESSALICO,Imperia,IM,008,IMPERIA,Liguria,07,LIGURIA,Nord-ovest,0
008067,L943,Villa Faraldi,Villa Faraldi,VILLA FARALDI,Imperia,IM,008,IMPERIA,Liguria,07,LIGURIA,Nord-ovest,0
011001,A261,Ameglia,Ameglia,AMEGLIA,La Spezia,SP,011,LA SPEZIA,Liguria,07,LIGURIA,Nord-ovest,0
011002,A373,Arcola,Arcola,ARCOLA,La Spezia,SP,011,LA SPEZIA,Liguria,07,LIGURIA,Nord-ovest,0
011003,A836,Beverino,Beverino,BEVERINO,La Spezia,SP,011,LA SPEZIA,Liguria,07,LIGURIA,Nord-ovest,0
011004,A932,Bolano,Bolano,BOLANO,La Spezia,SP,011,LA SPEZIA,Liguria,07,LIGURIA,Nord-ovest,0
011005,A961,Bonassola,Bonassola,BONASSOLA,La Spezia,SP,011,LA SPEZIA,Liguria,07,LIGURIA,Nord-ovest,0
011006,A992,Borghetto di Vara,Borghetto di Vara,BORGHETTO DI VARA,La Spezia,SP,011,LA SPEZIA,Liguria,07,LIGURIA,Nord-ovest,0
011007,B214,Brugnato,Brugnato,BRUGNATO,La Spezia,SP,011,LA SPEZIA,Liguria,07,LIGURIA,Nord-ovest,0
011008,B410,Calice al Cornoviglio,Calice al Cornoviglio,CALICE AL CORNOVIGLIO,La Spezia,SP,011,LA SPEZIA,Liguria,07,LIGURIA,Nord-ovest,0
011009,B838,Carro,Carro,CARRO,La Spezia,SP,011,LA SPEZIA,Liguria,07,LIGURIA,Nord-ovest,0
011010,B839,Carrodano,Carrodano,CARRODANO,La Spezia,SP,011,LA SPEZIA,Liguria,07,LIGURIA,Nord-ovest,0
011011,C240,Castelnuovo Magra,Castelnuovo Magra,CASTELNUOVO MAGRA,La Spezia,SP,011,LA SPEZIA,Liguria,07,LIGURIA,Nord-ovest,0
011012,D265,Deiva Marina,Deiva Marina,DEIVA MARINA,La Spezia,SP,011,LA SPEZIA,Liguria,07,LIGURIA,Nord-ovest,0
011013,D655,Follo,Follo,FOLLO,La Spezia,SP,011,LA SPEZIA,Liguria,07,LIGURIA,Nord-ovest,0
011014,D758,Framura,Framura,FRAMURA,La Spezia,SP,011,LA SPEZIA,Liguria,07,LIGURIA,Nord-ovest,0
011015,E463,La Spezia,La Spezia,LA SPEZIA,La Spezia,SP,011,LA SPEZIA,Liguria,07,LIGURIA,Nord-ovest,1
011016,E542,Lerici,Lerici,LERICI,La Spezia,SP,011,LA SPEZIA,Liguria,07,LIGURIA,Nord-ovest,0
011017,E560,Levanto,Levanto,LEVANTO,La Spezia,SP,011,LA SPEZIA,Liguria,07,LIGURIA,Nord-ovest,0
011020,G143,Luni,Luni,LUNI,La Spezia,SP,011,LA SPEZIA,Liguria,07,LIGURIA,Nord-ovest,0
011018,E842,Maissana,Maissana,MAISSANA,La Spezia,SP,011,LA SPEZIA,Liguria,07,LIGURIA,Nord-ovest,0
011019,F609,Monterosso al Mare,Monterosso al Mare,MONTEROSSO AL MARE,La Spezia,SP,011,LA SPEZIA,Liguria,07,LIGURIA,Nord-ovest,0
011021,G664,Pignone,Pignone,PIGNONE,La Spezia,SP,011,LA SPEZIA,Liguria,07,LIGURIA,Nord-ovest,0
011022,G925,Portovenere,Portovenere,PORTOVENERE,La Spezia,SP,011,LA SPEZIA,Liguria,07,LIGURIA,Nord-ovest,0
011023,H275,Riccò del Golfo di Spezia,Riccò del Golfo di Spezia,RICCO DEL GOLFO DI SPEZIA,La Spezia,SP,011,LA SPEZIA,Liguria,07,LIGURIA,Nord-ovest,0
011024,H304,Riomaggiore,Riomaggiore,RIOMAGGIORE,La Spezia,SP,011,LA SPEZIA,Liguria,07,LIGURIA,Nord-ovest,0
011025,H461,Rocchetta di Vara,Rocchetta di Vara,ROCCHETTA DI VARA,La Spezia,SP,011,LA SPEZIA,Liguria,07,LIGURIA,Nord-ovest,0
011026,I363,Santo Stefano di Magra,Santo Stefano di Magra,SANTO STEFANO DI MAGRA,La Spezia,SP,011,LA SPEZIA,Liguria,07,LIGURIA,Nord-ovest,0
011027,I449,Sarzana,Sarzana,SARZANA,La Spezia,SP,011,LA SPEZIA,Liguria,07,LIGURIA,Nord-ovest,0
011028,E070,Sesta Godano,Sesta Godano,SESTA GODANO,La Spezia,SP,011,LA SPEZIA,Liguria,07,LIGURIA,Nord-ovest,0
011029,L681,Varese Ligure,Varese Ligure,VARESE LIGURE,La Spezia,SP,011,LA SPEZIA,Liguria,07,LIGURIA,Nord-ovest,0
011030,L774,Vernazza,Vernazza,VERNAZZA,La Spezia,SP,011,LA SPEZIA,Liguria,07,LIGURIA,Nord-ovest,0
011031,L819,Vezzano Ligure,Vezzano Ligure,VEZZANO LIGURE,La Spezia,SP,011,LA SPEZIA,Liguria,07,LIGURIA,Nord-ovest,0
011032,M177,Zignago,Zignago,ZIGNAGO,La Spezia,SP,011,LA SPEZIA,Liguria,07,LIGURIA,Nord-ovest,0
009001,A122,Alassio,Alassio,ALASSIO,Savona,SV,009,SAVONA,Liguria,07,LIGURIA,Nord-ovest,0
009002,A145,Albenga,Albenga,ALBENGA,Savona,SV,009,SAVONA,Liguria,07,LIGURIA,Nord-ovest,0
009004,A166,Albisola Superiore,Albisola Superiore,ALBISOLA SUPERIORE,Savona,SV,009,SAVONA,Liguria,07,LIGURIA,Nord-ovest,0
009003,A165,Albissola Marina,Albissola Marina,ALBISSOLA MARINA,Savona,SV,009,SAVONA,Liguria,07,LIGURIA,Nord-ovest,0
009005,A226,Altare,Altare,ALTARE,Savona,SV,009,SAVONA,Liguria,07,LIGURIA,Nord-ovest,0
009006,A278,Andora,Andora,ANDORA,Savona,SV,009,SAVONA,Liguria,07,LIGURIA,Nord-ovest,0
009007,A422,Arnasco,Arnasco,ARNASCO,Savona,SV,009,SAVONA,Liguria,07,LIGURIA,Nord-ovest,0
009008,A593,Balestrino,Balestrino,BALESTRINO,Savona,SV,009,SAVONA,Liguria,07,LIGURIA,Nord-ovest,0
009009,A647,Bardineto,Bardineto,BARDINETO,Savona,SV,009,SAVONA,Liguria,07,LIGURIA,Nord-ovest,0
009010,A796,Bergeggi,Bergeggi,BERGEGGI,Savona,SV,009,SAVONA,Liguria,07,LIGURIA,Nord-ovest,0
009011,A931,Boissano,Boissano,BOISSANO,Savona,SV,009,SAVONA,Liguria,07,LIGURIA,Nord-ovest,0
009012,A999,Borghetto Santo Spirito,Borghetto Santo Spirito,BORGHETTO SANTO SPIRITO,Savona,SV,009,SAVONA,Liguria,07,LIGURIA,Nord-ovest,0
009013,B005,Borgio Verezzi,Borgio Verezzi,BORGIO VEREZZI,Savona,SV,009,SAVONA,Liguria,07,LIGURIA,Nord-ovest,0
009014,B048,Bormida,Bormida,BORMIDA,Savona,SV,009,SAVONA,Liguria,07,LIGURIA,Nord-ovest,0
009015,B369,Cairo Montenotte,Cairo Montenotte,CAIRO MONTENOTTE,Savona,SV,009,SAVONA,Liguria,07,LIGURIA,Nord-ovest,0
009016,B409,Calice Ligure,Calice Ligure,CALICE LIGURE,Savona,SV,009,SAVONA,Liguria,07,LIGURIA,Nord-ovest,0
009017,B416,Calizzano,Calizzano,CALIZZANO,Savona,SV,009,SAVONA,Liguria,07,LIGURIA,Nord-ovest,0
009018,B748,Carcare,Carcare,CARCARE,Savona,SV,009,SAVONA,Liguria,07,LIGURIA,Nord-ovest,0
009019,B927,Casanova Lerrone,Casanova Lerrone,CASANOVA LERRONE,Savona,SV,009,SAVONA,Liguria,07,LIGURIA,Nord-ovest,0
009020,C063,Castelbianco,Castelbianco,CASTELBIANCO,Savona,SV,009,SAVONA,Liguria,07,LIGURIA,Nord-ovest,0
009021,C276,Castelvecchio di Rocca Barbena,Castelvecchio di Rocca Barbena,CASTELVECCHIO DI ROCCA BARBENA,Savona,SV,009,SAVONA,Liguria,07,LIGURIA,Nord-ovest,0
009022,C443,Celle Ligure,Celle Ligure,CELLE LIGURE,Savona,SV,009,SAVONA,Liguria,07,LIGURIA,Nord-ovest,0
009023,C463,Cengio,Cengio,CENGIO,Savona,SV,009,SAVONA,Liguria,07,LIGURIA,Nord-ovest,0
009024,C510,Ceriale,Ceriale,CERIALE,Savona,SV,009,SAVONA,Liguria,07,LIGURIA,Nord-ovest,0
009025,C729,Cisano sul Neva,Cisano sul Neva,CISANO SUL NEVA,Savona,SV,009,SAVONA,Liguria,07,LIGURIA,Nord-ovest,0
009026,D095,Cosseria,Cosseria,COSSERIA,Savona,SV,009,SAVONA,Liguria,07,LIGURIA,Nord-ovest,0
009027,D264,Dego,Dego,DEGO,Savona,SV,009,SAVONA,Liguria,07,LIGURIA,Nord-ovest,0
009028,D424,Erli,Erli,ERLI,Savona,SV,009,SAVONA,Liguria,07,LIGURIA,Nord-ovest,0
009029,D600,Finale Ligure,Finale Ligure,FINALE LIGURE,Savona,SV,009,SAVONA,Liguria,07,LIGURIA,Nord-ovest,0
009030,D927,Garlenda,Garlenda,GARLENDA,Savona,SV,009,SAVONA,Liguria,07,LIGURIA,Nord-ovest,0
009031,E064,Giustenice,Giustenice,GIUSTENICE,Savona,SV,009,SAVONA,Liguria,07,LIGURIA,Nord-ovest,0
009032,E066,Giusvalla,Giusvalla,GIUSVALLA,Savona,SV,009,SAVONA,Liguria,07,LIGURIA,Nord-ovest,0
009033,E414,Laigueglia,Laigueglia,LAIGUEGLIA,Savona,SV,009,SAVONA,Liguria,07,LIGURIA,Nord-ovest,0
009034,E632,Loano,Loano,LOANO,Savona,SV,009,SAVONA,Liguria,07,LIGURIA,Nord-ovest,0
009035,E816,Magliolo,Magliolo,MAGLIOLO,Savona,SV,009,SAVONA,Liguria,07,LIGURIA,Nord-ovest,0
009036,E860,Mallare,Mallare,MALLARE,Savona,SV,009,SAVONA,Liguria,07,LIGURIA,Nord-ovest,0
009037,F046,Massimino,Massimino,MASSIMINO,Savona,SV,009,SAVONA,Liguria,07,LIGURIA,Nord-ovest,0
009038,F213,Millesimo,Millesimo,MILLESIMO,Savona,SV,009,SAVONA,Liguria,07,LIGURIA,Nord-ovest,0
009039,F226,Mioglia,Mioglia,MIOGLIA,Savona,SV,009,SAVONA,Liguria,07,LIGURIA,Nord-ovest,0
009040,F813,Murialdo,Murialdo,MURIALDO,Savona,SV,009,SAVONA,Liguria,07,LIGURIA,Nord-ovest,0
009041,F847,Nasino,Nasino,NASINO,Savona,SV,009,SAVONA,Liguria,07,LIGURIA,Nord-ovest,0
009042,F926,Noli,Noli,NOLI,Savona,SV,009,SAVONA,Liguria,07,LIGURIA,Nord-ovest,0
009043,G076,Onzo,Onzo,ONZO,Savona,SV,009,SAVONA,Liguria,07,LIGURIA,Nord-ovest,0
009044,D522,Orco Feglino,Orco Feglino,ORCO FEGLINO,Savona,SV,009,SAVONA,Liguria,07,LIGURIA,Nord-ovest,0
009045,G144,Ortovero,Ortovero,ORTOVERO,Savona,SV,009,SAVONA,Liguria,07,LIGURIA,Nord-ovest,0
009046,G155,Osiglia,Osiglia,OSIGLIA,Savona,SV,009,SAVONA,Liguria,07,LIGURIA,Nord-ovest,0
009047,G281,Pallare,Pallare,PALLARE,Savona,SV,009,SAVONA,Liguria,07,LIGURIA,Nord-ovest,0
009048,G542,Piana Crixia,Piana Crixia,PIANA CRIXIA,Savona,SV,009,SAVONA,Liguria,07,LIGURIA,Nord-ovest,0
009049,G605,Pietra Ligure,Pietra Ligure,PIETRA LIGURE,Savona,SV,009,SAVONA,Liguria,07,LIGURIA,Nord-ovest,0
009050,G741,Plodio,Plodio,PLODIO,Savona,SV,009,SAVONA,Liguria,07,LIGURIA,Nord-ovest,0
009051,G866,Pontinvrea,Pontinvrea,PONTINVREA,Savona,SV,009,SAVONA,Liguria,07,LIGURIA,Nord-ovest,0
009052,H126,Quiliano,Quiliano,QUILIANO,Savona,SV,009,SAVONA,Liguria,07,LIGURIA,Nord-ovest,0
009053,H266,Rialto,Rialto,RIALTO,Savona,SV,009,SAVONA,Liguria,07,LIGURIA,Nord-ovest,0
009054,H452,Roccavignale,Roccavignale,ROCCAVIGNALE,Savona,SV,009,SAVONA,Liguria,07,LIGURIA,Nord-ovest,0
009055,I453,Sassello,Sassello,SASSELLO,Savona,SV,009,SAVONA,Liguria,07,LIGURIA,Nord-ovest,0
009056,I480,Savona,Savona,SAVONA,Savona,SV,009,SAVONA,Liguria,07,LIGURIA,Nord-ovest,1
009057,I926,Spotorno,Spotorno,SPOTORNO,Savona,SV,009,SAVONA,Liguria,07,LIGURIA,Nord-ovest,0
009058,I946,Stella,Stella,STELLA,Savona,SV,009,SAVONA,Liguria,07,LIGURIA,Nord-ovest,0
009059,I947,Stellanello,Stellanello,STELLANELLO,Savona,SV,009,SAVONA,Liguria,07,LIGURIA,Nord-ovest,0
009060,L152,Testico,Testico,TESTICO,Savona,SV,009,SAVONA,Liguria,07,LIGURIA,Nord-ovest,0
009061,L190,Toirano,Toirano,TOIRANO,Savona,SV,009,SAVONA,Liguria,07,LIGURIA,Nord-ovest,0
009062,L315,Tovo San Giacomo,Tovo San Giacomo,TOVO SAN GIACOMO,Savona,SV,009,SAVONA,Liguria,07,LIGURIA,Nord-ovest,0
009063,L499,Urbe,Urbe,URBE,Savona,SV,009,SAVONA,Liguria,07,LIGURIA,Nord-ovest,0
009064,L528,Vado Ligure,Vado Ligure,VADO LIGURE,Savona,SV,009,SAVONA,Liguria,07,LIGURIA,Nord-ovest,0
009065,L675,Varazze,Varazze,VARAZZE,Savona,SV,009,SAVONA,Liguria,07,LIGURIA,Nord-ovest,0
009066,L730,Vendone,Vendone,VENDONE,Savona,SV,009,SAVONA,Liguria,07,LIGURIA,Nord-ovest,0
009067,L823,Vezzi Portio,Vezzi Portio,VEZZI PORTIO,Savona,SV,009,SAVONA,Liguria,07,LIGURIA,Nord-ovest,0
009068,L975,Villanova d'Albenga,Villanova d'Albenga,VILLANOVA D ALBENGA,Savona,SV,009,SAVONA,Liguria,07,LIGURIA,Nord-ovest,0
009069,M197,Zuccarello,Zuccarello,ZUCCARELLO,Savona,SV,009,SAVONA,Liguria,07,LIGURIA,Nord-ovest,0
016001,A057,Adrara San Martino,Adrara San Martino,ADRARA SAN MARTINO,Bergamo,BG,016,BERGAMO,Lombardia,03,LOMBARDIA,Nord-ovest,0
016002,A058,Adrara San Rocco,Adrara San Rocco,ADRARA SAN ROCCO,Bergamo,BG,016,BERGAMO,Lombardia,03,LOMBARDIA,Nord-ovest,0
016003,A129,Albano Sant'Alessandro,Albano Sant'Alessandro,ALBANO SANT ALESSANDRO,Bergamo,BG,016,BERGAMO,Lombardia,03,LOMBARDIA,Nord-ovest,0
016004,A163,Albino,Albino,ALBINO,Bergamo,BG,016,BERGAMO,Lombardia,03,LOMBARDIA,Nord-ovest,0
016248,A193,Algua,Algua,ALGUA,Bergamo,BG,016,BERGAMO,Lombardia,03,LOMBARDIA,Nord-ovest,0
016006,A216,Almenno San Bartolomeo,Almenno San Bartolomeo,ALMENNO SAN BARTOLOMEO,Bergamo,BG,016,BERGAMO,Lombardia,03,LOMBARDIA,Nord-ovest,0
016007,A217,Almenno San Salvatore,Almenno San Salvatore,ALMENNO SAN SALVATORE,Bergamo,BG,016,BERGAMO,Lombardia,03,LOMBARDIA,Nord-ovest,0
016005,A214,Almè,Almè,ALME,Bergamo,BG,016,BERGAMO,Lombardia,03,LOMBARDIA,Nord-ovest,0
016008,A246,Alzano Lombardo,Alzano Lombardo,ALZANO LOMBARDO,Bergamo,BG,016,BERGAMO,Lombardia,03,LOMBARDIA,Nord-ovest,0
016009,A259,Ambivere,Ambivere,AMBIVERE,Bergamo,BG,016,BERGAMO,Lombardia,03,LOMBARDIA,Nord-ovest,0
016010,A304,Antegnate,Antegnate,ANTEGNATE,Bergamo,BG,016,BERGAMO,Lombardia,03,LOMBARDIA,Nord-ovest,0
016011,A365,Arcene,Arcene,ARCENE,Bergamo,BG,016,BERGAMO,Lombardia,03,LOMBARDIA,Nord-ovest,0
016012,A383,Ardesio,Ardesio,ARDESIO,Bergamo,BG,016,BERGAMO,Lombardia,03,LOMBARDIA,Nord-ovest,0
016013,A440,Arzago d'Adda,Arzago d'Adda,ARZAGO D ADDA,Bergamo,BG,016,BERGAMO,Lombardia,03,LOMBARDIA,Nord-ovest,0
016014,A511,Averara,Averara,AVERARA,Bergamo,BG,016,BERGAMO,Lombardia,03,LOMBARDIA,Nord-ovest,0
016015,A517,Aviatico,Aviatico,AVIATICO,Bergamo,BG,016,BERGAMO,Lombardia,03,LOMBARDIA,Nord-ovest,0
016016,A528,Azzano San Paolo,Azzano San Paolo,AZZANO SAN PAOLO,Bergamo,BG,016,BERGAMO,Lombardia,03,LOMBARDIA,Nord-ovest,0
016017,A533,Azzone,Azzone,AZZONE,Bergamo,BG,016,BERGAMO,Lombardia,03,LOMBARDIA,Nord-ovest,0
016018,A557,Bagnatica,Bagnatica,BAGNATICA,Bergamo,BG,016,BERGAMO,Lombardia,03,LOMBARDIA,Nord-ovest,0
016019,A631,Barbata,Barbata,BARBATA,Bergamo,BG,016,BERGAMO,Lombardia,03,LOMBARDIA,Nord-ovest,0
016020,A664,Bariano,Bariano,BARIANO,Bergamo,BG,016,BERGAMO,Lombardia,03,LOMBARDIA,Nord-ovest,0
016021,A684,Barzana,Barzana,BARZANA,Bergamo,BG,016,BERGAMO,Lombardia,03,LOMBARDIA,Nord-ovest,0
016022,A732,Bedulita,Bedulita,BEDULITA,Bergamo,BG,016,BERGAMO,Lombardia,03,LOMBARDIA,Nord-ovest,0
016023,A786,Berbenno,Berbenno,BERBENNO,Bergamo,BG,016,BERGAMO,Lombardia,03,LOMBARDIA,Nord-ovest,0
016024,A794,Bergamo,Bergamo,BERGAMO,Bergamo,BG,016,BERGAMO,Lombardia,03,LOMBARDIA,Nord-ovest,1
016025,A815,Berzo San Fermo,Berzo San Fermo,BERZO SAN FERMO,Bergamo,BG,016,BERGAMO,Lombardia,03,LOMBARDIA,Nord-ovest,0
016026,A846,Bianzano,Bianzano,BIANZANO,Bergamo,BG,016,BERGAMO,Lombardia,03,LOMBARDIA,Nord-ovest,0
016027,A903,Blello,Blello,BLELLO,Bergamo,BG,016,BERGAMO,Lombardia,03,LOMBARDIA,Nord-ovest,0
016028,A937,Bolgare,Bolgare,BOLGARE,Bergamo,BG,016,BERGAMO,Lombardia,03,LOMBARDIA,Nord-ovest,0
016029,A950,Boltiere,Boltiere,BOLTIERE,Bergamo,BG,016,BERGAMO,Lombardia,03,LOMBARDIA,Nord-ovest,0
016030,A963,Bonate Sopra,Bonate Sopra,BONATE SOPRA,Bergamo,BG,016,BERGAMO,Lombardia,03,LOMBARDIA,Nord-ovest,0
016031,A962,Bonate Sotto,Bonate Sotto,BONATE SOTTO,Bergamo,BG,016,BERGAMO,Lombardia,03,LOMBARDIA,Nord-ovest,0
016032,B010,Borgo di Terzo,Borgo di Terzo,BORGO DI TERZO,Bergamo,BG,016,BERGAMO,Lombardia,03,LOMBARDIA,Nord-ovest,0
016033,B083,Bossico,Bossico,BOSSICO,Bergamo,BG,016,BERGAMO,Lombardia,03,LOMBARDIA,Nord-ovest,0
016034,B088,Bottanuco,Bottanuco,BOTTANUCO,Bergamo,BG,016,BERGAMO,Lombardia,03,LOMBARDIA,Nord-ovest,0
016035,B112,Bracca,Bracca,BRACCA,Bergamo,BG,016,BERGAMO,Lombardia,03,LOMBARDIA,Nord-ovest,0
016036,B123,Branzi,Branzi,BRANZI,Bergamo,BG,016,BERGAMO,Lombardia,03,LOMBARDIA,Nord-ovest,0
016037,B137,Brembate,Brembate,BREMBATE,Bergamo,BG,016,BERGAMO,Lombardia,03,LOMBARDIA,Nord-ovest,0
016038,B138,Brembate di Sopra,Brembate di Sopra,BREMBATE DI SOPRA,Bergamo,BG,016,BERGAMO,Lombardia,03,LOMBARDIA,Nord-ovest,0
016040,B178,Brignano Gera d'Adda,Brignano Gera d'Adda,BRIGNANO GERA D ADDA,Bergamo,BG,016,BERGAMO,Lombardia,03,LOMBARDIA,Nord-ovest,0
016041,B217,Brumano,Brumano,BRUMANO,Bergamo,BG,016,BERGAMO,Lombardia,03,LOMBARDIA,Nord-ovest,0
016042,B223,Brusaporto,Brusaporto,BRUSAPORTO,Bergamo,BG,016,BERGAMO,Lombardia,03,LOMBARDIA,Nord-ovest,0
016043,B393,Calcinate,Calcinate,CALCINATE,Bergamo,BG,016,BERGAMO,Lombardia,03,LOMBARDIA,Nord-ovest,0
016044,B395,Calcio,Calcio,CALCIO,Bergamo,BG,016,BERGAMO,Lombardia,03,LOMBARDIA,Nord-ovest,0
016046,B434,Calusco d'Adda,Calusco d'Adda,CALUSCO D ADDA,Bergamo,BG,016,BERGAMO,Lombardia,03,LOMBARDIA,Nord-ovest,0
016047,B442,Calvenzano,Calvenzano,CALVENZANO,Bergamo,BG,016,BERGAMO,Lombardia,03,LOMBARDIA,Nord-ovest,0
016048,B471,Camerata Cornello,Camerata Cornello,CAMERATA CORNELLO,Bergamo,BG,016,BERGAMO,Lombardia,03,LOMBARDIA,Nord-ovest,0
016049,B618,Canonica d'Adda,Canonica d'Adda,CANONICA D ADDA,Bergamo,BG,016,BERGAMO,Lombardia,03,LOMBARDIA,Nord-ovest,0
016050,B661,Capizzone,Capizzone,CAPIZZONE,Bergamo,BG,016,BERGAMO,Lombardia,03,LOMBARDIA,Nord-ovest,0
016051,B703,Capriate San Gervasio,Capriate San Gervasio,CAPRIATE SAN GERVASIO,Bergamo,BG,016,BERGAMO,Lombardia,03,LOMBARDIA,Nord-ovest,0
016052,B710,Caprino Bergamasco,Caprino Bergamasco,CAPRINO BERGAMASCO,Bergamo,BG,016,BERGAMO,Lombardia,03,LOMBARDIA,Nord-ovest,0
016053,B731,Caravaggio,Caravaggio,CARAVAGGIO,Bergamo,BG,016,BERGAMO,Lombardia,03,LOMBARDIA,Nord-ovest,0
016055,B801,Carobbio degli Angeli,Carobbio degli Angeli,CAROBBIO DEGLI ANGELI,Bergamo,BG,016,BERGAMO,Lombardia,03,LOMBARDIA,Nord-ovest,0
016056,B803,Carona,Carona,CARONA,Bergamo,BG,016,BERGAMO,Lombardia,03,LOMBARDIA,Nord-ovest,0
016057,B854,Carvico,Carvico,CARVICO,Bergamo,BG,016,BERGAMO,Lombardia,03,LOMBARDIA,Nord-ovest,0
016058,B947,Casazza,Casazza,CASAZZA,Bergamo,BG,016,BERGAMO,Lombardia,03,LOMBARDIA,Nord-ovest,0
016059,B971,Casirate d'Adda,Casirate d'Adda,CASIRATE D ADDA,Bergamo,BG,016,BERGAMO,Lombardia,03,LOMBARDIA,Nord-ovest,0
016060,B978,Casnigo,Casnigo,CASNIGO,Bergamo,BG,016,BERGAMO,Lombardia,03,LOMBARDIA,Nord-ovest,0
016061,C007,Cassiglio,Cassiglio,CASSIGLIO,Bergamo,BG,016,BERGAMO,Lombardia,03,LOMBARDIA,Nord-ovest,0
016063,C255,Castel Rozzone,Castel Rozzone,CASTEL ROZZONE,Bergamo,BG,016,BERGAMO,Lombardia,03,LOMBARDIA,Nord-ovest,0
016062,C079,Castelli Calepio,Castelli Calepio,CASTELLI CALEPIO,Bergamo,BG,016,BERGAMO,Lombardia,03,LOMBARDIA,Nord-ovest,0
016064,C324,Castione della Presolana,Castione della Presolana,CASTIONE DELLA PRESOLANA,Bergamo,BG,016,BERGAMO,Lombardia,03,LOMBARDIA,Nord-ovest,0
016065,C337,Castro,Castro,CASTRO,Bergamo,BG,016,BERGAMO,Lombardia,03,LOMBARDIA,Nord-ovest,0
016066,C396,Cavernago,Cavernago,CAVERNAGO,Bergamo,BG,016,BERGAMO,Lombardia,03,LOMBARDIA,Nord-ovest,0
016067,C410,Cazzano Sant'Andrea,Cazzano Sant'Andrea,CAZZANO SANT ANDREA,Bergamo,BG,016,BERGAMO,Lombardia,03,LOMBARDIA,Nord-ovest,0
016068,C456,Cenate Sopra,Cenate Sopra,CENATE SOPRA,Bergamo,BG,016,BERGAMO,Lombardia,03,LOMBARDIA,Nord-ovest,0
016069,C457,Cenate Sotto,Cenate Sotto,CENATE SOTTO,Bergamo,BG,016,BERGAMO,Lombardia,03,LOMBARDIA,Nord-ovest,0
016070,C459,Cene,Cene,CENE,Bergamo,BG,016,BERGAMO,Lombardia,03,LOMBARDIA,Nord-ovest,0
016071,C506,Cerete,Cerete,CERETE,Bergamo,BG,016,BERGAMO,Lombardia,03,LOMBARDIA,Nord-ovest,0
016072,C635,Chignolo d'Isola,Chignolo d'Isola,CHIGNOLO D ISOLA,Bergamo,BG,016,BERGAMO,Lombardia,03,LOMBARDIA,Nord-ovest,0
016073,C649,Chiuduno,Chiuduno,CHIUDUNO,Bergamo,BG,016,BERGAMO,Lombardia,03,LOMBARDIA,Nord-ovest,0
016074,C728,Cisano Bergamasco,Cisano Bergamasco,CISANO BERGAMASCO,Bergamo,BG,016,BERGAMO,Lombardia,03,LOMBARDIA,Nord-ovest,0
016075,C730,Ciserano,Ciserano,CISERANO,Bergamo,BG,016,BERGAMO,Lombardia,03,LOMBARDIA,Nord-ovest,0
016076,C759,Cividate al Piano,Cividate al Piano,CIVIDATE AL PIANO,Bergamo,BG,016,BERGAMO,Lombardia,03,LOMBARDIA,Nord-ovest,0
016077,C800,Clusone,Clusone,CLUSONE,Bergamo,BG,016,BERGAMO,Lombardia,03,LOMBARDIA,Nord-ovest,0
016078,C835,Colere,Colere,COLERE,Bergamo,BG,016,BERGAMO,Lombardia,03,LOMBARDIA,Nord-ovest,0
016079,C894,Cologno al Serio,Cologno al Serio,COLOGNO AL SERIO,Bergamo,BG,016,BERGAMO,Lombardia,03,LOMBARDIA,Nord-ovest,0
016080,C910,Colzate,Colzate,COLZATE,Bergamo,BG,016,BERGAMO,Lombardia,03,LOMBARDIA,Nord-ovest,0
016081,C937,Comun Nuovo,Comun Nuovo,COMUN NUOVO,Bergamo,BG,016,BERGAMO,Lombardia,03,LOMBARDIA,Nord-ovest,0
016082,D015,Corna Imagna,Corna Imagna,CORNA IMAGNA,Bergamo,BG,016,BERGAMO,Lombardia,03,LOMBARDIA,Nord-ovest,0
016249,D016,Cornalba,Cornalba,CORNALBA,Bergamo,BG,016,BERGAMO,Lombardia,03,LOMBARDIA,Nord-ovest,0
016083,D066,Cortenuova,Cortenuova,CORTENUOVA,Bergamo,BG,016,BERGAMO,Lombardia,03,LOMBARDIA,Nord-ovest,0
016247,D111,Costa Serina,Costa Serina,COSTA SERINA,Bergamo,BG,016,BERGAMO,Lombardia,03,LOMBARDIA,Nord-ovest,0
016085,D103,Costa Valle Imagna,Costa Valle Imagna,COSTA VALLE IMAGNA,Bergamo,BG,016,BERGAMO,Lombardia,03,LOMBARDIA,Nord-ovest,0
016086,D117,Costa Volpino,Costa Volpino,COSTA VOLPINO,Bergamo,BG,016,BERGAMO,Lombardia,03,LOMBARDIA,Nord-ovest,0
016084,D110,Costa di Mezzate,Costa di Mezzate,COSTA DI MEZZATE,Bergamo,BG,016,BERGAMO,Lombardia,03,LOMBARDIA,Nord-ovest,0
016087,D126,Covo,Covo,COVO,Bergamo,BG,016,BERGAMO,Lombardia,03,LOMBARDIA,Nord-ovest,0
016088,D139,Credaro,Credaro,CREDARO,Bergamo,BG,016,BERGAMO,Lombardia,03,LOMBARDIA,Nord-ovest,0
016089,D221,Curno,Curno,CURNO,Bergamo,BG,016,BERGAMO,Lombardia,03,LOMBARDIA,Nord-ovest,0
016090,D233,Cusio,Cusio,CUSIO,Bergamo,BG,016,BERGAMO,Lombardia,03,LOMBARDIA,Nord-ovest,0
016091,D245,Dalmine,Dalmine,DALMINE,Bergamo,BG,016,BERGAMO,Lombardia,03,LOMBARDIA,Nord-ovest,0
016092,D352,Dossena,Dossena,DOSSENA,Bergamo,BG,016,BERGAMO,Lombardia,03,LOMBARDIA,Nord-ovest,0
016093,D406,Endine Gaiano,Endine Gaiano,ENDINE GAIANO,Bergamo,BG,016,BERGAMO,Lombardia,03,LOMBARDIA,Nord-ovest,0
016094,D411,Entratico,Entratico,ENTRATICO,Bergamo,BG,016,BERGAMO,Lombardia,03,LOMBARDIA,Nord-ovest,0
016096,D490,Fara Gera d'Adda,Fara Gera d'Adda,FARA GERA D ADDA,Bergamo,BG,016,BERGAMO,Lombardia,03,LOMBARDIA,Nord-ovest,0
016097,D491,Fara Olivana con Sola,Fara Olivana con Sola,FARA OLIVANA CON SOLA,Bergamo,BG,016,BERGAMO,Lombardia,03,LOMBARDIA,Nord-ovest,0
016098,D588,Filago,Filago,FILAGO,Bergamo,BG,016,BERGAMO,Lombardia,03,LOMBARDIA,Nord-ovest,0
016099,D604,Fino del Monte,Fino del Monte,FINO DEL MONTE,Bergamo,BG,016,BERGAMO,Lombardia,03,LOMBARDIA,Nord-ovest,0
016100,D606,Fiorano al Serio,Fiorano al Serio,FIORANO AL SERIO,Bergamo,BG,016,BERGAMO,Lombardia,03,LOMBARDIA,Nord-ovest,0
016101,D672,Fontanella,Fontanella,FONTANELLA,Bergamo,BG,016,BERGAMO,Lombardia,03,LOMBARDIA,Nord-ovest,0
016102,D684,Fonteno,Fonteno,FONTENO,Bergamo,BG,016,BERGAMO,Lombardia,03,LOMBARDIA,Nord-ovest,0
016103,D688,Foppolo,Foppolo,FOPPOLO,Bergamo,BG,016,BERGAMO,Lombardia,03,LOMBARDIA,Nord-ovest,0
016104,D697,Foresto Sparso,Foresto Sparso,FORESTO SPARSO,Bergamo,BG,016,BERGAMO,Lombardia,03,LOMBARDIA,Nord-ovest,0
016105,D727,Fornovo San Giovanni,Fornovo San Giovanni,FORNOVO SAN GIOVANNI,Bergamo,BG,016,BERGAMO,Lombardia,03,LOMBARDIA,Nord-ovest,0
016106,D817,Fuipiano Valle Imagna,Fuipiano Valle Imagna,FUIPIANO VALLE IMAGNA,Bergamo,BG,016,BERGAMO,Lombardia,03,LOMBARDIA,Nord-ovest,0
016107,D903,Gandellino,Gandellino,GANDELLINO,Bergamo,BG,016,BERGAMO,Lombardia,03,LOMBARDIA,Nord-ovest,0
016108,D905,Gandino,Gandino,GANDINO,Bergamo,BG,016,BERGAMO,Lombardia,03,LOMBARDIA,Nord-ovest,0
016109,D906,Gandosso,Gandosso,GANDOSSO,Bergamo,BG,016,BERGAMO,Lombardia,03,LOMBARDIA,Nord-ovest,0
016110,D943,Gaverina Terme,Gaverina Terme,GAVERINA TERME,Bergamo,BG,016,BERGAMO,Lombardia,03,LOMBARDIA,Nord-ovest,0
016111,D952,Gazzaniga,Gazzaniga,GAZZANIGA,Bergamo,BG,016,BERGAMO,Lombardia,03,LOMBARDIA,Nord-ovest,0
016113,E006,Ghisalba,Ghisalba,GHISALBA,Bergamo,BG,016,BERGAMO,Lombardia,03,LOMBARDIA,Nord-ovest,0
016114,E100,Gorlago,Gorlago,GORLAGO,Bergamo,BG,016,BERGAMO,Lombardia,03,LOMBARDIA,Nord-ovest,0
016115,E103,Gorle,Gorle,GORLE,Bergamo,BG,016,BERGAMO,Lombardia,03,LOMBARDIA,Nord-ovest,0
016116,E106,Gorno,Gorno,GORNO,Bergamo,BG,016,BERGAMO,Lombardia,03,LOMBARDIA,Nord-ovest,0
016117,E148,Grassobbio,Grassobbio,GRASSOBBIO,Bergamo,BG,016,BERGAMO,Lombardia,03,LOMBARDIA,Nord-ovest,0
016118,E189,Gromo,Gromo,GROMO,Bergamo,BG,016,BERGAMO,Lombardia,03,LOMBARDIA,Nord-ovest,0
016119,E192,Grone,Grone,GRONE,Bergamo,BG,016,BERGAMO,Lombardia,03,LOMBARDIA,Nord-ovest,0
016120,E219,Grumello del Monte,Grumello del Monte,GRUMELLO DEL MONTE,Bergamo,BG,016,BERGAMO,Lombardia,03,LOMBARDIA,Nord-ovest,0
016121,E353,Isola di Fondra,Isola di Fondra,ISOLA DI FONDRA,Bergamo,BG,016,BERGAMO,Lombardia,03,LOMBARDIA,Nord-ovest,0
016122,E370,Isso,Isso,ISSO,Bergamo,BG,016,BERGAMO,Lombardia,03,LOMBARDIA,Nord-ovest,0
016123,E422,Lallio,Lallio,LALLIO,Bergamo,BG,016,BERGAMO,Lombardia,03,LOMBARDIA,Nord-ovest,0
016124,E509,Leffe,Leffe,LEFFE,Bergamo,BG,016,BERGAMO,Lombardia,03,LOMBARDIA,Nord-ovest,0
016125,E524,Lenna,Lenna,LENNA,Bergamo,BG,016,BERGAMO,Lombardia,03,LOMBARDIA,Nord-ovest,0
016126,E562,Levate,Levate,LEVATE,Bergamo,BG,016,BERGAMO,Lombardia,03,LOMBARDIA,Nord-ovest,0
016127,E640,Locatello,Locatello,LOCATELLO,Bergamo,BG,016,BERGAMO,Lombardia,03,LOMBARDIA,Nord-ovest,0
016128,E704,Lovere,Lovere,LOVERE,Bergamo,BG,016,BERGAMO,Lombardia,03,LOMBARDIA,Nord-ovest,0
016129,E751,Lurano,Lurano,LURANO,Bergamo,BG,016,BERGAMO,Lombardia,03,LOMBARDIA,Nord-ovest,0
016130,E770,Luzzana,Luzzana,LUZZANA,Bergamo,BG,016,BERGAMO,Lombardia,03,LOMBARDIA,Nord-ovest,0
016131,E794,Madone,Madone,MADONE,Bergamo,BG,016,BERGAMO,Lombardia,03,LOMBARDIA,Nord-ovest,0
016132,E901,Mapello,Mapello,MAPELLO,Bergamo,BG,016,BERGAMO,Lombardia,03,LOMBARDIA,Nord-ovest,0
016133,E987,Martinengo,Martinengo,MARTINENGO,Bergamo,BG,016,BERGAMO,Lombardia,03,LOMBARDIA,Nord-ovest,0
016250,F085,Medolago,Medolago,MEDOLAGO,Bergamo,BG,016,BERGAMO,Lombardia,03,LOMBARDIA,Nord-ovest,0
016134,F186,Mezzoldo,Mezzoldo,MEZZOLDO,Bergamo,BG,016,BERGAMO,Lombardia,03,LOMBARDIA,Nord-ovest,0
016135,F243,Misano di Gera d'Adda,Misano di Gera d'Adda,MISANO DI GERA D ADDA,Bergamo,BG,016,BERGAMO,Lombardia,03,LOMBARDIA,Nord-ovest,0
016136,F276,Moio de' Calvi,Moio de' Calvi,MOIO DE CALVI,Bergamo,BG,016,BERGAMO,Lombardia,03,LOMBARDIA,Nord-ovest,0
016137,F328,Monasterolo del Castello,Monasterolo del Castello,MONASTEROLO DEL CASTELLO,Bergamo,BG,016,BERGAMO,Lombardia,03,LOMBARDIA,Nord-ovest,0
016139,F547,Montello,Montello,MONTELLO,Bergamo,BG,016,BERGAMO,Lombardia,03,LOMBARDIA,Nord-ovest,0
016140,F720,Morengo,Morengo,MORENGO,Bergamo,BG,016,BERGAMO,Lombardia,03,LOMBARDIA,Nord-ovest,0
016141,F738,Mornico al Serio,Mornico al Serio,MORNICO AL SERIO,Bergamo,BG,016,BERGAMO,Lombardia,03,LOMBARDIA,Nord-ovest,0
016142,F786,Mozzanica,Mozzanica,MOZZANICA,Bergamo,BG,016,BERGAMO,Lombardia,03,LOMBARDIA,Nord-ovest,0
016143,F791,Mozzo,Mozzo,MOZZO,Bergamo,BG,016,BERGAMO,Lombardia,03,LOMBARDIA,Nord-ovest,0
016144,F864,Nembro,Nembro,NEMBRO,Bergamo,BG,016,BERGAMO,Lombardia,03,LOMBARDIA,Nord-ovest,0
016145,G049,Olmo al Brembo,Olmo al Brembo,OLMO AL BREMBO,Bergamo,BG,016,BERGAMO,Lombardia,03,LOMBARDIA,Nord-ovest,0
016146,G050,Oltre il Colle,Oltre il Colle,OLTRE IL COLLE,Bergamo,BG,016,BERGAMO,Lombardia,03,LOMBARDIA,Nord-ovest,0
016147,G054,Oltressenda Alta,Oltressenda Alta,OLTRESSENDA ALTA,Bergamo,BG,016,BERGAMO,Lombardia,03,LOMBARDIA,Nord-ovest,0
016148,G068,Oneta,Oneta,ONETA,Bergamo,BG,016,BERGAMO,Lombardia,03,LOMBARDIA,Nord-ovest,0
016149,G075,Onore,Onore,ONORE,Bergamo,BG,016,BERGAMO,Lombardia,03,LOMBARDIA,Nord-ovest,0
016150,G108,Orio al Serio,Orio al Serio,ORIO AL SERIO,Bergamo,BG,016,BERGAMO,Lombardia,03,LOMBARDIA,Nord-ovest,0
016151,G118,Ornica,Ornica,ORNICA,Bergamo,BG,016,BERGAMO,Lombardia,03,LOMBARDIA,Nord-ovest,0
016152,G159,Osio Sopra,Osio Sopra,OSIO SOPRA,Bergamo,BG,016,BERGAMO,Lombardia,03,LOMBARDIA,Nord-ovest,0
016153,G160,Osio Sotto,Osio Sotto,OSIO SOTTO,Bergamo,BG,016,BERGAMO,Lombardia,03,LOMBARDIA,Nord-ovest,0
016154,G233,Pagazzano,Pagazzano,PAGAZZANO,Bergamo,BG,016,BERGAMO,Lombardia,03,LOMBARDIA,Nord-ovest,0
016155,G249,Paladina,Paladina,PALADINA,Bergamo,BG,016,BERGAMO,Lombardia,03,LOMBARDIA,Nord-ovest,0
016156,G259,Palazzago,Palazzago,PALAZZAGO,Bergamo,BG,016,BERGAMO,Lombardia,03,LOMBARDIA,Nord-ovest,0
016157,G295,Palosco,Palosco,PALOSCO,Bergamo,BG,016,BERGAMO,Lombardia,03,LOMBARDIA,Nord-ovest,0
016158,G346,Parre,Parre,PARRE,Bergamo,BG,016,BERGAMO,Lombardia,03,LOMBARDIA,Nord-ovest,0
016159,G350,Parzanica,Parzanica,PARZANICA,Bergamo,BG,016,BERGAMO,Lombardia,03,LOMBARDIA,Nord-ovest,0
016160,G412,Pedrengo,Pedrengo,PEDRENGO,Bergamo,BG,016,BERGAMO,Lombardia,03,LOMBARDIA,Nord-ovest,0
016161,G418,Peia,Peia,PEIA,Bergamo,BG,016,BERGAMO,Lombardia,03,LOMBARDIA,Nord-ovest,0
016162,G564,Pianico,Pianico,PIANICO,Bergamo,BG,016,BERGAMO,Lombardia,03,LOMBARDIA,Nord-ovest,0
016163,G574,Piario,Piario,PIARIO,Bergamo,BG,016,BERGAMO,Lombardia,03,LOMBARDIA,Nord-ovest,0
016164,G579,Piazza Brembana,Piazza Brembana,PIAZZA BREMBANA,Bergamo,BG,016,BERGAMO,Lombardia,03,LOMBARDIA,Nord-ovest,0
016165,G583,Piazzatorre,Piazzatorre,PIAZZATORRE,Bergamo,BG,016,BERGAMO,Lombardia,03,LOMBARDIA,Nord-ovest,0
016166,G588,Piazzolo,Piazzolo,PIAZZOLO,Bergamo,BG,016,BERGAMO,Lombardia,03,LOMBARDIA,Nord-ovest,0
016167,G774,Pognano,Pognano,POGNANO,Bergamo,BG,016,BERGAMO,Lombardia,03,LOMBARDIA,Nord-ovest,0
016168,F941,Ponte Nossa,Ponte Nossa,PONTE NOSSA,Bergamo,BG,016,BERGAMO,Lombardia,03,LOMBARDIA,Nord-ovest,0
016170,G856,Ponte San Pietro,Ponte San Pietro,PONTE SAN PIETRO,Bergamo,BG,016,BERGAMO,Lombardia,03,LOMBARDIA,Nord-ovest,0
016169,G853,Ponteranica,Ponteranica,PONTERANICA,Bergamo,BG,016,BERGAMO,Lombardia,03,LOMBARDIA,Nord-ovest,0
016171,G864,Pontida,Pontida,PONTIDA,Bergamo,BG,016,BERGAMO,Lombardia,03,LOMBARDIA,Nord-ovest,0
016172,G867,Pontirolo Nuovo,Pontirolo Nuovo,PONTIROLO NUOVO,Bergamo,BG,016,BERGAMO,Lombardia,03,LOMBARDIA,Nord-ovest,0
016173,G968,Pradalunga,Pradalunga,PRADALUNGA,Bergamo,BG,016,BERGAMO,Lombardia,03,LOMBARDIA,Nord-ovest,0
016174,H020,Predore,Predore,PREDORE,Bergamo,BG,016,BERGAMO,Lombardia,03,LOMBARDIA,Nord-ovest,0
016175,H036,Premolo,Premolo,PREMOLO,Bergamo,BG,016,BERGAMO,Lombardia,03,LOMBARDIA,Nord-ovest,0
016176,H046,Presezzo,Presezzo,PRESEZZO,Bergamo,BG,016,BERGAMO,Lombardia,03,LOMBARDIA,Nord-ovest,0
016177,H091,Pumenengo,Pumenengo,PUMENENGO,Bergamo,BG,016,BERGAMO,Lombardia,03,LOMBARDIA,Nord-ovest,0
016178,H176,Ranica,Ranica,RANICA,Bergamo,BG,016,BERGAMO,Lombardia,03,LOMBARDIA,Nord-ovest,0
016179,H177,Ranzanico,Ranzanico,RANZANICO,Bergamo,BG,016,BERGAMO,Lombardia,03,LOMBARDIA,Nord-ovest,0
016180,H331,Riva di Solto,Riva di Solto,RIVA DI SOLTO,Bergamo,BG,016,BERGAMO,Lombardia,03,LOMBARDIA,Nord-ovest,0
016182,H492,Rogno,Rogno,ROGNO,Bergamo,BG,016,BERGAMO,Lombardia,03,LOMBARDIA,Nord-ovest,0
016183,H509,Romano di Lombardia,Romano di Lombardia,ROMANO DI LOMBARDIA,Bergamo,BG,016,BERGAMO,Lombardia,03,LOMBARDIA,Nord-ovest,0
016184,H535,Roncobello,Roncobello,RONCOBELLO,Bergamo,BG,016,BERGAMO,Lombardia,03,LOMBARDIA,Nord-ovest,0
016185,H544,Roncola,Roncola,RONCOLA,Bergamo,BG,016,BERGAMO,Lombardia,03,LOMBARDIA,Nord-ovest,0
016186,H584,Rota d'Imagna,Rota d'Imagna,ROTA D IMAGNA,Bergamo,BG,016,BERGAMO,Lombardia,03,LOMBARDIA,Nord-ovest,0
016187,H615,Rovetta,Rovetta,ROVETTA,Bergamo,BG,016,BERGAMO,Lombardia,03,LOMBARDIA,Nord-ovest,0
016188,H910,San Giovanni Bianco,San Giovanni Bianco,SAN GIOVANNI BIANCO,Bergamo,BG,016,BERGAMO,Lombardia,03,LOMBARDIA,Nord-ovest,0
016189,B310,San Paolo d'Argon,San Paolo d'Argon,SAN PAOLO D ARGON,Bergamo,BG,016,BERGAMO,Lombardia,03,LOMBARDIA,Nord-ovest,0
016190,I079,San Pellegrino Terme,San Pellegrino Terme,SAN PELLEGRINO TERME,Bergamo,BG,016,BERGAMO,Lombardia,03,LOMBARDIA,Nord-ovest,0
016252,M333,Sant'Omobono Terme,Sant'Omobono Terme,SANT OMOBONO TERME,Bergamo,BG,016,BERGAMO,Lombardia,03,LOMBARDIA,Nord-ovest,0
016191,I168,Santa Brigida,Santa Brigida,SANTA BRIGIDA,Bergamo,BG,016,BERGAMO,Lombardia,03,LOMBARDIA,Nord-ovest,0
016193,I437,Sarnico,Sarnico,SARNICO,Bergamo,BG,016,BERGAMO,Lombardia,03,LOMBARDIA,Nord-ovest,0
016194,I506,Scanzorosciate,Scanzorosciate,SCANZOROSCIATE,Bergamo,BG,016,BERGAMO,Lombardia,03,LOMBARDIA,Nord-ovest,0
016195,I530,Schilpario,Schilpario,SCHILPARIO,Bergamo,BG,016,BERGAMO,Lombardia,03,LOMBARDIA,Nord-ovest,0
016196,I567,Sedrina,Sedrina,SEDRINA,Bergamo,BG,016,BERGAMO,Lombardia,03,LOMBARDIA,Nord-ovest,0
016197,I597,Selvino,Selvino,SELVINO,Bergamo,BG,016,BERGAMO,Lombardia,03,LOMBARDIA,Nord-ovest,0
016198,I628,Seriate,Seriate,SERIATE,Bergamo,BG,016,BERGAMO,Lombardia,03,LOMBARDIA,Nord-ovest,0
016199,I629,Serina,Serina,SERINA,Bergamo,BG,016,BERGAMO,Lombardia,03,LOMBARDIA,Nord-ovest,0
016200,I812,Solto Collina,Solto Collina,SOLTO COLLINA,Bergamo,BG,016,BERGAMO,Lombardia,03,LOMBARDIA,Nord-ovest,0
016251,I813,Solza,Solza,SOLZA,Bergamo,BG,016,BERGAMO,Lombardia,03,LOMBARDIA,Nord-ovest,0
016201,I830,Songavazzo,Songavazzo,SONGAVAZZO,Bergamo,BG,016,BERGAMO,Lombardia,03,LOMBARDIA,Nord-ovest,0
016202,I858,Sorisole,Sorisole,SORISOLE,Bergamo,BG,016,BERGAMO,Lombardia,03,LOMBARDIA,Nord-ovest,0
016203,I869,Sotto il Monte Giovanni XXIII,Sotto il Monte Giovanni XXIII,SOTTO IL MONTE GIOVANNI XXIII,Bergamo,BG,016,BERGAMO,Lombardia,03,LOMBARDIA,Nord-ovest,0
016204,I873,Sovere,Sovere,SOVERE,Bergamo,BG,016,BERGAMO,Lombardia,03,LOMBARDIA,Nord-ovest,0
016205,I916,Spinone al Lago,Spinone al Lago,SPINONE AL LAGO,Bergamo,BG,016,BERGAMO,Lombardia,03,LOMBARDIA,Nord-ovest,0
016206,I919,Spirano,Spirano,SPIRANO,Bergamo,BG,016,BERGAMO,Lombardia,03,LOMBARDIA,Nord-ovest,0
016207,I951,Stezzano,Stezzano,STEZZANO,Bergamo,BG,016,BERGAMO,Lombardia,03,LOMBARDIA,Nord-ovest,0
016208,I986,Strozza,Strozza,STROZZA,Bergamo,BG,016,BERGAMO,Lombardia,03,LOMBARDIA,Nord-ovest,0
016209,I997,Suisio,Suisio,SUISIO,Bergamo,BG,016,BERGAMO,Lombardia,03,LOMBARDIA,Nord-ovest,0
016210,L037,Taleggio,Taleggio,TALEGGIO,Bergamo,BG,016,BERGAMO,Lombardia,03,LOMBARDIA,Nord-ovest,0
016211,L073,Tavernola Bergamasca,Tavernola Bergamasca,TAVERNOLA BERGAMASCA,Bergamo,BG,016,BERGAMO,Lombardia,03,LOMBARDIA,Nord-ovest,0
016212,L087,Telgate,Telgate,TELGATE,Bergamo,BG,016,BERGAMO,Lombardia,03,LOMBARDIA,Nord-ovest,0
016213,L118,Terno d'Isola,Terno d'Isola,TERNO D ISOLA,Bergamo,BG,016,BERGAMO,Lombardia,03,LOMBARDIA,Nord-ovest,0
016214,L251,Torre Boldone,Torre Boldone,TORRE BOLDONE,Bergamo,BG,016,BERGAMO,Lombardia,03,LOMBARDIA,Nord-ovest,0
016217,L276,Torre Pallavicina,Torre Pallavicina,TORRE PALLAVICINA,Bergamo,BG,016,BERGAMO,Lombardia,03,LOMBARDIA,Nord-ovest,0
016215,L257,Torre de' Busi,Torre de' Busi,TORRE DE BUSI,Bergamo,BG,016,BERGAMO,Lombardia,03,LOMBARDIA,Nord-ovest,0
016216,L265,Torre de' Roveri,Torre de' Roveri,TORRE DE ROVERI,Bergamo,BG,016,BERGAMO,Lombardia,03,LOMBARDIA,Nord-ovest,0
016218,L388,Trescore Balneario,Trescore Balneario,TRESCORE BALNEARIO,Bergamo,BG,016,BERGAMO,Lombardia,03,LOMBARDIA,Nord-ovest,0
016219,L400,Treviglio,Treviglio,TREVIGLIO,Bergamo,BG,016,BERGAMO,Lombardia,03,LOMBARDIA,Nord-ovest,0
016220,L404,Treviolo,Treviolo,TREVIOLO,Bergamo,BG,016,BERGAMO,Lombardia,03,LOMBARDIA,Nord-ovest,0
016221,C789,Ubiale Clanezzo,Ubiale Clanezzo,UBIALE CLANEZZO,Bergamo,BG,016,BERGAMO,Lombardia,03,LOMBARDIA,Nord-ovest,0
016222,L502,Urgnano,Urgnano,URGNANO,Bergamo,BG,016,BERGAMO,Lombardia,03,LOMBARDIA,Nord-ovest,0
016253,M334,Val Brembilla,Val Brembilla,VAL BREMBILLA,Bergamo,BG,016,BERGAMO,Lombardia,03,LOMBARDIA,Nord-ovest,0
016223,L544,Valbondione,Valbondione,VALBONDIONE,Bergamo,BG,016,BERGAMO,Lombardia,03,LOMBARDIA,Nord-ovest,0
016224,L545,Valbrembo,Valbrembo,VALBREMBO,Bergamo,BG,016,BERGAMO,Lombardia,03,LOMBARDIA,Nord-ovest,0
016225,L579,Valgoglio,Valgoglio,VALGOGLIO,Bergamo,BG,016,BERGAMO,Lombardia,03,LOMBARDIA,Nord-ovest,0
016226,L623,Valleve,Valleve,VALLEVE,Bergamo,BG,016,BERGAMO,Lombardia,03,LOMBARDIA,Nord-ovest,0
016227,L642,Valnegra,Valnegra,VALNEGRA,Bergamo,BG,016,BERGAMO,Lombardia,03,LOMBARDIA,Nord-ovest,0
016229,L655,Valtorta,Valtorta,VALTORTA,Bergamo,BG,016,BERGAMO,Lombardia,03,LOMBARDIA,Nord-ovest,0
016230,L707,Vedeseta,Vedeseta,VEDESETA,Bergamo,BG,016,BERGAMO,Lombardia,03,LOMBARDIA,Nord-ovest,0
016232,L752,Verdellino,Verdellino,VERDELLINO,Bergamo,BG,016,BERGAMO,Lombardia,03,LOMBARDIA,Nord-ovest,0
016233,L753,Verdello,Verdello,VERDELLO,Bergamo,BG,016,BERGAMO,Lombardia,03,LOMBARDIA,Nord-ovest,0
016234,L795,Vertova,Vertova,VERTOVA,Bergamo,BG,016,BERGAMO,Lombardia,03,LOMBARDIA,Nord-ovest,0
016235,L827,Viadanica,Viadanica,VIADANICA,Bergamo,BG,016,BERGAMO,Lombardia,03,LOMBARDIA,Nord-ovest,0
016236,L865,Vigano San Martino,Vigano San Martino,VIGANO SAN MARTINO,Bergamo,BG,016,BERGAMO,Lombardia,03,LOMBARDIA,Nord-ovest,0
016237,L894,Vigolo,Vigolo,VIGOLO,Bergamo,BG,016,BERGAMO,Lombardia,03,LOMBARDIA,Nord-ovest,0
016238,L929,Villa d'Adda,Villa d'Adda,VILLA D ADDA,Bergamo,BG,016,BERGAMO,Lombardia,03,LOMBARDIA,Nord-ovest,0
016239,A215,Villa d'Almè,Villa d'Almè,VILLA D ALME,Bergamo,BG,016,BERGAMO,Lombardia,03,LOMBARDIA,Nord-ovest,0
016241,L938,Villa d'Ogna,Villa d'Ogna,VILLA D OGNA,Bergamo,BG,016,BERGAMO,Lombardia,03,LOMBARDIA,Nord-ovest,0
016240,L936,Villa di Serio,Villa di Serio,VILLA DI SERIO,Bergamo,BG,016,BERGAMO,Lombardia,03,LOMBARDIA,Nord-ovest,0
016242,M045,Villongo,Villongo,VILLONGO,Bergamo,BG,016,BERGAMO,Lombardia,03,LOMBARDIA,Nord-ovest,0
016243,M050,Vilminore di Scalve,Vilminore di Scalve,VILMINORE DI SCALVE,Bergamo,BG,016,BERGAMO,Lombardia,03,LOMBARDIA,Nord-ovest,0
016244,M144,Zandobbio,Zandobbio,ZANDOBBIO,Bergamo,BG,016,BERGAMO,Lombardia,03,LOMBARDIA,Nord-ovest,0
016245,M147,Zanica,Zanica,ZANICA,Bergamo,BG,016,BERGAMO,Lombardia,03,LOMBARDIA,Nord-ovest,0
016246,M184,Zogno,Zogno,ZOGNO,Bergamo,BG,016,BERGAMO,Lombardia,03,LOMBARDIA,Nord-ovest,0
017001,A034,Acquafredda,Acquafredda,ACQUAFREDDA,Brescia,BS,017,BRESCIA,Lombardia,03,LOMBARDIA,Nord-ovest,0
017002,A060,Adro,Adro,ADRO,Brescia,BS,017,BRESCIA,Lombardia,03,LOMBARDIA,Nord-ovest,0
017003,A082,Agnosine,Agnosine,AGNOSINE,Brescia,BS,017,BRESCIA,Lombardia,03,LOMBARDIA,Nord-ovest,0
017004,A188,Alfianello,Alfianello,ALFIANELLO,Brescia,BS,017,BRESCIA,Lombardia,03,LOMBARDIA,Nord-ovest,0
017005,A288,Anfo,Anfo,ANFO,Brescia,BS,017,BRESCIA,Lombardia,03,LOMBARDIA,Nord-ovest,0
017006,A293,Angolo Terme,Angolo Terme,ANGOLO TERME,Brescia,BS,017,BRESCIA,Lombardia,03,LOMBARDIA,Nord-ovest,0
017007,A451,Artogne,Artogne,ARTOGNE,Brescia,BS,017,BRESCIA,Lombardia,03,LOMBARDIA,Nord-ovest,0
017008,A529,Azzano Mella,Azzano Mella,AZZANO MELLA,Brescia,BS,017,BRESCIA,Lombardia,03,LOMBARDIA,Nord-ovest,0
017009,A569,Bagnolo Mella,Bagnolo Mella,BAGNOLO MELLA,Brescia,BS,017,BRESCIA,Lombardia,03,LOMBARDIA,Nord-ovest,0
017010,A578,Bagolino,Bagolino,BAGOLINO,Brescia,BS,017,BRESCIA,Lombardia,03,LOMBARDIA,Nord-ovest,0
017011,A630,Barbariga,Barbariga,BARBARIGA,Brescia,BS,017,BRESCIA,Lombardia,03,LOMBARDIA,Nord-ovest,0
017012,A661,Barghe,Barghe,BARGHE,Brescia,BS,017,BRESCIA,Lombardia,03,LOMBARDIA,Nord-ovest,0
017013,A702,Bassano Bresciano,Bassano Bresciano,BASSANO BRESCIANO,Brescia,BS,017,BRESCIA,Lombardia,03,LOMBARDIA,Nord-ovest,0
017014,A729,Bedizzole,Bedizzole,BEDIZZOLE,Brescia,BS,017,BRESCIA,Lombardia,03,LOMBARDIA,Nord-ovest,0
017015,A799,Berlingo,Berlingo,BERLINGO,Brescia,BS,017,BRESCIA,Lombardia,03,LOMBARDIA,Nord-ovest,0
017016,A816,Berzo Demo,Berzo Demo,BERZO DEMO,Brescia,BS,017,BRESCIA,Lombardia,03,LOMBARDIA,Nord-ovest,0
017017,A817,Berzo Inferiore,Berzo Inferiore,BERZO INFERIORE,Brescia,BS,017,BRESCIA,Lombardia,03,LOMBARDIA,Nord-ovest,0
017018,A861,Bienno,Bienno,BIENNO,Brescia,BS,017,BRESCIA,Lombardia,03,LOMBARDIA,Nord-ovest,0
017019,A878,Bione,Bione,BIONE,Brescia,BS,017,BRESCIA,Lombardia,03,LOMBARDIA,Nord-ovest,0
017020,B035,Borgo San Giacomo,Borgo San Giacomo,BORGO SAN GIACOMO,Brescia,BS,017,BRESCIA,Lombardia,03,LOMBARDIA,Nord-ovest,0
017021,B040,Borgosatollo,Borgosatollo,BORGOSATOLLO,Brescia,BS,017,BRESCIA,Lombardia,03,LOMBARDIA,Nord-ovest,0
017022,B054,Borno,Borno,BORNO,Brescia,BS,017,BRESCIA,Lombardia,03,LOMBARDIA,Nord-ovest,0
017023,B091,Botticino,Botticino,BOTTICINO,Brescia,BS,017,BRESCIA,Lombardia,03,LOMBARDIA,Nord-ovest,0
017024,B100,Bovegno,Bovegno,BOVEGNO,Brescia,BS,017,BRESCIA,Lombardia,03,LOMBARDIA,Nord-ovest,0
017025,B102,Bovezzo,Bovezzo,BOVEZZO,Brescia,BS,017,BRESCIA,Lombardia,03,LOMBARDIA,Nord-ovest,0
017026,B120,Brandico,Brandico,BRANDICO,Brescia,BS,017,BRESCIA,Lombardia,03,LOMBARDIA,Nord-ovest,0
017027,B124,Braone,Braone,BRAONE,Brescia,BS,017,BRESCIA,Lombardia,03,LOMBARDIA,Nord-ovest,0
017028,B149,Breno,Breno,BRENO,Brescia,BS,017,BRESCIA,Lombardia,03,LOMBARDIA,Nord-ovest,0
017029,B157,Brescia,Brescia,BRESCIA,Brescia,BS,017,BRESCIA,Lombardia,03,LOMBARDIA,Nord-ovest,1
017030,B184,Brione,Brione,BRIONE,Brescia,BS,017,BRESCIA,Lombardia,03,LOMBARDIA,Nord-ovest,0
017031,B365,Caino,Caino,CAINO,Brescia,BS,017,BRESCIA,Lombardia,03,LOMBARDIA,Nord-ovest,0
017032,B394,Calcinato,Calcinato,CALCINATO,Brescia,BS,017,BRESCIA,Lombardia,03,LOMBARDIA,Nord-ovest,0
017033,B436,Calvagese della Riviera,Calvagese della Riviera,CALVAGESE DELLA RIVIERA,Brescia,BS,017,BRESCIA,Lombardia,03,LOMBARDIA,Nord-ovest,0
017034,B450,Calvisano,Calvisano,CALVISANO,Brescia,BS,017,BRESCIA,Lombardia,03,LOMBARDIA,Nord-ovest,0
017035,B664,Capo di Ponte,Capo di Ponte,CAPO DI PONTE,Brescia,BS,017,BRESCIA,Lombardia,03,LOMBARDIA,Nord-ovest,0
017036,B676,Capovalle,Capovalle,CAPOVALLE,Brescia,BS,017,BRESCIA,Lombardia,03,LOMBARDIA,Nord-ovest,0
017037,B698,Capriano del Colle,Capriano del Colle,CAPRIANO DEL COLLE,Brescia,BS,017,BRESCIA,Lombardia,03,LOMBARDIA,Nord-ovest,0
017038,B711,Capriolo,Capriolo,CAPRIOLO,Brescia,BS,017,BRESCIA,Lombardia,03,LOMBARDIA,Nord-ovest,0
017039,B817,Carpenedolo,Carpenedolo,CARPENEDOLO,Brescia,BS,017,BRESCIA,Lombardia,03,LOMBARDIA,Nord-ovest,0
017040,C055,Castegnato,Castegnato,CASTEGNATO,Brescia,BS,017,BRESCIA,Lombardia,03,LOMBARDIA,Nord-ovest,0
017042,C208,Castel Mella,Castel Mella,CASTEL MELLA,Brescia,BS,017,BRESCIA,Lombardia,03,LOMBARDIA,Nord-ovest,0
017041,C072,Castelcovati,Castelcovati,CASTELCOVATI,Brescia,BS,017,BRESCIA,Lombardia,03,LOMBARDIA,Nord-ovest,0
017043,C293,Castenedolo,Castenedolo,CASTENEDOLO,Brescia,BS,017,BRESCIA,Lombardia,03,LOMBARDIA,Nord-ovest,0
017044,C330,Casto,Casto,CASTO,Brescia,BS,017,BRESCIA,Lombardia,03,LOMBARDIA,Nord-ovest,0
017045,C332,Castrezzato,Castrezzato,CASTREZZATO,Brescia,BS,017,BRESCIA,Lombardia,03,LOMBARDIA,Nord-ovest,0
017046,C408,Cazzago San Martino,Cazzago San Martino,CAZZAGO SAN MARTINO,Brescia,BS,017,BRESCIA,Lombardia,03,LOMBARDIA,Nord-ovest,0
017047,C417,Cedegolo,Cedegolo,CEDEGOLO,Brescia,BS,017,BRESCIA,Lombardia,03,LOMBARDIA,Nord-ovest,0
017048,C439,Cellatica,Cellatica,CELLATICA,Brescia,BS,017,BRESCIA,Lombardia,03,LOMBARDIA,Nord-ovest,0
017049,C549,Cerveno,Cerveno,CERVENO,Brescia,BS,017,BRESCIA,Lombardia,03,LOMBARDIA,Nord-ovest,0
017050,C585,Ceto,Ceto,CETO,Brescia,BS,017,BRESCIA,Lombardia,03,LOMBARDIA,Nord-ovest,0
017051,C591,Cevo,Cevo,CEVO,Brescia,BS,017,BRESCIA,Lombardia,03,LOMBARDIA,Nord-ovest,0
017052,C618,Chiari,Chiari,CHIARI,Brescia,BS,017,BRESCIA,Lombardia,03,LOMBARDIA,Nord-ovest,0
017053,C685,Cigole,Cigole,CIGOLE,Brescia,BS,017,BRESCIA,Lombardia,03,LOMBARDIA,Nord-ovest,0
017054,C691,Cimbergo,Cimbergo,CIMBERGO,Brescia,BS,017,BRESCIA,Lombardia,03,LOMBARDIA,Nord-ovest,0
017055,C760,Cividate Camuno,Cividate Camuno,CIVIDATE CAMUNO,Brescia,BS,017,BRESCIA,Lombardia,03,LOMBARDIA,Nord-ovest,0
017056,C806,Coccaglio,Coccaglio,COCCAGLIO,Brescia,BS,017,BRESCIA,Lombardia,03,LOMBARDIA,Nord-ovest,0
017057,C850,Collebeato,Collebeato,COLLEBEATO,Brescia,BS,017,BRESCIA,Lombardia,03,LOMBARDIA,Nord-ovest,0
017058,C883,Collio,Collio,COLLIO,Brescia,BS,017,BRESCIA,Lombardia,03,LOMBARDIA,Nord-ovest,0
017059,C893,Cologne,Cologne,COLOGNE,Brescia,BS,017,BRESCIA,Lombardia,03,LOMBARDIA,Nord-ovest,0
017060,C925,Comezzano-Cizzago,Comezzano-Cizzago,COMEZZANO CIZZAGO,Brescia,BS,017,BRESCIA,Lombardia,03,LOMBARDIA,Nord-ovest,0
017061,C948,Concesio,Concesio,CONCESIO,Brescia,BS,017,BRESCIA,Lombardia,03,LOMBARDIA,Nord-ovest,0
017062,D058,Corte Franca,Corte Franca,CORTE FRANCA,Brescia,BS,017,BRESCIA,Lombardia,03,LOMBARDIA,Nord-ovest,0
017063,D064,Corteno Golgi,Corteno Golgi,CORTENO GOLGI,Brescia,BS,017,BRESCIA,Lombardia,03,LOMBARDIA,Nord-ovest,0
017064,D082,Corzano,Corzano,CORZANO,Brescia,BS,017,BRESCIA,Lombardia,03,LOMBARDIA,Nord-ovest,0
017065,D251,Darfo Boario Terme,Darfo Boario Terme,DARFO BOARIO TERME,Brescia,BS,017,BRESCIA,Lombardia,03,LOMBARDIA,Nord-ovest,0
017066,D270,Dello,Dello,DELLO,Brescia,BS,017,BRESCIA,Lombardia,03,LOMBARDIA,Nord-ovest,0
017067,D284,Desenzano del Garda,Desenzano del Garda,DESENZANO DEL GARDA,Brescia,BS,017,BRESCIA,Lombardia,03,LOMBARDIA,Nord-ovest,0
017068,D391,Edolo,Edolo,EDOLO,Brescia,BS,017,BRESCIA,Lombardia,03,LOMBARDIA,Nord-ovest,0
017069,D421,Erbusco,Erbusco,ERBUSCO,Brescia,BS,017,BRESCIA,Lombardia,03,LOMBARDIA,Nord-ovest,0
017070,D434,Esine,Esine,ESINE,Brescia,BS,017,BRESCIA,Lombardia,03,LOMBARDIA,Nord-ovest,0
017071,D576,Fiesse,Fiesse,FIESSE,Brescia,BS,017,BRESCIA,Lombardia,03,LOMBARDIA,Nord-ovest,0
017072,D634,Flero,Flero,FLERO,Brescia,BS,017,BRESCIA,Lombardia,03,LOMBARDIA,Nord-ovest,0
017073,D891,Gambara,Gambara,GAMBARA,Brescia,BS,017,BRESCIA,Lombardia,03,LOMBARDIA,Nord-ovest,0
017074,D917,Gardone Riviera,Gardone Riviera,GARDONE RIVIERA,Brescia,BS,017,BRESCIA,Lombardia,03,LOMBARDIA,Nord-ovest,0
017075,D918,Gardone Val Trompia,Gardone Val Trompia,GARDONE VAL TROMPIA,Brescia,BS,017,BRESCIA,Lombardia,03,LOMBARDIA,Nord-ovest,0
017076,D924,Gargnano,Gargnano,GARGNANO,Brescia,BS,017,BRESCIA,Lombardia,03,LOMBARDIA,Nord-ovest,0
017077,D940,Gavardo,Gavardo,GAVARDO,Brescia,BS,017,BRESCIA,Lombardia,03,LOMBARDIA,Nord-ovest,0
017078,D999,Ghedi,Ghedi,GHEDI,Brescia,BS,017,BRESCIA,Lombardia,03,LOMBARDIA,Nord-ovest,0
017079,E010,Gianico,Gianico,GIANICO,Brescia,BS,017,BRESCIA,Lombardia,03,LOMBARDIA,Nord-ovest,0
017080,E116,Gottolengo,Gottolengo,GOTTOLENGO,Brescia,BS,017,BRESCIA,Lombardia,03,LOMBARDIA,Nord-ovest,0
017081,E271,Gussago,Gussago,GUSSAGO,Brescia,BS,017,BRESCIA,Lombardia,03,LOMBARDIA,Nord-ovest,0
017082,E280,Idro,Idro,IDRO,Brescia,BS,017,BRESCIA,Lombardia,03,LOMBARDIA,Nord-ovest,0
017083,E297,Incudine,Incudine,INCUDINE,Brescia,BS,017,BRESCIA,Lombardia,03,LOMBARDIA,Nord-ovest,0
017084,E325,Irma,Irma,IRMA,Brescia,BS,017,BRESCIA,Lombardia,03,LOMBARDIA,Nord-ovest,0
017085,E333,Iseo,Iseo,ISEO,Brescia,BS,017,BRESCIA,Lombardia,03,LOMBARDIA,Nord-ovest,0
017086,E364,Isorella,Isorella,ISORELLA,Brescia,BS,017,BRESCIA,Lombardia,03,LOMBARDIA,Nord-ovest,0
017087,E497,Lavenone,Lavenone,LAVENONE,Brescia,BS,017,BRESCIA,Lombardia,03,LOMBARDIA,Nord-ovest,0
017088,E526,Leno,Leno,LENO,Brescia,BS,017,BRESCIA,Lombardia,03,LOMBARDIA,Nord-ovest,0
017089,E596,Limone sul Garda,Limone sul Garda,LIMONE SUL GARDA,Brescia,BS,017,BRESCIA,Lombardia,03,LOMBARDIA,Nord-ovest,0
017090,E652,Lodrino,Lodrino,LODRINO,Brescia,BS,017,BRESCIA,Lombardia,03,LOMBARDIA,Nord-ovest,0
017091,E654,Lograto,Lograto,LOGRATO,Brescia,BS,017,BRESCIA,Lombardia,03,LOMBARDIA,Nord-ovest,0
017092,M312,Lonato del Garda,Lonato del Garda,LONATO DEL GARDA,Brescia,BS,017,BRESCIA,Lombardia,03,LOMBARDIA,Nord-ovest,0
017093,E673,Longhena,Longhena,LONGHENA,Brescia,BS,017,BRESCIA,Lombardia,03,LOMBARDIA,Nord-ovest,0
017094,E698,Losine,Losine,LOSINE,Brescia,BS,017,BRESCIA,Lombardia,03,LOMBARDIA,Nord-ovest,0
017095,E706,Lozio,Lozio,LOZIO,Brescia,BS,017,BRESCIA,Lombardia,03,LOMBARDIA,Nord-ovest,0
017096,E738,Lumezzane,Lumezzane,LUMEZZANE,Brescia,BS,017,BRESCIA,Lombardia,03,LOMBARDIA,Nord-ovest,0
017097,E787,Maclodio,Maclodio,MACLODIO,Brescia,BS,017,BRESCIA,Lombardia,03,LOMBARDIA,Nord-ovest,0
017098,E800,Magasa,Magasa,MAGASA,Brescia,BS,017,BRESCIA,Lombardia,03,LOMBARDIA,Nord-ovest,0
017099,E841,Mairano,Mairano,MAIRANO,Brescia,BS,017,BRESCIA,Lombardia,03,LOMBARDIA,Nord-ovest,0
017100,E851,Malegno,Malegno,MALEGNO,Brescia,BS,017,BRESCIA,Lombardia,03,LOMBARDIA,Nord-ovest,0
017101,E865,Malonno,Malonno,MALONNO,Brescia,BS,017,BRESCIA,Lombardia,03,LOMBARDIA,Nord-ovest,0
017102,E883,Manerba del Garda,Manerba del Garda,MANERBA DEL GARDA,Brescia,BS,017,BRESCIA,Lombardia,03,LOMBARDIA,Nord-ovest,0
017103,E884,Manerbio,Manerbio,MANERBIO,Brescia,BS,017,BRESCIA,Lombardia,03,LOMBARDIA,Nord-ovest,0
017104,E928,Marcheno,Marcheno,MARCHENO,Brescia,BS,017,BRESCIA,Lombardia,03,LOMBARDIA,Nord-ovest,0
017105,E961,Marmentino,Marmentino,MARMENTINO,Brescia,BS,017,BRESCIA,Lombardia,03,LOMBARDIA,Nord-ovest,0
017106,E967,Marone,Marone,MARONE,Brescia,BS,017,BRESCIA,Lombardia,03,LOMBARDIA,Nord-ovest,0
017107,F063,Mazzano,Mazzano,MAZZANO,Brescia,BS,017,BRESCIA,Lombardia,03,LOMBARDIA,Nord-ovest,0
017108,F216,Milzano,Milzano,MILZANO,Brescia,BS,017,BRESCIA,Lombardia,03,LOMBARDIA,Nord-ovest,0
017109,F373,Moniga del Garda,Moniga del Garda,MONIGA DEL GARDA,Brescia,BS,017,BRESCIA,Lombardia,03,LOMBARDIA,Nord-ovest,0
017110,F375,Monno,Monno,MONNO,Brescia,BS,017,BRESCIA,Lombardia,03,LOMBARDIA,Nord-ovest,0
017111,F532,Monte Isola,Monte Isola,MONTE ISOLA,Brescia,BS,017,BRESCIA,Lombardia,03,LOMBARDIA,Nord-ovest,0
017112,F672,Monticelli Brusati,Monticelli Brusati,MONTICELLI BRUSATI,Brescia,BS,017,BRESCIA,Lombardia,03,LOMBARDIA,Nord-ovest,0
017113,F471,Montichiari,Montichiari,MONTICHIARI,Brescia,BS,017,BRESCIA,Lombardia,03,LOMBARDIA,Nord-ovest,0
017114,F680,Montirone,Montirone,MONTIRONE,Brescia,BS,017,BRESCIA,Lombardia,03,LOMBARDIA,Nord-ovest,0
017115,F806,Mura,Mura,MURA,Brescia,BS,017,BRESCIA,Lombardia,03,LOMBARDIA,Nord-ovest,0
017116,F820,Muscoline,Muscoline,MUSCOLINE,Brescia,BS,017,BRESCIA,Lombardia,03,LOMBARDIA,Nord-ovest,0
017117,F851,Nave,Nave,NAVE,Brescia,BS,017,BRESCIA,Lombardia,03,LOMBARDIA,Nord-ovest,0
017118,F884,Niardo,Niardo,NIARDO,Brescia,BS,017,BRESCIA,Lombardia,03,LOMBARDIA,Nord-ovest,0
017119,F989,Nuvolento,Nuvolento,NUVOLENTO,Brescia,BS,017,BRESCIA,Lombardia,03,LOMBARDIA,Nord-ovest,0
017120,F990,Nuvolera,Nuvolera,NUVOLERA,Brescia,BS,017,BRESCIA,Lombardia,03,LOMBARDIA,Nord-ovest,0
017121,G001,Odolo,Odolo,ODOLO,Brescia,BS,017,BRESCIA,Lombardia,03,LOMBARDIA,Nord-ovest,0
017122,G006,Offlaga,Offlaga,OFFLAGA,Brescia,BS,017,BRESCIA,Lombardia,03,LOMBARDIA,Nord-ovest,0
017123,G061,Ome,Ome,OME,Brescia,BS,017,BRESCIA,Lombardia,03,LOMBARDIA,Nord-ovest,0
017124,G074,Ono San Pietro,Ono San Pietro,ONO SAN PIETRO,Brescia,BS,017,BRESCIA,Lombardia,03,LOMBARDIA,Nord-ovest,0
017125,G149,Orzinuovi,Orzinuovi,ORZINUOVI,Brescia,BS,017,BRESCIA,Lombardia,03,LOMBARDIA,Nord-ovest,0
017126,G150,Orzivecchi,Orzivecchi,ORZIVECCHI,Brescia,BS,017,BRESCIA,Lombardia,03,LOMBARDIA,Nord-ovest,0
017127,G170,Ospitaletto,Ospitaletto,OSPITALETTO,Brescia,BS,017,BRESCIA,Lombardia,03,LOMBARDIA,Nord-ovest,0
017128,G179,Ossimo,Ossimo,OSSIMO,Brescia,BS,017,BRESCIA,Lombardia,03,LOMBARDIA,Nord-ovest,0
017129,G213,Padenghe sul Garda,Padenghe sul Garda,PADENGHE SUL GARDA,Brescia,BS,017,BRESCIA,Lombardia,03,LOMBARDIA,Nord-ovest,0
017130,G217,Paderno Franciacorta,Paderno Franciacorta,PADERNO FRANCIACORTA,Brescia,BS,017,BRESCIA,Lombardia,03,LOMBARDIA,Nord-ovest,0
017131,G247,Paisco Loveno,Paisco Loveno,PAISCO LOVENO,Brescia,BS,017,BRESCIA,Lombardia,03,LOMBARDIA,Nord-ovest,0
017132,G248,Paitone,Paitone,PAITONE,Brescia,BS,017,BRESCIA,Lombardia,03,LOMBARDIA,Nord-ovest,0
017133,G264,Palazzolo sull'Oglio,Palazzolo sull'Oglio,PALAZZOLO SULL OGLIO,Brescia,BS,017,BRESCIA,Lombardia,03,LOMBARDIA,Nord-ovest,0
017134,G327,Paratico,Paratico,PARATICO,Brescia,BS,017,BRESCIA,Lombardia,03,LOMBARDIA,Nord-ovest,0
017135,G354,Paspardo,Paspardo,PASPARDO,Brescia,BS,017,BRESCIA,Lombardia,03,LOMBARDIA,Nord-ovest,0
017136,G361,Passirano,Passirano,PASSIRANO,Brescia,BS,017,BRESCIA,Lombardia,03,LOMBARDIA,Nord-ovest,0
017137,G391,Pavone del Mella,Pavone del Mella,PAVONE DEL MELLA,Brescia,BS,017,BRESCIA,Lombardia,03,LOMBARDIA,Nord-ovest,0
017139,G474,Pertica Alta,Pertica Alta,PERTICA ALTA,Brescia,BS,017,BRESCIA,Lombardia,03,LOMBARDIA,Nord-ovest,0
017140,G475,Pertica Bassa,Pertica Bassa,PERTICA BASSA,Brescia,BS,017,BRESCIA,Lombardia,03,LOMBARDIA,Nord-ovest,0
017141,G529,Pezzaze,Pezzaze,PEZZAZE,Brescia,BS,017,BRESCIA,Lombardia,03,LOMBARDIA,Nord-ovest,0
017142,G546,Pian Camuno,Pian Camuno,PIAN CAMUNO,Brescia,BS,017,BRESCIA,Lombardia,03,LOMBARDIA,Nord-ovest,0
017206,G549,Piancogno,Piancogno,PIANCOGNO,Brescia,BS,017,BRESCIA,Lombardia,03,LOMBARDIA,Nord-ovest,0
017143,G710,Pisogne,Pisogne,PISOGNE,Brescia,BS,017,BRESCIA,Lombardia,03,LOMBARDIA,Nord-ovest,0
017144,G779,Polaveno,Polaveno,POLAVENO,Brescia,BS,017,BRESCIA,Lombardia,03,LOMBARDIA,Nord-ovest,0
017145,G801,Polpenazze del Garda,Polpenazze del Garda,POLPENAZZE DEL GARDA,Brescia,BS,017,BRESCIA,Lombardia,03,LOMBARDIA,Nord-ovest,0
017146,G815,Pompiano,Pompiano,POMPIANO,Brescia,BS,017,BRESCIA,Lombardia,03,LOMBARDIA,Nord-ovest,0
017147,G818,Poncarale,Poncarale,PONCARALE,Brescia,BS,017,BRESCIA,Lombardia,03,LOMBARDIA,Nord-ovest,0
017148,G844,Ponte di Legno,Ponte di Legno,PONTE DI LEGNO,Brescia,BS,017,BRESCIA,Lombardia,03,LOMBARDIA,Nord-ovest,0
017149,G859,Pontevico,Pontevico,PONTEVICO,Brescia,BS,017,BRESCIA,Lombardia,03,LOMBARDIA,Nord-ovest,0
017150,G869,Pontoglio,Pontoglio,PONTOGLIO,Brescia,BS,017,BRESCIA,Lombardia,03,LOMBARDIA,Nord-ovest,0
017151,G959,Pozzolengo,Pozzolengo,POZZOLENGO,Brescia,BS,017,BRESCIA,Lombardia,03,LOMBARDIA,Nord-ovest,0
017152,G977,Pralboino,Pralboino,PRALBOINO,Brescia,BS,017,BRESCIA,Lombardia,03,LOMBARDIA,Nord-ovest,0
017153,H043,Preseglie,Preseglie,PRESEGLIE,Brescia,BS,017,BRESCIA,Lombardia,03,LOMBARDIA,Nord-ovest,0
017155,H055,Prevalle,Prevalle,PREVALLE,Brescia,BS,017,BRESCIA,Lombardia,03,LOMBARDIA,Nord-ovest,0
017157,H077,Provaglio Val Sabbia,Provaglio Val Sabbia,PROVAGLIO VAL SABBIA,Brescia,BS,017,BRESCIA,Lombardia,03,LOMBARDIA,Nord-ovest,0
017156,H078,Provaglio d'Iseo,Provaglio d'Iseo,PROVAGLIO D ISEO,Brescia,BS,017,BRESCIA,Lombardia,03,LOMBARDIA,Nord-ovest,0
017158,H086,Puegnago del Garda,Puegnago del Garda,PUEGNAGO DEL GARDA,Brescia,BS,017,BRESCIA,Lombardia,03,LOMBARDIA,Nord-ovest,0
017159,H140,Quinzano d'Oglio,Quinzano d'Oglio,QUINZANO D OGLIO,Brescia,BS,017,BRESCIA,Lombardia,03,LOMBARDIA,Nord-ovest,0
017160,H230,Remedello,Remedello,REMEDELLO,Brescia,BS,017,BRESCIA,Lombardia,03,LOMBARDIA,Nord-ovest,0
017161,H256,Rezzato,Rezzato,REZZATO,Brescia,BS,017,BRESCIA,Lombardia,03,LOMBARDIA,Nord-ovest,0
017162,H410,Roccafranca,Roccafranca,ROCCAFRANCA,Brescia,BS,017,BRESCIA,Lombardia,03,LOMBARDIA,Nord-ovest,0
017163,H477,Rodengo Saiano,Rodengo Saiano,RODENGO SAIANO,Brescia,BS,017,BRESCIA,Lombardia,03,LOMBARDIA,Nord-ovest,0
017165,H525,Roncadelle,Roncadelle,RONCADELLE,Brescia,BS,017,BRESCIA,Lombardia,03,LOMBARDIA,Nord-ovest,0
017166,H598,Rovato,Rovato,ROVATO,Brescia,BS,017,BRESCIA,Lombardia,03,LOMBARDIA,Nord-ovest,0
017164,H484,Roè Volciano,Roè Volciano,ROE VOLCIANO,Brescia,BS,017,BRESCIA,Lombardia,03,LOMBARDIA,Nord-ovest,0
017167,H630,Rudiano,Rudiano,RUDIANO,Brescia,BS,017,BRESCIA,Lombardia,03,LOMBARDIA,Nord-ovest,0
017168,H650,Sabbio Chiese,Sabbio Chiese,SABBIO CHIESE,Brescia,BS,017,BRESCIA,Lombardia,03,LOMBARDIA,Nord-ovest,0
017169,H699,Sale Marasino,Sale Marasino,SALE MARASINO,Brescia,BS,017,BRESCIA,Lombardia,03,LOMBARDIA,Nord-ovest,0
017170,H717,Salò,Salò,SALO,Brescia,BS,017,BRESCIA,Lombardia,03,LOMBARDIA,Nord-ovest,0
017171,H838,San Felice del Benaco,San Felice del Benaco,SAN FELICE DEL BENACO,Brescia,BS,017,BRESCIA,Lombardia,03,LOMBARDIA,Nord-ovest,0
017172,H865,San Gervasio Bresciano,San Gervasio Bresciano,SAN GERVASIO BRESCIANO,Brescia,BS,017,BRESCIA,Lombardia,03,LOMBARDIA,Nord-ovest,0
017138,G407,San Paolo,San Paolo,SAN PAOLO,Brescia,BS,017,BRESCIA,Lombardia,03,LOMBARDIA,Nord-ovest,0
017173,I412,San Zeno Naviglio,San Zeno Naviglio,SAN ZENO NAVIGLIO,Brescia,BS,017,BRESCIA,Lombardia,03,LOMBARDIA,Nord-ovest,0
017174,I433,Sarezzo,Sarezzo,SAREZZO,Brescia,BS,017,BRESCIA,Lombardia,03,LOMBARDIA,Nord-ovest,0
017175,I476,Saviore dell'Adamello,Saviore dell'Adamello,SAVIORE DELL ADAMELLO,Brescia,BS,017,BRESCIA,Lombardia,03,LOMBARDIA,Nord-ovest,0
017176,I588,Sellero,Sellero,SELLERO,Brescia,BS,017,BRESCIA,Lombardia,03,LOMBARDIA,Nord-ovest,0
017177,I607,Seniga,Seniga,SENIGA,Brescia,BS,017,BRESCIA,Lombardia,03,LOMBARDIA,Nord-ovest,0
017178,I631,Serle,Serle,SERLE,Brescia,BS,017,BRESCIA,Lombardia,03,LOMBARDIA,Nord-ovest,0
017179,I633,Sirmione,Sirmione,SIRMIONE,Brescia,BS,017,BRESCIA,Lombardia,03,LOMBARDIA,Nord-ovest,0
017180,I782,Soiano del Lago,Soiano del Lago,SOIANO DEL LAGO,Brescia,BS,017,BRESCIA,Lombardia,03,LOMBARDIA,Nord-ovest,0
017181,I831,Sonico,Sonico,SONICO,Brescia,BS,017,BRESCIA,Lombardia,03,LOMBARDIA,Nord-ovest,0
017182,L002,Sulzano,Sulzano,SULZANO,Brescia,BS,017,BRESCIA,Lombardia,03,LOMBARDIA,Nord-ovest,0
017183,C698,Tavernole sul Mella,Tavernole sul Mella,TAVERNOLE SUL MELLA,Brescia,BS,017,BRESCIA,Lombardia,03,LOMBARDIA,Nord-ovest,0
017184,L094,Temù,Temù,TEMU,Brescia,BS,017,BRESCIA,Lombardia,03,LOMBARDIA,Nord-ovest,0
017185,L169,Tignale,Tignale,TIGNALE,Brescia,BS,017,BRESCIA,Lombardia,03,LOMBARDIA,Nord-ovest,0
017186,L210,Torbole Casaglia,Torbole Casaglia,TORBOLE CASAGLIA,Brescia,BS,017,BRESCIA,Lombardia,03,LOMBARDIA,Nord-ovest,0
017187,L312,Toscolano-Maderno,Toscolano-Maderno,TOSCOLANO MADERNO,Brescia,BS,017,BRESCIA,Lombardia,03,LOMBARDIA,Nord-ovest,0
017188,L339,Travagliato,Travagliato,TRAVAGLIATO,Brescia,BS,017,BRESCIA,Lombardia,03,LOMBARDIA,Nord-ovest,0
017189,L372,Tremosine sul Garda,Tremosine sul Garda,TREMOSINE SUL GARDA,Brescia,BS,017,BRESCIA,Lombardia,03,LOMBARDIA,Nord-ovest,0
017190,L380,Trenzano,Trenzano,TRENZANO,Brescia,BS,017,BRESCIA,Lombardia,03,LOMBARDIA,Nord-ovest,0
017191,L406,Treviso Bresciano,Treviso Bresciano,TREVISO BRESCIANO,Brescia,BS,017,BRESCIA,Lombardia,03,LOMBARDIA,Nord-ovest,0
017192,L494,Urago d'Oglio,Urago d'Oglio,URAGO D OGLIO,Brescia,BS,017,BRESCIA,Lombardia,03,LOMBARDIA,Nord-ovest,0
017193,L626,Vallio Terme,Vallio Terme,VALLIO TERME,Brescia,BS,017,BRESCIA,Lombardia,03,LOMBARDIA,Nord-ovest,0
017194,L468,Valvestino,Valvestino,VALVESTINO,Brescia,BS,017,BRESCIA,Lombardia,03,LOMBARDIA,Nord-ovest,0
017195,L777,Verolanuova,Verolanuova,VEROLANUOVA,Brescia,BS,017,BRESCIA,Lombardia,03,LOMBARDIA,Nord-ovest,0
017196,L778,Verolavecchia,Verolavecchia,VEROLAVECCHIA,Brescia,BS,017,BRESCIA,Lombardia,03,LOMBARDIA,Nord-ovest,0
017197,L812,Vestone,Vestone,VESTONE,Brescia,BS,017,BRESCIA,Lombardia,03,LOMBARDIA,Nord-ovest,0
017198,L816,Vezza d'Oglio,Vezza d'Oglio,VEZZA D OGLIO,Brescia,BS,017,BRESCIA,Lombardia,03,LOMBARDIA,Nord-ovest,0
017199,L919,Villa Carcina,Villa Carcina,VILLA CARCINA,Brescia,BS,017,BRESCIA,Lombardia,03,LOMBARDIA,Nord-ovest,0
017200,L923,Villachiara,Villachiara,VILLACHIARA,Brescia,BS,017,BRESCIA,Lombardia,03,LOMBARDIA,Nord-ovest,0
017201,L995,Villanuova sul Clisi,Villanuova sul Clisi,VILLANUOVA SUL CLISI,Brescia,BS,017,BRESCIA,Lombardia,03,LOMBARDIA,Nord-ovest,0
017202,M065,Vione,Vione,VIONE,Brescia,BS,017,BRESCIA,Lombardia,03,LOMBARDIA,Nord-ovest,0
017203,M070,Visano,Visano,VISANO,Brescia,BS,017,BRESCIA,Lombardia,03,LOMBARDIA,Nord-ovest,0
017204,M104,Vobarno,Vobarno,VOBARNO,Brescia,BS,017,BRESCIA,Lombardia,03,LOMBARDIA,Nord-ovest,0
017205,M188,Zone,Zone,ZONE,Brescia,BS,017,BRESCIA,Lombardia,03,LOMBARDIA,Nord-ovest,0
013003,A143,Albavilla,Albavilla,ALBAVILLA,Como,CO,013,COMO,Lombardia,03,LOMBARDIA,Nord-ovest,0
013004,A153,Albese con Cassano,Albese con Cassano,ALBESE CON CASSANO,Como,CO,013,COMO,Lombardia,03,LOMBARDIA,Nord-ovest,0
013005,A164,Albiolo,Albiolo,ALBIOLO,Como,CO,013,COMO,Lombardia,03,LOMBARDIA,Nord-ovest,0
013006,A224,Alserio,Alserio,ALSERIO,Como,CO,013,COMO,Lombardia,03,LOMBARDIA,Nord-ovest,0
013253,M383,Alta Valle Intelvi,Alta Valle Intelvi,ALTA VALLE INTELVI,Como,CO,013,COMO,Lombardia,03,LOMBARDIA,Nord-ovest,0
013007,A249,Alzate Brianza,Alzate Brianza,ALZATE BRIANZA,Como,CO,013,COMO,Lombardia,03,LOMBARDIA,Nord-ovest,0
013009,A319,Anzano del Parco,Anzano del Parco,ANZANO DEL PARCO,Como,CO,013,COMO,Lombardia,03,LOMBARDIA,Nord-ovest,0
013010,A333,Appiano Gentile,Appiano Gentile,APPIANO GENTILE,Como,CO,013,COMO,Lombardia,03,LOMBARDIA,Nord-ovest,0
013011,A391,Argegno,Argegno,ARGEGNO,Como,CO,013,COMO,Lombardia,03,LOMBARDIA,Nord-ovest,0
013012,A430,Arosio,Arosio,AROSIO,Como,CO,013,COMO,Lombardia,03,LOMBARDIA,Nord-ovest,0
013013,A476,Asso,Asso,ASSO,Como,CO,013,COMO,Lombardia,03,LOMBARDIA,Nord-ovest,0
013015,A670,Barni,Barni,BARNI,Como,CO,013,COMO,Lombardia,03,LOMBARDIA,Nord-ovest,0
013250,M335,Bellagio,Bellagio,BELLAGIO,Como,CO,013,COMO,Lombardia,03,LOMBARDIA,Nord-ovest,0
013021,A778,Bene Lario,Bene Lario,BENE LARIO,Como,CO,013,COMO,Lombardia,03,LOMBARDIA,Nord-ovest,0
013022,A791,Beregazzo con Figliaro,Beregazzo con Figliaro,BEREGAZZO CON FIGLIARO,Como,CO,013,COMO,Lombardia,03,LOMBARDIA,Nord-ovest,0
013023,A870,Binago,Binago,BINAGO,Como,CO,013,COMO,Lombardia,03,LOMBARDIA,Nord-ovest,0
013024,A898,Bizzarone,Bizzarone,BIZZARONE,Como,CO,013,COMO,Lombardia,03,LOMBARDIA,Nord-ovest,0
013025,A904,Blessagno,Blessagno,BLESSAGNO,Como,CO,013,COMO,Lombardia,03,LOMBARDIA,Nord-ovest,0
013026,A905,Blevio,Blevio,BLEVIO,Como,CO,013,COMO,Lombardia,03,LOMBARDIA,Nord-ovest,0
013028,B134,Bregnano,Bregnano,BREGNANO,Como,CO,013,COMO,Lombardia,03,LOMBARDIA,Nord-ovest,0
013029,B144,Brenna,Brenna,BRENNA,Como,CO,013,COMO,Lombardia,03,LOMBARDIA,Nord-ovest,0
013030,B172,Brienno,Brienno,BRIENNO,Como,CO,013,COMO,Lombardia,03,LOMBARDIA,Nord-ovest,0
013032,B218,Brunate,Brunate,BRUNATE,Como,CO,013,COMO,Lombardia,03,LOMBARDIA,Nord-ovest,0
013034,B262,Bulgarograsso,Bulgarograsso,BULGAROGRASSO,Como,CO,013,COMO,Lombardia,03,LOMBARDIA,Nord-ovest,0
013035,B313,Cabiate,Cabiate,CABIATE,Como,CO,013,COMO,Lombardia,03,LOMBARDIA,Nord-ovest,0
013036,B346,Cadorago,Cadorago,CADORAGO,Como,CO,013,COMO,Lombardia,03,LOMBARDIA,Nord-ovest,0
013037,B355,Caglio,Caglio,CAGLIO,Como,CO,013,COMO,Lombardia,03,LOMBARDIA,Nord-ovest,0
013040,B513,Campione d'Italia,Campione d'Italia,CAMPIONE D ITALIA,Como,CO,013,COMO,Lombardia,03,LOMBARDIA,Nord-ovest,0
013041,B639,Cantù,Cantù,CANTU,Como,CO,013,COMO,Lombardia,03,LOMBARDIA,Nord-ovest,0
013042,B641,Canzo,Canzo,CANZO,Como,CO,013,COMO,Lombardia,03,LOMBARDIA,Nord-ovest,0
013043,B653,Capiago Intimiano,Capiago Intimiano,CAPIAGO INTIMIANO,Como,CO,013,COMO,Lombardia,03,LOMBARDIA,Nord-ovest,0
013044,B730,Carate Urio,Carate Urio,CARATE URIO,Como,CO,013,COMO,Lombardia,03,LOMBARDIA,Nord-ovest,0
013045,B742,Carbonate,Carbonate,CARBONATE,Como,CO,013,COMO,Lombardia,03,LOMBARDIA,Nord-ovest,0
013046,B778,Carimate,Carimate,CARIMATE,Como,CO,013,COMO,Lombardia,03,LOMBARDIA,Nord-ovest,0
013047,B785,Carlazzo,Carlazzo,CARLAZZO,Como,CO,013,COMO,Lombardia,03,LOMBARDIA,Nord-ovest,0
013048,B851,Carugo,Carugo,CARUGO,Como,CO,013,COMO,Lombardia,03,LOMBARDIA,Nord-ovest,0
013052,B974,Caslino d'Erba,Caslino d'Erba,CASLINO D ERBA,Como,CO,013,COMO,Lombardia,03,LOMBARDIA,Nord-ovest,0
013053,B977,Casnate con Bernate,Casnate con Bernate,CASNATE CON BERNATE,Como,CO,013,COMO,Lombardia,03,LOMBARDIA,Nord-ovest,0
013055,C020,Cassina Rizzardi,Cassina Rizzardi,CASSINA RIZZARDI,Como,CO,013,COMO,Lombardia,03,LOMBARDIA,Nord-ovest,0
013058,C206,Castelmarte,Castelmarte,CASTELMARTE,Como,CO,013,COMO,Lombardia,03,LOMBARDIA,Nord-ovest,0
013059,C220,Castelnuovo Bozzente,Castelnuovo Bozzente,CASTELNUOVO BOZZENTE,Como,CO,013,COMO,Lombardia,03,LOMBARDIA,Nord-ovest,0
013062,C381,Cavargna,Cavargna,CAVARGNA,Como,CO,013,COMO,Lombardia,03,LOMBARDIA,Nord-ovest,0
013254,M394,Centro Valle Intelvi,Centro Valle Intelvi,CENTRO VALLE INTELVI,Como,CO,013,COMO,Lombardia,03,LOMBARDIA,Nord-ovest,0
013063,C482,Cerano d'Intelvi,Cerano d'Intelvi,CERANO D INTELVI,Como,CO,013,COMO,Lombardia,03,LOMBARDIA,Nord-ovest,0
013064,C516,Cermenate,Cermenate,CERMENATE,Como,CO,013,COMO,Lombardia,03,LOMBARDIA,Nord-ovest,0
013065,C520,Cernobbio,Cernobbio,CERNOBBIO,Como,CO,013,COMO,Lombardia,03,LOMBARDIA,Nord-ovest,0
013068,C724,Cirimido,Cirimido,CIRIMIDO,Como,CO,013,COMO,Lombardia,03,LOMBARDIA,Nord-ovest,0
013071,C787,Claino con Osteno,Claino con Osteno,CLAINO CON OSTENO,Como,CO,013,COMO,Lombardia,03,LOMBARDIA,Nord-ovest,0
013074,C902,Colonno,Colonno,COLONNO,Como,CO,013,COMO,Lombardia,03,LOMBARDIA,Nord-ovest,0
013251,M336,Colverde,Colverde,COLVERDE,Como,CO,013,COMO,Lombardia,03,LOMBARDIA,Nord-ovest,0
013075,C933,Como,Como,COMO,Como,CO,013,COMO,Lombardia,03,LOMBARDIA,Nord-ovest,1
013077,D041,Corrido,Corrido,CORRIDO,Como,CO,013,COMO,Lombardia,03,LOMBARDIA,Nord-ovest,0
013083,D147,Cremia,Cremia,CREMIA,Como,CO,013,COMO,Lombardia,03,LOMBARDIA,Nord-ovest,0
013084,D196,Cucciago,Cucciago,CUCCIAGO,Como,CO,013,COMO,Lombardia,03,LOMBARDIA,Nord-ovest,0
013085,D232,Cusino,Cusino,CUSINO,Como,CO,013,COMO,Lombardia,03,LOMBARDIA,Nord-ovest,0
013087,D310,Dizzasco,Dizzasco,DIZZASCO,Como,CO,013,COMO,Lombardia,03,LOMBARDIA,Nord-ovest,0
013089,D329,Domaso,Domaso,DOMASO,Como,CO,013,COMO,Lombardia,03,LOMBARDIA,Nord-ovest,0
013090,D341,Dongo,Dongo,DONGO,Como,CO,013,COMO,Lombardia,03,LOMBARDIA,Nord-ovest,0
013092,D355,Dosso del Liro,Dosso del Liro,DOSSO DEL LIRO,Como,CO,013,COMO,Lombardia,03,LOMBARDIA,Nord-ovest,0
013095,D416,Erba,Erba,ERBA,Como,CO,013,COMO,Lombardia,03,LOMBARDIA,Nord-ovest,0
013097,D445,Eupilio,Eupilio,EUPILIO,Como,CO,013,COMO,Lombardia,03,LOMBARDIA,Nord-ovest,0
013098,D462,Faggeto Lario,Faggeto Lario,FAGGETO LARIO,Como,CO,013,COMO,Lombardia,03,LOMBARDIA,Nord-ovest,0
013099,D482,Faloppio,Faloppio,FALOPPIO,Como,CO,013,COMO,Lombardia,03,LOMBARDIA,Nord-ovest,0
013100,D531,Fenegrò,Fenegrò,FENEGRO,Como,CO,013,COMO,Lombardia,03,LOMBARDIA,Nord-ovest,0
013101,D579,Figino Serenza,Figino Serenza,FIGINO SERENZA,Como,CO,013,COMO,Lombardia,03,LOMBARDIA,Nord-ovest,0
013102,D605,Fino Mornasco,Fino Mornasco,FINO MORNASCO,Como,CO,013,COMO,Lombardia,03,LOMBARDIA,Nord-ovest,0
013106,D930,Garzeno,Garzeno,GARZENO,Como,CO,013,COMO,Lombardia,03,LOMBARDIA,Nord-ovest,0
013107,D974,Gera Lario,Gera Lario,GERA LARIO,Como,CO,013,COMO,Lombardia,03,LOMBARDIA,Nord-ovest,0
013110,E139,Grandate,Grandate,GRANDATE,Como,CO,013,COMO,Lombardia,03,LOMBARDIA,Nord-ovest,0
013111,E141,Grandola ed Uniti,Grandola ed Uniti,GRANDOLA ED UNITI,Como,CO,013,COMO,Lombardia,03,LOMBARDIA,Nord-ovest,0
013249,M315,Gravedona ed Uniti,Gravedona ed Uniti,GRAVEDONA ED UNITI,Como,CO,013,COMO,Lombardia,03,LOMBARDIA,Nord-ovest,0
013113,E172,Griante,Griante,GRIANTE,Como,CO,013,COMO,Lombardia,03,LOMBARDIA,Nord-ovest,0
013114,E235,Guanzate,Guanzate,GUANZATE,Como,CO,013,COMO,Lombardia,03,LOMBARDIA,Nord-ovest,0
013118,E309,Inverigo,Inverigo,INVERIGO,Como,CO,013,COMO,Lombardia,03,LOMBARDIA,Nord-ovest,0
013119,E405,Laglio,Laglio,LAGLIO,Como,CO,013,COMO,Lombardia,03,LOMBARDIA,Nord-ovest,0
013120,E416,Laino,Laino,LAINO,Como,CO,013,COMO,Lombardia,03,LOMBARDIA,Nord-ovest,0
013121,E428,Lambrugo,Lambrugo,LAMBRUGO,Como,CO,013,COMO,Lombardia,03,LOMBARDIA,Nord-ovest,0
013123,E462,Lasnigo,Lasnigo,LASNIGO,Como,CO,013,COMO,Lombardia,03,LOMBARDIA,Nord-ovest,0
013126,E569,Lezzeno,Lezzeno,LEZZENO,Como,CO,013,COMO,Lombardia,03,LOMBARDIA,Nord-ovest,0
013128,E593,Limido Comasco,Limido Comasco,LIMIDO COMASCO,Como,CO,013,COMO,Lombardia,03,LOMBARDIA,Nord-ovest,0
013129,E607,Lipomo,Lipomo,LIPOMO,Como,CO,013,COMO,Lombardia,03,LOMBARDIA,Nord-ovest,0
013130,E623,Livo,Livo,LIVO,Como,CO,013,COMO,Lombardia,03,LOMBARDIA,Nord-ovest,0
013131,E638,Locate Varesino,Locate Varesino,LOCATE VARESINO,Como,CO,013,COMO,Lombardia,03,LOMBARDIA,Nord-ovest,0
013133,E659,Lomazzo,Lomazzo,LOMAZZO,Como,CO,013,COMO,Lombardia,03,LOMBARDIA,Nord-ovest,0
013134,E679,Longone al Segrino,Longone al Segrino,LONGONE AL SEGRINO,Como,CO,013,COMO,Lombardia,03,LOMBARDIA,Nord-ovest,0
013135,E735,Luisago,Luisago,LUISAGO,Como,CO,013,COMO,Lombardia,03,LOMBARDIA,Nord-ovest,0
013137,E750,Lurago Marinone,Lurago Marinone,LURAGO MARINONE,Como,CO,013,COMO,Lombardia,03,LOMBARDIA,Nord-ovest,0
013136,E749,Lurago d'Erba,Lurago d'Erba,LURAGO D ERBA,Como,CO,013,COMO,Lombardia,03,LOMBARDIA,Nord-ovest,0
013138,E753,Lurate Caccivio,Lurate Caccivio,LURATE CACCIVIO,Como,CO,013,COMO,Lombardia,03,LOMBARDIA,Nord-ovest,0
013139,E830,Magreglio,Magreglio,MAGREGLIO,Como,CO,013,COMO,Lombardia,03,LOMBARDIA,Nord-ovest,0
013143,E951,Mariano Comense,Mariano Comense,MARIANO COMENSE,Como,CO,013,COMO,Lombardia,03,LOMBARDIA,Nord-ovest,0
013144,F017,Maslianico,Maslianico,MASLIANICO,Como,CO,013,COMO,Lombardia,03,LOMBARDIA,Nord-ovest,0
013145,F120,Menaggio,Menaggio,MENAGGIO,Como,CO,013,COMO,Lombardia,03,LOMBARDIA,Nord-ovest,0
013147,F151,Merone,Merone,MERONE,Como,CO,013,COMO,Lombardia,03,LOMBARDIA,Nord-ovest,0
013152,F305,Moltrasio,Moltrasio,MOLTRASIO,Como,CO,013,COMO,Lombardia,03,LOMBARDIA,Nord-ovest,0
013153,F372,Monguzzo,Monguzzo,MONGUZZO,Como,CO,013,COMO,Lombardia,03,LOMBARDIA,Nord-ovest,0
013154,F427,Montano Lucino,Montano Lucino,MONTANO LUCINO,Como,CO,013,COMO,Lombardia,03,LOMBARDIA,Nord-ovest,0
013155,F564,Montemezzo,Montemezzo,MONTEMEZZO,Como,CO,013,COMO,Lombardia,03,LOMBARDIA,Nord-ovest,0
013157,F688,Montorfano,Montorfano,MONTORFANO,Como,CO,013,COMO,Lombardia,03,LOMBARDIA,Nord-ovest,0
013159,F788,Mozzate,Mozzate,MOZZATE,Como,CO,013,COMO,Lombardia,03,LOMBARDIA,Nord-ovest,0
013160,F828,Musso,Musso,MUSSO,Como,CO,013,COMO,Lombardia,03,LOMBARDIA,Nord-ovest,0
013161,F877,Nesso,Nesso,NESSO,Como,CO,013,COMO,Lombardia,03,LOMBARDIA,Nord-ovest,0
013163,F958,Novedrate,Novedrate,NOVEDRATE,Como,CO,013,COMO,Lombardia,03,LOMBARDIA,Nord-ovest,0
013165,G025,Olgiate Comasco,Olgiate Comasco,OLGIATE COMASCO,Como,CO,013,COMO,Lombardia,03,LOMBARDIA,Nord-ovest,0
013169,G056,Oltrona di San Mamette,Oltrona di San Mamette,OLTRONA DI SAN MAMETTE,Como,CO,013,COMO,Lombardia,03,LOMBARDIA,Nord-ovest,0
013170,G126,Orsenigo,Orsenigo,ORSENIGO,Como,CO,013,COMO,Lombardia,03,LOMBARDIA,Nord-ovest,0
013178,G415,Peglio,Peglio,PEGLIO,Como,CO,013,COMO,Lombardia,03,LOMBARDIA,Nord-ovest,0
013183,G556,Pianello del Lario,Pianello del Lario,PIANELLO DEL LARIO,Como,CO,013,COMO,Lombardia,03,LOMBARDIA,Nord-ovest,0
013184,G665,Pigra,Pigra,PIGRA,Como,CO,013,COMO,Lombardia,03,LOMBARDIA,Nord-ovest,0
013185,G737,Plesio,Plesio,PLESIO,Como,CO,013,COMO,Lombardia,03,LOMBARDIA,Nord-ovest,0
013186,G773,Pognana Lario,Pognana Lario,POGNANA LARIO,Como,CO,013,COMO,Lombardia,03,LOMBARDIA,Nord-ovest,0
013187,G821,Ponna,Ponna,PONNA,Como,CO,013,COMO,Lombardia,03,LOMBARDIA,Nord-ovest,0
013188,G847,Ponte Lambro,Ponte Lambro,PONTE LAMBRO,Como,CO,013,COMO,Lombardia,03,LOMBARDIA,Nord-ovest,0
013189,G889,Porlezza,Porlezza,PORLEZZA,Como,CO,013,COMO,Lombardia,03,LOMBARDIA,Nord-ovest,0
013192,H074,Proserpio,Proserpio,PROSERPIO,Como,CO,013,COMO,Lombardia,03,LOMBARDIA,Nord-ovest,0
013193,H094,Pusiano,Pusiano,PUSIANO,Como,CO,013,COMO,Lombardia,03,LOMBARDIA,Nord-ovest,0
013195,H255,Rezzago,Rezzago,REZZAGO,Como,CO,013,COMO,Lombardia,03,LOMBARDIA,Nord-ovest,0
013197,H478,Rodero,Rodero,RODERO,Como,CO,013,COMO,Lombardia,03,LOMBARDIA,Nord-ovest,0
013201,H601,Rovellasca,Rovellasca,ROVELLASCA,Como,CO,013,COMO,Lombardia,03,LOMBARDIA,Nord-ovest,0
013202,H602,Rovello Porro,Rovello Porro,ROVELLO PORRO,Como,CO,013,COMO,Lombardia,03,LOMBARDIA,Nord-ovest,0
013203,H679,Sala Comacina,Sala Comacina,SALA COMACINA,Como,CO,013,COMO,Lombardia,03,LOMBARDIA,Nord-ovest,0
013204,H760,San Bartolomeo Val Cavargna,San Bartolomeo Val Cavargna,SAN BARTOLOMEO VAL CAVARGNA,Como,CO,013,COMO,Lombardia,03,LOMBARDIA,Nord-ovest,0
013206,H840,San Fermo della Battaglia,San Fermo della Battaglia,SAN FERMO DELLA BATTAGLIA,Como,CO,013,COMO,Lombardia,03,LOMBARDIA,Nord-ovest,0
013207,I051,San Nazzaro Val Cavargna,San Nazzaro Val Cavargna,SAN NAZZARO VAL CAVARGNA,Como,CO,013,COMO,Lombardia,03,LOMBARDIA,Nord-ovest,0
013248,I162,San Siro,San Siro,SAN SIRO,Como,CO,013,COMO,Lombardia,03,LOMBARDIA,Nord-ovest,0
013211,I529,Schignano,Schignano,SCHIGNANO,Como,CO,013,COMO,Lombardia,03,LOMBARDIA,Nord-ovest,0
013212,I611,Senna Comasco,Senna Comasco,SENNA COMASCO,Como,CO,013,COMO,Lombardia,03,LOMBARDIA,Nord-ovest,0
013255,M412,Solbiate con Cagno,Solbiate con Cagno,SOLBIATE CON CAGNO,Como,CO,013,COMO,Lombardia,03,LOMBARDIA,Nord-ovest,0
013216,I856,Sorico,Sorico,SORICO,Como,CO,013,COMO,Lombardia,03,LOMBARDIA,Nord-ovest,0
013217,I860,Sormano,Sormano,SORMANO,Como,CO,013,COMO,Lombardia,03,LOMBARDIA,Nord-ovest,0
013218,I943,Stazzona,Stazzona,STAZZONA,Como,CO,013,COMO,Lombardia,03,LOMBARDIA,Nord-ovest,0
013222,L071,Tavernerio,Tavernerio,TAVERNERIO,Como,CO,013,COMO,Lombardia,03,LOMBARDIA,Nord-ovest,0
013223,L228,Torno,Torno,TORNO,Como,CO,013,COMO,Lombardia,03,LOMBARDIA,Nord-ovest,0
013252,M341,Tremezzina,Tremezzina,TREMEZZINA,Como,CO,013,COMO,Lombardia,03,LOMBARDIA,Nord-ovest,0
013226,L413,Trezzone,Trezzone,TREZZONE,Como,CO,013,COMO,Lombardia,03,LOMBARDIA,Nord-ovest,0
013227,L470,Turate,Turate,TURATE,Como,CO,013,COMO,Lombardia,03,LOMBARDIA,Nord-ovest,0
013256,M435,Uggiate con Ronago,Uggiate con Ronago,UGGIATE CON RONAGO,Como,CO,013,COMO,Lombardia,03,LOMBARDIA,Nord-ovest,0
013233,H259,Val Rezzo,Val Rezzo,VAL REZZO,Como,CO,013,COMO,Lombardia,03,LOMBARDIA,Nord-ovest,0
013229,L547,Valbrona,Valbrona,VALBRONA,Como,CO,013,COMO,Lombardia,03,LOMBARDIA,Nord-ovest,0
013232,L640,Valmorea,Valmorea,VALMOREA,Como,CO,013,COMO,Lombardia,03,LOMBARDIA,Nord-ovest,0
013234,C936,Valsolda,Valsolda,VALSOLDA,Como,CO,013,COMO,Lombardia,03,LOMBARDIA,Nord-ovest,0
013236,L715,Veleso,Veleso,VELESO,Como,CO,013,COMO,Lombardia,03,LOMBARDIA,Nord-ovest,0
013238,L737,Veniano,Veniano,VENIANO,Como,CO,013,COMO,Lombardia,03,LOMBARDIA,Nord-ovest,0
013239,L748,Vercana,Vercana,VERCANA,Como,CO,013,COMO,Lombardia,03,LOMBARDIA,Nord-ovest,0
013242,L792,Vertemate con Minoprio,Vertemate con Minoprio,VERTEMATE CON MINOPRIO,Como,CO,013,COMO,Lombardia,03,LOMBARDIA,Nord-ovest,0
013245,L956,Villa Guardia,Villa Guardia,VILLA GUARDIA,Como,CO,013,COMO,Lombardia,03,LOMBARDIA,Nord-ovest,0
013246,M156,Zelbio,Zelbio,ZELBIO,Como,CO,013,COMO,Lombardia,03,LOMBARDIA,Nord-ovest,0
019001,A039,Acquanegra Cremonese,Acquanegra Cremonese,ACQUANEGRA CREMONESE,Cremona,CR,019,CREMONA,Lombardia,03,LOMBARDIA,Nord-ovest,0
019002,A076,Agnadello,Agnadello,AGNADELLO,Cremona,CR,019,CREMONA,Lombardia,03,LOMBARDIA,Nord-ovest,0
019003,A299,Annicco,Annicco,ANNICCO,Cremona,CR,019,CREMONA,Lombardia,03,LOMBARDIA,Nord-ovest,0
019004,A526,Azzanello,Azzanello,AZZANELLO,Cremona,CR,019,CREMONA,Lombardia,03,LOMBARDIA,Nord-ovest,0
019005,A570,Bagnolo Cremasco,Bagnolo Cremasco,BAGNOLO CREMASCO,Cremona,CR,019,CREMONA,Lombardia,03,LOMBARDIA,Nord-ovest,0
019006,A972,Bonemerse,Bonemerse,BONEMERSE,Cremona,CR,019,CREMONA,Lombardia,03,LOMBARDIA,Nord-ovest,0
019007,A986,Bordolano,Bordolano,BORDOLANO,Cremona,CR,019,CREMONA,Lombardia,03,LOMBARDIA,Nord-ovest,0
019009,B439,Calvatone,Calvatone,CALVATONE,Cremona,CR,019,CREMONA,Lombardia,03,LOMBARDIA,Nord-ovest,0
019010,B484,Camisano,Camisano,CAMISANO,Cremona,CR,019,CREMONA,Lombardia,03,LOMBARDIA,Nord-ovest,0
019011,B498,Campagnola Cremasca,Campagnola Cremasca,CAMPAGNOLA CREMASCA,Cremona,CR,019,CREMONA,Lombardia,03,LOMBARDIA,Nord-ovest,0
019012,B650,Capergnanica,Capergnanica,CAPERGNANICA,Cremona,CR,019,CREMONA,Lombardia,03,LOMBARDIA,Nord-ovest,0
019013,B679,Cappella Cantone,Cappella Cantone,CAPPELLA CANTONE,Cremona,CR,019,CREMONA,Lombardia,03,LOMBARDIA,Nord-ovest,0
019014,B680,Cappella de' Picenardi,Cappella de' Picenardi,CAPPELLA DE PICENARDI,Cremona,CR,019,CREMONA,Lombardia,03,LOMBARDIA,Nord-ovest,0
019015,B686,Capralba,Capralba,CAPRALBA,Cremona,CR,019,CREMONA,Lombardia,03,LOMBARDIA,Nord-ovest,0
019016,B869,Casalbuttano ed Uniti,Casalbuttano ed Uniti,CASALBUTTANO ED UNITI,Cremona,CR,019,CREMONA,Lombardia,03,LOMBARDIA,Nord-ovest,0
019017,B881,Casale Cremasco-Vidolasco,Casale Cremasco-Vidolasco,CASALE CREMASCO VIDOLASCO,Cremona,CR,019,CREMONA,Lombardia,03,LOMBARDIA,Nord-ovest,0
019018,B889,Casaletto Ceredano,Casaletto Ceredano,CASALETTO CEREDANO,Cremona,CR,019,CREMONA,Lombardia,03,LOMBARDIA,Nord-ovest,0
019020,B891,Casaletto Vaprio,Casaletto Vaprio,CASALETTO VAPRIO,Cremona,CR,019,CREMONA,Lombardia,03,LOMBARDIA,Nord-ovest,0
019019,B890,Casaletto di Sopra,Casaletto di Sopra,CASALETTO DI SOPRA,Cremona,CR,019,CREMONA,Lombardia,03,LOMBARDIA,Nord-ovest,0
019021,B898,Casalmaggiore,Casalmaggiore,CASALMAGGIORE,Cremona,CR,019,CREMONA,Lombardia,03,LOMBARDIA,Nord-ovest,0
019022,B900,Casalmorano,Casalmorano,CASALMORANO,Cremona,CR,019,CREMONA,Lombardia,03,LOMBARDIA,Nord-ovest,0
019024,C115,Castel Gabbiano,Castel Gabbiano,CASTEL GABBIANO,Cremona,CR,019,CREMONA,Lombardia,03,LOMBARDIA,Nord-ovest,0
019023,C089,Casteldidone,Casteldidone,CASTELDIDONE,Cremona,CR,019,CREMONA,Lombardia,03,LOMBARDIA,Nord-ovest,0
019025,C153,Castelleone,Castelleone,CASTELLEONE,Cremona,CR,019,CREMONA,Lombardia,03,LOMBARDIA,Nord-ovest,0
019026,B129,Castelverde,Castelverde,CASTELVERDE,Cremona,CR,019,CREMONA,Lombardia,03,LOMBARDIA,Nord-ovest,0
019027,C290,Castelvisconti,Castelvisconti,CASTELVISCONTI,Cremona,CR,019,CREMONA,Lombardia,03,LOMBARDIA,Nord-ovest,0
019028,C435,Cella Dati,Cella Dati,CELLA DATI,Cremona,CR,019,CREMONA,Lombardia,03,LOMBARDIA,Nord-ovest,0
019029,C634,Chieve,Chieve,CHIEVE,Cremona,CR,019,CREMONA,Lombardia,03,LOMBARDIA,Nord-ovest,0
019030,C678,Cicognolo,Cicognolo,CICOGNOLO,Cremona,CR,019,CREMONA,Lombardia,03,LOMBARDIA,Nord-ovest,0
019031,C703,Cingia de' Botti,Cingia de' Botti,CINGIA DE BOTTI,Cremona,CR,019,CREMONA,Lombardia,03,LOMBARDIA,Nord-ovest,0
019032,D056,Corte de' Cortesi con Cignone,Corte de' Cortesi con Cignone,CORTE DE CORTESI CON CIGNONE,Cremona,CR,019,CREMONA,Lombardia,03,LOMBARDIA,Nord-ovest,0
019033,D057,Corte de' Frati,Corte de' Frati,CORTE DE FRATI,Cremona,CR,019,CREMONA,Lombardia,03,LOMBARDIA,Nord-ovest,0
019034,D141,Credera Rubbiano,Credera Rubbiano,CREDERA RUBBIANO,Cremona,CR,019,CREMONA,Lombardia,03,LOMBARDIA,Nord-ovest,0
019035,D142,Crema,Crema,CREMA,Cremona,CR,019,CREMONA,Lombardia,03,LOMBARDIA,Nord-ovest,0
019036,D150,Cremona,Cremona,CREMONA,Cremona,CR,019,CREMONA,Lombardia,03,LOMBARDIA,Nord-ovest,1
019037,D151,Cremosano,Cremosano,CREMOSANO,Cremona,CR,019,CREMONA,Lombardia,03,LOMBARDIA,Nord-ovest,0
019038,D186,Crotta d'Adda,Crotta d'Adda,CROTTA D ADDA,Cremona,CR,019,CREMONA,Lombardia,03,LOMBARDIA,Nord-ovest,0
019039,D203,Cumignano sul Naviglio,Cumignano sul Naviglio,CUMIGNANO SUL NAVIGLIO,Cremona,CR,019,CREMONA,Lombardia,03,LOMBARDIA,Nord-ovest,0
019040,D278,Derovere,Derovere,DEROVERE,Cremona,CR,019,CREMONA,Lombardia,03,LOMBARDIA,Nord-ovest,0
019041,D358,Dovera,Dovera,DOVERA,Cremona,CR,019,CREMONA,Lombardia,03,LOMBARDIA,Nord-ovest,0
019043,D574,Fiesco,Fiesco,FIESCO,Cremona,CR,019,CREMONA,Lombardia,03,LOMBARDIA,Nord-ovest,0
019044,D710,Formigara,Formigara,FORMIGARA,Cremona,CR,019,CREMONA,Lombardia,03,LOMBARDIA,Nord-ovest,0
019045,D834,Gabbioneta-Binanuova,Gabbioneta-Binanuova,GABBIONETA BINANUOVA,Cremona,CR,019,CREMONA,Lombardia,03,LOMBARDIA,Nord-ovest,0
019046,D841,Gadesco-Pieve Delmona,Gadesco-Pieve Delmona,GADESCO PIEVE DELMONA,Cremona,CR,019,CREMONA,Lombardia,03,LOMBARDIA,Nord-ovest,0
019047,D966,Genivolta,Genivolta,GENIVOLTA,Cremona,CR,019,CREMONA,Lombardia,03,LOMBARDIA,Nord-ovest,0
019048,D993,Gerre de' Caprioli,Gerre de' Caprioli,GERRE DE CAPRIOLI,Cremona,CR,019,CREMONA,Lombardia,03,LOMBARDIA,Nord-ovest,0
019049,E082,Gombito,Gombito,GOMBITO,Cremona,CR,019,CREMONA,Lombardia,03,LOMBARDIA,Nord-ovest,0
019050,E193,Grontardo,Grontardo,GRONTARDO,Cremona,CR,019,CREMONA,Lombardia,03,LOMBARDIA,Nord-ovest,0
019051,E217,Grumello Cremonese ed Uniti,Grumello Cremonese ed Uniti,GRUMELLO CREMONESE ED UNITI,Cremona,CR,019,CREMONA,Lombardia,03,LOMBARDIA,Nord-ovest,0
019052,E272,Gussola,Gussola,GUSSOLA,Cremona,CR,019,CREMONA,Lombardia,03,LOMBARDIA,Nord-ovest,0
019053,E356,Isola Dovarese,Isola Dovarese,ISOLA DOVARESE,Cremona,CR,019,CREMONA,Lombardia,03,LOMBARDIA,Nord-ovest,0
019054,E380,Izano,Izano,IZANO,Cremona,CR,019,CREMONA,Lombardia,03,LOMBARDIA,Nord-ovest,0
019055,E793,Madignano,Madignano,MADIGNANO,Cremona,CR,019,CREMONA,Lombardia,03,LOMBARDIA,Nord-ovest,0
019056,E843,Malagnino,Malagnino,MALAGNINO,Cremona,CR,019,CREMONA,Lombardia,03,LOMBARDIA,Nord-ovest,0
019057,E983,Martignana di Po,Martignana di Po,MARTIGNANA DI PO,Cremona,CR,019,CREMONA,Lombardia,03,LOMBARDIA,Nord-ovest,0
019058,F434,Monte Cremasco,Monte Cremasco,MONTE CREMASCO,Cremona,CR,019,CREMONA,Lombardia,03,LOMBARDIA,Nord-ovest,0
019059,F681,Montodine,Montodine,MONTODINE,Cremona,CR,019,CREMONA,Lombardia,03,LOMBARDIA,Nord-ovest,0
019060,F761,Moscazzano,Moscazzano,MOSCAZZANO,Cremona,CR,019,CREMONA,Lombardia,03,LOMBARDIA,Nord-ovest,0
019061,F771,Motta Baluffi,Motta Baluffi,MOTTA BALUFFI,Cremona,CR,019,CREMONA,Lombardia,03,LOMBARDIA,Nord-ovest,0
019062,G004,Offanengo,Offanengo,OFFANENGO,Cremona,CR,019,CREMONA,Lombardia,03,LOMBARDIA,Nord-ovest,0
019063,G047,Olmeneta,Olmeneta,OLMENETA,Cremona,CR,019,CREMONA,Lombardia,03,LOMBARDIA,Nord-ovest,0
019064,G185,Ostiano,Ostiano,OSTIANO,Cremona,CR,019,CREMONA,Lombardia,03,LOMBARDIA,Nord-ovest,0
019065,G222,Paderno Ponchielli,Paderno Ponchielli,PADERNO PONCHIELLI,Cremona,CR,019,CREMONA,Lombardia,03,LOMBARDIA,Nord-ovest,0
019066,G260,Palazzo Pignano,Palazzo Pignano,PALAZZO PIGNANO,Cremona,CR,019,CREMONA,Lombardia,03,LOMBARDIA,Nord-ovest,0
019067,G306,Pandino,Pandino,PANDINO,Cremona,CR,019,CREMONA,Lombardia,03,LOMBARDIA,Nord-ovest,0
019068,G469,Persico Dosimo,Persico Dosimo,PERSICO DOSIMO,Cremona,CR,019,CREMONA,Lombardia,03,LOMBARDIA,Nord-ovest,0
019069,G483,Pescarolo ed Uniti,Pescarolo ed Uniti,PESCAROLO ED UNITI,Cremona,CR,019,CREMONA,Lombardia,03,LOMBARDIA,Nord-ovest,0
019070,G504,Pessina Cremonese,Pessina Cremonese,PESSINA CREMONESE,Cremona,CR,019,CREMONA,Lombardia,03,LOMBARDIA,Nord-ovest,0
019116,M418,Piadena Drizzona,Piadena Drizzona,PIADENA DRIZZONA,Cremona,CR,019,CREMONA,Lombardia,03,LOMBARDIA,Nord-ovest,0
019072,G558,Pianengo,Pianengo,PIANENGO,Cremona,CR,019,CREMONA,Lombardia,03,LOMBARDIA,Nord-ovest,0
019073,G603,Pieranica,Pieranica,PIERANICA,Cremona,CR,019,CREMONA,Lombardia,03,LOMBARDIA,Nord-ovest,0
019075,G651,Pieve San Giacomo,Pieve San Giacomo,PIEVE SAN GIACOMO,Cremona,CR,019,CREMONA,Lombardia,03,LOMBARDIA,Nord-ovest,0
019074,G647,Pieve d'Olmi,Pieve d'Olmi,PIEVE D OLMI,Cremona,CR,019,CREMONA,Lombardia,03,LOMBARDIA,Nord-ovest,0
019076,G721,Pizzighettone,Pizzighettone,PIZZIGHETTONE,Cremona,CR,019,CREMONA,Lombardia,03,LOMBARDIA,Nord-ovest,0
019077,B914,Pozzaglio ed Uniti,Pozzaglio ed Uniti,POZZAGLIO ED UNITI,Cremona,CR,019,CREMONA,Lombardia,03,LOMBARDIA,Nord-ovest,0
019078,H130,Quintano,Quintano,QUINTANO,Cremona,CR,019,CREMONA,Lombardia,03,LOMBARDIA,Nord-ovest,0
019079,H276,Ricengo,Ricengo,RICENGO,Cremona,CR,019,CREMONA,Lombardia,03,LOMBARDIA,Nord-ovest,0
019080,H314,Ripalta Arpina,Ripalta Arpina,RIPALTA ARPINA,Cremona,CR,019,CREMONA,Lombardia,03,LOMBARDIA,Nord-ovest,0
019081,H315,Ripalta Cremasca,Ripalta Cremasca,RIPALTA CREMASCA,Cremona,CR,019,CREMONA,Lombardia,03,LOMBARDIA,Nord-ovest,0
019082,H316,Ripalta Guerina,Ripalta Guerina,RIPALTA GUERINA,Cremona,CR,019,CREMONA,Lombardia,03,LOMBARDIA,Nord-ovest,0
019083,H341,Rivarolo del Re ed Uniti,Rivarolo del Re ed Uniti,RIVAROLO DEL RE ED UNITI,Cremona,CR,019,CREMONA,Lombardia,03,LOMBARDIA,Nord-ovest,0
019084,H357,Rivolta d'Adda,Rivolta d'Adda,RIVOLTA D ADDA,Cremona,CR,019,CREMONA,Lombardia,03,LOMBARDIA,Nord-ovest,0
019085,H372,Robecco d'Oglio,Robecco d'Oglio,ROBECCO D OGLIO,Cremona,CR,019,CREMONA,Lombardia,03,LOMBARDIA,Nord-ovest,0
019086,H508,Romanengo,Romanengo,ROMANENGO,Cremona,CR,019,CREMONA,Lombardia,03,LOMBARDIA,Nord-ovest,0
019087,H731,Salvirola,Salvirola,SALVIROLA,Cremona,CR,019,CREMONA,Lombardia,03,LOMBARDIA,Nord-ovest,0
019088,H767,San Bassano,San Bassano,SAN BASSANO,Cremona,CR,019,CREMONA,Lombardia,03,LOMBARDIA,Nord-ovest,0
019089,H815,San Daniele Po,San Daniele Po,SAN DANIELE PO,Cremona,CR,019,CREMONA,Lombardia,03,LOMBARDIA,Nord-ovest,0
019090,H918,San Giovanni in Croce,San Giovanni in Croce,SAN GIOVANNI IN CROCE,Cremona,CR,019,CREMONA,Lombardia,03,LOMBARDIA,Nord-ovest,0
019091,I007,San Martino del Lago,San Martino del Lago,SAN MARTINO DEL LAGO,Cremona,CR,019,CREMONA,Lombardia,03,LOMBARDIA,Nord-ovest,0
019092,I497,Scandolara Ravara,Scandolara Ravara,SCANDOLARA RAVARA,Cremona,CR,019,CREMONA,Lombardia,03,LOMBARDIA,Nord-ovest,0
019093,I498,Scandolara Ripa d'Oglio,Scandolara Ripa d'Oglio,SCANDOLARA RIPA D OGLIO,Cremona,CR,019,CREMONA,Lombardia,03,LOMBARDIA,Nord-ovest,0
019094,I627,Sergnano,Sergnano,SERGNANO,Cremona,CR,019,CREMONA,Lombardia,03,LOMBARDIA,Nord-ovest,0
019095,I683,Sesto ed Uniti,Sesto ed Uniti,SESTO ED UNITI,Cremona,CR,019,CREMONA,Lombardia,03,LOMBARDIA,Nord-ovest,0
019096,I790,Solarolo Rainerio,Solarolo Rainerio,SOLAROLO RAINERIO,Cremona,CR,019,CREMONA,Lombardia,03,LOMBARDIA,Nord-ovest,0
019097,I827,Soncino,Soncino,SONCINO,Cremona,CR,019,CREMONA,Lombardia,03,LOMBARDIA,Nord-ovest,0
019098,I849,Soresina,Soresina,SORESINA,Cremona,CR,019,CREMONA,Lombardia,03,LOMBARDIA,Nord-ovest,0
019099,I865,Sospiro,Sospiro,SOSPIRO,Cremona,CR,019,CREMONA,Lombardia,03,LOMBARDIA,Nord-ovest,0
019100,I906,Spinadesco,Spinadesco,SPINADESCO,Cremona,CR,019,CREMONA,Lombardia,03,LOMBARDIA,Nord-ovest,0
019101,I909,Spineda,Spineda,SPINEDA,Cremona,CR,019,CREMONA,Lombardia,03,LOMBARDIA,Nord-ovest,0
019102,I914,Spino d'Adda,Spino d'Adda,SPINO D ADDA,Cremona,CR,019,CREMONA,Lombardia,03,LOMBARDIA,Nord-ovest,0
019103,I935,Stagno Lombardo,Stagno Lombardo,STAGNO LOMBARDO,Cremona,CR,019,CREMONA,Lombardia,03,LOMBARDIA,Nord-ovest,0
019104,L164,Ticengo,Ticengo,TICENGO,Cremona,CR,019,CREMONA,Lombardia,03,LOMBARDIA,Nord-ovest,0
019105,L221,Torlino Vimercati,Torlino Vimercati,TORLINO VIMERCATI,Cremona,CR,019,CREMONA,Lombardia,03,LOMBARDIA,Nord-ovest,0
019106,L225,Tornata,Tornata,TORNATA,Cremona,CR,019,CREMONA,Lombardia,03,LOMBARDIA,Nord-ovest,0
019107,L258,Torre de' Picenardi,Torre de' Picenardi,TORRE DE PICENARDI,Cremona,CR,019,CREMONA,Lombardia,03,LOMBARDIA,Nord-ovest,0
019108,L296,Torricella del Pizzo,Torricella del Pizzo,TORRICELLA DEL PIZZO,Cremona,CR,019,CREMONA,Lombardia,03,LOMBARDIA,Nord-ovest,0
019109,L389,Trescore Cremasco,Trescore Cremasco,TRESCORE CREMASCO,Cremona,CR,019,CREMONA,Lombardia,03,LOMBARDIA,Nord-ovest,0
019110,L426,Trigolo,Trigolo,TRIGOLO,Cremona,CR,019,CREMONA,Lombardia,03,LOMBARDIA,Nord-ovest,0
019111,L535,Vaiano Cremasco,Vaiano Cremasco,VAIANO CREMASCO,Cremona,CR,019,CREMONA,Lombardia,03,LOMBARDIA,Nord-ovest,0
019112,L539,Vailate,Vailate,VAILATE,Cremona,CR,019,CREMONA,Lombardia,03,LOMBARDIA,Nord-ovest,0
019113,L806,Vescovato,Vescovato,VESCOVATO,Cremona,CR,019,CREMONA,Lombardia,03,LOMBARDIA,Nord-ovest,0
019114,M116,Volongo,Volongo,VOLONGO,Cremona,CR,019,CREMONA,Lombardia,03,LOMBARDIA,Nord-ovest,0
019115,M127,Voltido,Voltido,VOLTIDO,Cremona,CR,019,CREMONA,Lombardia,03,LOMBARDIA,Nord-ovest,0
097001,A005,Abbadia Lariana,Abbadia Lariana,ABBADIA LARIANA,Lecco,LC,097,LECCO,Lombardia,03,LOMBARDIA,Nord-ovest,0
097002,A112,Airuno,Airuno,AIRUNO,Lecco,LC,097,LECCO,Lombardia,03,LOMBARDIA,Nord-ovest,0
097003,A301,Annone di Brianza,Annone di Brianza,ANNONE DI BRIANZA,Lecco,LC,097,LECCO,Lombardia,03,LOMBARDIA,Nord-ovest,0
097004,A594,Ballabio,Ballabio,BALLABIO,Lecco,LC,097,LECCO,Lombardia,03,LOMBARDIA,Nord-ovest,0
097005,A683,Barzago,Barzago,BARZAGO,Lecco,LC,097,LECCO,Lombardia,03,LOMBARDIA,Nord-ovest,0
097006,A686,Barzanò,Barzanò,BARZANO,Lecco,LC,097,LECCO,Lombardia,03,LOMBARDIA,Nord-ovest,0
097007,A687,Barzio,Barzio,BARZIO,Lecco,LC,097,LECCO,Lombardia,03,LOMBARDIA,Nord-ovest,0
097008,A745,Bellano,Bellano,BELLANO,Lecco,LC,097,LECCO,Lombardia,03,LOMBARDIA,Nord-ovest,0
097009,B081,Bosisio Parini,Bosisio Parini,BOSISIO PARINI,Lecco,LC,097,LECCO,Lombardia,03,LOMBARDIA,Nord-ovest,0
097010,B194,Brivio,Brivio,BRIVIO,Lecco,LC,097,LECCO,Lombardia,03,LOMBARDIA,Nord-ovest,0
097011,B261,Bulciago,Bulciago,BULCIAGO,Lecco,LC,097,LECCO,Lombardia,03,LOMBARDIA,Nord-ovest,0
097012,B396,Calco,Calco,CALCO,Lecco,LC,097,LECCO,Lombardia,03,LOMBARDIA,Nord-ovest,0
097013,B423,Calolziocorte,Calolziocorte,CALOLZIOCORTE,Lecco,LC,097,LECCO,Lombardia,03,LOMBARDIA,Nord-ovest,0
097014,B763,Carenno,Carenno,CARENNO,Lecco,LC,097,LECCO,Lombardia,03,LOMBARDIA,Nord-ovest,0
097015,B937,Casargo,Casargo,CASARGO,Lecco,LC,097,LECCO,Lombardia,03,LOMBARDIA,Nord-ovest,0
097016,B943,Casatenovo,Casatenovo,CASATENOVO,Lecco,LC,097,LECCO,Lombardia,03,LOMBARDIA,Nord-ovest,0
097017,B996,Cassago Brianza,Cassago Brianza,CASSAGO BRIANZA,Lecco,LC,097,LECCO,Lombardia,03,LOMBARDIA,Nord-ovest,0
097018,C024,Cassina Valsassina,Cassina Valsassina,CASSINA VALSASSINA,Lecco,LC,097,LECCO,Lombardia,03,LOMBARDIA,Nord-ovest,0
097019,C187,Castello di Brianza,Castello di Brianza,CASTELLO DI BRIANZA,Lecco,LC,097,LECCO,Lombardia,03,LOMBARDIA,Nord-ovest,0
097020,C521,Cernusco Lombardone,Cernusco Lombardone,CERNUSCO LOMBARDONE,Lecco,LC,097,LECCO,Lombardia,03,LOMBARDIA,Nord-ovest,0
097021,C563,Cesana Brianza,Cesana Brianza,CESANA BRIANZA,Lecco,LC,097,LECCO,Lombardia,03,LOMBARDIA,Nord-ovest,0
097022,C752,Civate,Civate,CIVATE,Lecco,LC,097,LECCO,Lombardia,03,LOMBARDIA,Nord-ovest,0
097023,C839,Colico,Colico,COLICO,Lecco,LC,097,LECCO,Lombardia,03,LOMBARDIA,Nord-ovest,0
097024,C851,Colle Brianza,Colle Brianza,COLLE BRIANZA,Lecco,LC,097,LECCO,Lombardia,03,LOMBARDIA,Nord-ovest,0
097025,D065,Cortenova,Cortenova,CORTENOVA,Lecco,LC,097,LECCO,Lombardia,03,LOMBARDIA,Nord-ovest,0
097026,D112,Costa Masnaga,Costa Masnaga,COSTA MASNAGA,Lecco,LC,097,LECCO,Lombardia,03,LOMBARDIA,Nord-ovest,0
097027,D131,Crandola Valsassina,Crandola Valsassina,CRANDOLA VALSASSINA,Lecco,LC,097,LECCO,Lombardia,03,LOMBARDIA,Nord-ovest,0
097028,D143,Cremella,Cremella,CREMELLA,Lecco,LC,097,LECCO,Lombardia,03,LOMBARDIA,Nord-ovest,0
097029,D145,Cremeno,Cremeno,CREMENO,Lecco,LC,097,LECCO,Lombardia,03,LOMBARDIA,Nord-ovest,0
097030,D280,Dervio,Dervio,DERVIO,Lecco,LC,097,LECCO,Lombardia,03,LOMBARDIA,Nord-ovest,0
097031,D327,Dolzago,Dolzago,DOLZAGO,Lecco,LC,097,LECCO,Lombardia,03,LOMBARDIA,Nord-ovest,0
097032,D346,Dorio,Dorio,DORIO,Lecco,LC,097,LECCO,Lombardia,03,LOMBARDIA,Nord-ovest,0
097033,D398,Ello,Ello,ELLO,Lecco,LC,097,LECCO,Lombardia,03,LOMBARDIA,Nord-ovest,0
097034,D428,Erve,Erve,ERVE,Lecco,LC,097,LECCO,Lombardia,03,LOMBARDIA,Nord-ovest,0
097035,D436,Esino Lario,Esino Lario,ESINO LARIO,Lecco,LC,097,LECCO,Lombardia,03,LOMBARDIA,Nord-ovest,0
097036,D865,Galbiate,Galbiate,GALBIATE,Lecco,LC,097,LECCO,Lombardia,03,LOMBARDIA,Nord-ovest,0
097037,D913,Garbagnate Monastero,Garbagnate Monastero,GARBAGNATE MONASTERO,Lecco,LC,097,LECCO,Lombardia,03,LOMBARDIA,Nord-ovest,0
097038,D926,Garlate,Garlate,GARLATE,Lecco,LC,097,LECCO,Lombardia,03,LOMBARDIA,Nord-ovest,0
097039,E287,Imbersago,Imbersago,IMBERSAGO,Lecco,LC,097,LECCO,Lombardia,03,LOMBARDIA,Nord-ovest,0
097040,E305,Introbio,Introbio,INTROBIO,Lecco,LC,097,LECCO,Lombardia,03,LOMBARDIA,Nord-ovest,0
097092,M348,La Valletta Brianza,La Valletta Brianza,LA VALLETTA BRIANZA,Lecco,LC,097,LECCO,Lombardia,03,LOMBARDIA,Nord-ovest,0
097042,E507,Lecco,Lecco,LECCO,Lecco,LC,097,LECCO,Lombardia,03,LOMBARDIA,Nord-ovest,1
097043,E581,Lierna,Lierna,LIERNA,Lecco,LC,097,LECCO,Lombardia,03,LOMBARDIA,Nord-ovest,0
097044,E656,Lomagna,Lomagna,LOMAGNA,Lecco,LC,097,LECCO,Lombardia,03,LOMBARDIA,Nord-ovest,0
097045,E858,Malgrate,Malgrate,MALGRATE,Lecco,LC,097,LECCO,Lombardia,03,LOMBARDIA,Nord-ovest,0
097046,E879,Mandello del Lario,Mandello del Lario,MANDELLO DEL LARIO,Lecco,LC,097,LECCO,Lombardia,03,LOMBARDIA,Nord-ovest,0
097047,E947,Margno,Margno,MARGNO,Lecco,LC,097,LECCO,Lombardia,03,LOMBARDIA,Nord-ovest,0
097048,F133,Merate,Merate,MERATE,Lecco,LC,097,LECCO,Lombardia,03,LOMBARDIA,Nord-ovest,0
097049,F248,Missaglia,Missaglia,MISSAGLIA,Lecco,LC,097,LECCO,Lombardia,03,LOMBARDIA,Nord-ovest,0
097050,F265,Moggio,Moggio,MOGGIO,Lecco,LC,097,LECCO,Lombardia,03,LOMBARDIA,Nord-ovest,0
097051,F304,Molteno,Molteno,MOLTENO,Lecco,LC,097,LECCO,Lombardia,03,LOMBARDIA,Nord-ovest,0
097052,F561,Monte Marenzo,Monte Marenzo,MONTE MARENZO,Lecco,LC,097,LECCO,Lombardia,03,LOMBARDIA,Nord-ovest,0
097053,F657,Montevecchia,Montevecchia,MONTEVECCHIA,Lecco,LC,097,LECCO,Lombardia,03,LOMBARDIA,Nord-ovest,0
097054,F674,Monticello Brianza,Monticello Brianza,MONTICELLO BRIANZA,Lecco,LC,097,LECCO,Lombardia,03,LOMBARDIA,Nord-ovest,0
097055,F758,Morterone,Morterone,MORTERONE,Lecco,LC,097,LECCO,Lombardia,03,LOMBARDIA,Nord-ovest,0
097056,F887,Nibionno,Nibionno,NIBIONNO,Lecco,LC,097,LECCO,Lombardia,03,LOMBARDIA,Nord-ovest,0
097057,G009,Oggiono,Oggiono,OGGIONO,Lecco,LC,097,LECCO,Lombardia,03,LOMBARDIA,Nord-ovest,0
097058,G026,Olgiate Molgora,Olgiate Molgora,OLGIATE MOLGORA,Lecco,LC,097,LECCO,Lombardia,03,LOMBARDIA,Nord-ovest,0
097059,G030,Olginate,Olginate,OLGINATE,Lecco,LC,097,LECCO,Lombardia,03,LOMBARDIA,Nord-ovest,0
097060,G040,Oliveto Lario,Oliveto Lario,OLIVETO LARIO,Lecco,LC,097,LECCO,Lombardia,03,LOMBARDIA,Nord-ovest,0
097061,G161,Osnago,Osnago,OSNAGO,Lecco,LC,097,LECCO,Lombardia,03,LOMBARDIA,Nord-ovest,0
097062,G218,Paderno d'Adda,Paderno d'Adda,PADERNO D ADDA,Lecco,LC,097,LECCO,Lombardia,03,LOMBARDIA,Nord-ovest,0
097063,G241,Pagnona,Pagnona,PAGNONA,Lecco,LC,097,LECCO,Lombardia,03,LOMBARDIA,Nord-ovest,0
097064,G336,Parlasco,Parlasco,PARLASCO,Lecco,LC,097,LECCO,Lombardia,03,LOMBARDIA,Nord-ovest,0
097065,G368,Pasturo,Pasturo,PASTURO,Lecco,LC,097,LECCO,Lombardia,03,LOMBARDIA,Nord-ovest,0
097067,G456,Perledo,Perledo,PERLEDO,Lecco,LC,097,LECCO,Lombardia,03,LOMBARDIA,Nord-ovest,0
097068,G485,Pescate,Pescate,PESCATE,Lecco,LC,097,LECCO,Lombardia,03,LOMBARDIA,Nord-ovest,0
097069,H028,Premana,Premana,PREMANA,Lecco,LC,097,LECCO,Lombardia,03,LOMBARDIA,Nord-ovest,0
097070,H063,Primaluna,Primaluna,PRIMALUNA,Lecco,LC,097,LECCO,Lombardia,03,LOMBARDIA,Nord-ovest,0
097071,G223,Robbiate,Robbiate,ROBBIATE,Lecco,LC,097,LECCO,Lombardia,03,LOMBARDIA,Nord-ovest,0
097072,H486,Rogeno,Rogeno,ROGENO,Lecco,LC,097,LECCO,Lombardia,03,LOMBARDIA,Nord-ovest,0
097074,I243,Santa Maria Hoè,Santa Maria Hoè,SANTA MARIA HOE,Lecco,LC,097,LECCO,Lombardia,03,LOMBARDIA,Nord-ovest,0
097075,I759,Sirone,Sirone,SIRONE,Lecco,LC,097,LECCO,Lombardia,03,LOMBARDIA,Nord-ovest,0
097076,I761,Sirtori,Sirtori,SIRTORI,Lecco,LC,097,LECCO,Lombardia,03,LOMBARDIA,Nord-ovest,0
097077,I994,Sueglio,Sueglio,SUEGLIO,Lecco,LC,097,LECCO,Lombardia,03,LOMBARDIA,Nord-ovest,0
097078,I996,Suello,Suello,SUELLO,Lecco,LC,097,LECCO,Lombardia,03,LOMBARDIA,Nord-ovest,0
097079,L022,Taceno,Taceno,TACENO,Lecco,LC,097,LECCO,Lombardia,03,LOMBARDIA,Nord-ovest,0
097082,L581,Valgreghentino,Valgreghentino,VALGREGHENTINO,Lecco,LC,097,LECCO,Lombardia,03,LOMBARDIA,Nord-ovest,0
097083,L634,Valmadrera,Valmadrera,VALMADRERA,Lecco,LC,097,LECCO,Lombardia,03,LOMBARDIA,Nord-ovest,0
097093,M395,Valvarrone,Valvarrone,VALVARRONE,Lecco,LC,097,LECCO,Lombardia,03,LOMBARDIA,Nord-ovest,0
097084,L680,Varenna,Varenna,VARENNA,Lecco,LC,097,LECCO,Lombardia,03,LOMBARDIA,Nord-ovest,0
097086,L751,Vercurago,Vercurago,VERCURAGO,Lecco,LC,097,LECCO,Lombardia,03,LOMBARDIA,Nord-ovest,0
097091,M337,Verderio,Verderio,VERDERIO,Lecco,LC,097,LECCO,Lombardia,03,LOMBARDIA,Nord-ovest,0
097090,L866,Viganò,Viganò,VIGANO,Lecco,LC,097,LECCO,Lombardia,03,LOMBARDIA,Nord-ovest,0
098001,A004,Abbadia Cerreto,Abbadia Cerreto,ABBADIA CERRETO,Lodi,LO,098,LODI,Lombardia,03,LOMBARDIA,Nord-ovest,0
098002,A811,Bertonico,Bertonico,BERTONICO,Lodi,LO,098,LODI,Lombardia,03,LOMBARDIA,Nord-ovest,0
098003,A919,Boffalora d'Adda,Boffalora d'Adda,BOFFALORA D ADDA,Lodi,LO,098,LODI,Lombardia,03,LOMBARDIA,Nord-ovest,0
098004,A995,Borghetto Lodigiano,Borghetto Lodigiano,BORGHETTO LODIGIANO,Lodi,LO,098,LODI,Lombardia,03,LOMBARDIA,Nord-ovest,0
098005,B017,Borgo San Giovanni,Borgo San Giovanni,BORGO SAN GIOVANNI,Lodi,LO,098,LODI,Lombardia,03,LOMBARDIA,Nord-ovest,0
098006,B141,Brembio,Brembio,BREMBIO,Lodi,LO,098,LODI,Lombardia,03,LOMBARDIA,Nord-ovest,0
098008,B887,Casaletto Lodigiano,Casaletto Lodigiano,CASALETTO LODIGIANO,Lodi,LO,098,LODI,Lombardia,03,LOMBARDIA,Nord-ovest,0
098009,B899,Casalmaiocco,Casalmaiocco,CASALMAIOCCO,Lodi,LO,098,LODI,Lombardia,03,LOMBARDIA,Nord-ovest,0
098010,B910,Casalpusterlengo,Casalpusterlengo,CASALPUSTERLENGO,Lodi,LO,098,LODI,Lombardia,03,LOMBARDIA,Nord-ovest,0
098011,B961,Caselle Landi,Caselle Landi,CASELLE LANDI,Lodi,LO,098,LODI,Lombardia,03,LOMBARDIA,Nord-ovest,0
098012,B958,Caselle Lurani,Caselle Lurani,CASELLE LURANI,Lodi,LO,098,LODI,Lombardia,03,LOMBARDIA,Nord-ovest,0
098062,M393,Castelgerundo,Castelgerundo,CASTELGERUNDO,Lodi,LO,098,LODI,Lombardia,03,LOMBARDIA,Nord-ovest,0
098013,C228,Castelnuovo Bocca d'Adda,Castelnuovo Bocca d'Adda,CASTELNUOVO BOCCA D ADDA,Lodi,LO,098,LODI,Lombardia,03,LOMBARDIA,Nord-ovest,0
098014,C304,Castiglione d'Adda,Castiglione d'Adda,CASTIGLIONE D ADDA,Lodi,LO,098,LODI,Lombardia,03,LOMBARDIA,Nord-ovest,0
098015,C329,Castiraga Vidardo,Castiraga Vidardo,CASTIRAGA VIDARDO,Lodi,LO,098,LODI,Lombardia,03,LOMBARDIA,Nord-ovest,0
098017,C394,Cavenago d'Adda,Cavenago d'Adda,CAVENAGO D ADDA,Lodi,LO,098,LODI,Lombardia,03,LOMBARDIA,Nord-ovest,0
098018,C555,Cervignano d'Adda,Cervignano d'Adda,CERVIGNANO D ADDA,Lodi,LO,098,LODI,Lombardia,03,LOMBARDIA,Nord-ovest,0
098019,C816,Codogno,Codogno,CODOGNO,Lodi,LO,098,LODI,Lombardia,03,LOMBARDIA,Nord-ovest,0
098020,C917,Comazzo,Comazzo,COMAZZO,Lodi,LO,098,LODI,Lombardia,03,LOMBARDIA,Nord-ovest,0
098021,D021,Cornegliano Laudense,Cornegliano Laudense,CORNEGLIANO LAUDENSE,Lodi,LO,098,LODI,Lombardia,03,LOMBARDIA,Nord-ovest,0
098022,D028,Corno Giovine,Corno Giovine,CORNO GIOVINE,Lodi,LO,098,LODI,Lombardia,03,LOMBARDIA,Nord-ovest,0
098023,D029,Cornovecchio,Cornovecchio,CORNOVECCHIO,Lodi,LO,098,LODI,Lombardia,03,LOMBARDIA,Nord-ovest,0
098024,D068,Corte Palasio,Corte Palasio,CORTE PALASIO,Lodi,LO,098,LODI,Lombardia,03,LOMBARDIA,Nord-ovest,0
098025,D159,Crespiatica,Crespiatica,CRESPIATICA,Lodi,LO,098,LODI,Lombardia,03,LOMBARDIA,Nord-ovest,0
098026,D660,Fombio,Fombio,FOMBIO,Lodi,LO,098,LODI,Lombardia,03,LOMBARDIA,Nord-ovest,0
098027,D868,Galgagnano,Galgagnano,GALGAGNANO,Lodi,LO,098,LODI,Lombardia,03,LOMBARDIA,Nord-ovest,0
098028,E127,Graffignana,Graffignana,GRAFFIGNANA,Lodi,LO,098,LODI,Lombardia,03,LOMBARDIA,Nord-ovest,0
098029,E238,Guardamiglio,Guardamiglio,GUARDAMIGLIO,Lodi,LO,098,LODI,Lombardia,03,LOMBARDIA,Nord-ovest,0
098030,E627,Livraga,Livraga,LIVRAGA,Lodi,LO,098,LODI,Lombardia,03,LOMBARDIA,Nord-ovest,0
098031,E648,Lodi,Lodi,LODI,Lodi,LO,098,LODI,Lombardia,03,LOMBARDIA,Nord-ovest,1
098032,E651,Lodi Vecchio,Lodi Vecchio,LODI VECCHIO,Lodi,LO,098,LODI,Lombardia,03,LOMBARDIA,Nord-ovest,0
098033,E777,Maccastorna,Maccastorna,MACCASTORNA,Lodi,LO,098,LODI,Lombardia,03,LOMBARDIA,Nord-ovest,0
098034,E840,Mairago,Mairago,MAIRAGO,Lodi,LO,098,LODI,Lombardia,03,LOMBARDIA,Nord-ovest,0
098035,E852,Maleo,Maleo,MALEO,Lodi,LO,098,LODI,Lombardia,03,LOMBARDIA,Nord-ovest,0
098036,E994,Marudo,Marudo,MARUDO,Lodi,LO,098,LODI,Lombardia,03,LOMBARDIA,Nord-ovest,0
098037,F028,Massalengo,Massalengo,MASSALENGO,Lodi,LO,098,LODI,Lombardia,03,LOMBARDIA,Nord-ovest,0
098038,F102,Meleti,Meleti,MELETI,Lodi,LO,098,LODI,Lombardia,03,LOMBARDIA,Nord-ovest,0
098039,F149,Merlino,Merlino,MERLINO,Lodi,LO,098,LODI,Lombardia,03,LOMBARDIA,Nord-ovest,0
098040,F423,Montanaso Lombardo,Montanaso Lombardo,MONTANASO LOMBARDO,Lodi,LO,098,LODI,Lombardia,03,LOMBARDIA,Nord-ovest,0
098041,F801,Mulazzano,Mulazzano,MULAZZANO,Lodi,LO,098,LODI,Lombardia,03,LOMBARDIA,Nord-ovest,0
098042,G107,Orio Litta,Orio Litta,ORIO LITTA,Lodi,LO,098,LODI,Lombardia,03,LOMBARDIA,Nord-ovest,0
098043,G166,Ospedaletto Lodigiano,Ospedaletto Lodigiano,OSPEDALETTO LODIGIANO,Lodi,LO,098,LODI,Lombardia,03,LOMBARDIA,Nord-ovest,0
098044,G171,Ossago Lodigiano,Ossago Lodigiano,OSSAGO LODIGIANO,Lodi,LO,098,LODI,Lombardia,03,LOMBARDIA,Nord-ovest,0
098045,G096,Pieve Fissiraga,Pieve Fissiraga,PIEVE FISSIRAGA,Lodi,LO,098,LODI,Lombardia,03,LOMBARDIA,Nord-ovest,0
098046,H701,Salerano sul Lambro,Salerano sul Lambro,SALERANO SUL LAMBRO,Lodi,LO,098,LODI,Lombardia,03,LOMBARDIA,Nord-ovest,0
098047,H844,San Fiorano,San Fiorano,SAN FIORANO,Lodi,LO,098,LODI,Lombardia,03,LOMBARDIA,Nord-ovest,0
098048,I012,San Martino in Strada,San Martino in Strada,SAN MARTINO IN STRADA,Lodi,LO,098,LODI,Lombardia,03,LOMBARDIA,Nord-ovest,0
098049,I140,San Rocco al Porto,San Rocco al Porto,SAN ROCCO AL PORTO,Lodi,LO,098,LODI,Lombardia,03,LOMBARDIA,Nord-ovest,0
098050,I274,Sant'Angelo Lodigiano,Sant'Angelo Lodigiano,SANT ANGELO LODIGIANO,Lodi,LO,098,LODI,Lombardia,03,LOMBARDIA,Nord-ovest,0
098051,I362,Santo Stefano Lodigiano,Santo Stefano Lodigiano,SANTO STEFANO LODIGIANO,Lodi,LO,098,LODI,Lombardia,03,LOMBARDIA,Nord-ovest,0
098052,I561,Secugnago,Secugnago,SECUGNAGO,Lodi,LO,098,LODI,Lombardia,03,LOMBARDIA,Nord-ovest,0
098053,I612,Senna Lodigiana,Senna Lodigiana,SENNA LODIGIANA,Lodi,LO,098,LODI,Lombardia,03,LOMBARDIA,Nord-ovest,0
098054,I815,Somaglia,Somaglia,SOMAGLIA,Lodi,LO,098,LODI,Lombardia,03,LOMBARDIA,Nord-ovest,0
098055,I848,Sordio,Sordio,SORDIO,Lodi,LO,098,LODI,Lombardia,03,LOMBARDIA,Nord-ovest,0
098056,F260,Tavazzano con Villavesco,Tavazzano con Villavesco,TAVAZZANO CON VILLAVESCO,Lodi,LO,098,LODI,Lombardia,03,LOMBARDIA,Nord-ovest,0
098057,L125,Terranova dei Passerini,Terranova dei Passerini,TERRANOVA DEI PASSERINI,Lodi,LO,098,LODI,Lombardia,03,LOMBARDIA,Nord-ovest,0
098058,L469,Turano Lodigiano,Turano Lodigiano,TURANO LODIGIANO,Lodi,LO,098,LODI,Lombardia,03,LOMBARDIA,Nord-ovest,0
098059,L572,Valera Fratta,Valera Fratta,VALERA FRATTA,Lodi,LO,098,LODI,Lombardia,03,LOMBARDIA,Nord-ovest,0
098060,L977,Villanova del Sillaro,Villanova del Sillaro,VILLANOVA DEL SILLARO,Lodi,LO,098,LODI,Lombardia,03,LOMBARDIA,Nord-ovest,0
098061,M158,Zelo Buon Persico,Zelo Buon Persico,ZELO BUON PERSICO,Lodi,LO,098,LODI,Lombardia,03,LOMBARDIA,Nord-ovest,0
020001,A038,Acquanegra sul Chiese,Acquanegra sul Chiese,ACQUANEGRA SUL CHIESE,Mantova,MN,020,MANTOVA,Lombardia,03,LOMBARDIA,Nord-ovest,0
020002,A470,Asola,Asola,ASOLA,Mantova,MN,020,MANTOVA,Lombardia,03,LOMBARDIA,Nord-ovest,0
020003,A575,Bagnolo San Vito,Bagnolo San Vito,BAGNOLO SAN VITO,Mantova,MN,020,MANTOVA,Lombardia,03,LOMBARDIA,Nord-ovest,0
020072,M396,Borgo Mantovano,Borgo Mantovano,BORGO MANTOVANO,Mantova,MN,020,MANTOVA,Lombardia,03,LOMBARDIA,Nord-ovest,0
020071,M340,Borgo Virgilio,Borgo Virgilio,BORGO VIRGILIO,Mantova,MN,020,MANTOVA,Lombardia,03,LOMBARDIA,Nord-ovest,0
020073,M406,Borgocarbonara,Borgocarbonara,BORGOCARBONARA,Mantova,MN,020,MANTOVA,Lombardia,03,LOMBARDIA,Nord-ovest,0
020007,B110,Bozzolo,Bozzolo,BOZZOLO,Mantova,MN,020,MANTOVA,Lombardia,03,LOMBARDIA,Nord-ovest,0
020008,B612,Canneto sull'Oglio,Canneto sull'Oglio,CANNETO SULL OGLIO,Mantova,MN,020,MANTOVA,Lombardia,03,LOMBARDIA,Nord-ovest,0
020010,B901,Casalmoro,Casalmoro,CASALMORO,Mantova,MN,020,MANTOVA,Lombardia,03,LOMBARDIA,Nord-ovest,0
020011,B907,Casaloldo,Casaloldo,CASALOLDO,Mantova,MN,020,MANTOVA,Lombardia,03,LOMBARDIA,Nord-ovest,0
020012,B911,Casalromano,Casalromano,CASALROMANO,Mantova,MN,020,MANTOVA,Lombardia,03,LOMBARDIA,Nord-ovest,0
020015,C118,Castel Goffredo,Castel Goffredo,CASTEL GOFFREDO,Mantova,MN,020,MANTOVA,Lombardia,03,LOMBARDIA,Nord-ovest,0
020014,C076,Castel d'Ario,Castel d'Ario,CASTEL D ARIO,Mantova,MN,020,MANTOVA,Lombardia,03,LOMBARDIA,Nord-ovest,0
020013,C059,Castelbelforte,Castelbelforte,CASTELBELFORTE,Mantova,MN,020,MANTOVA,Lombardia,03,LOMBARDIA,Nord-ovest,0
020016,C195,Castellucchio,Castellucchio,CASTELLUCCHIO,Mantova,MN,020,MANTOVA,Lombardia,03,LOMBARDIA,Nord-ovest,0
020017,C312,Castiglione delle Stiviere,Castiglione delle Stiviere,CASTIGLIONE DELLE STIVIERE,Mantova,MN,020,MANTOVA,Lombardia,03,LOMBARDIA,Nord-ovest,0
020018,C406,Cavriana,Cavriana,CAVRIANA,Mantova,MN,020,MANTOVA,Lombardia,03,LOMBARDIA,Nord-ovest,0
020019,C502,Ceresara,Ceresara,CERESARA,Mantova,MN,020,MANTOVA,Lombardia,03,LOMBARDIA,Nord-ovest,0
020020,C930,Commessaggio,Commessaggio,COMMESSAGGIO,Mantova,MN,020,MANTOVA,Lombardia,03,LOMBARDIA,Nord-ovest,0
020021,D227,Curtatone,Curtatone,CURTATONE,Mantova,MN,020,MANTOVA,Lombardia,03,LOMBARDIA,Nord-ovest,0
020022,D351,Dosolo,Dosolo,DOSOLO,Mantova,MN,020,MANTOVA,Lombardia,03,LOMBARDIA,Nord-ovest,0
020024,D949,Gazoldo degli Ippoliti,Gazoldo degli Ippoliti,GAZOLDO DEGLI IPPOLITI,Mantova,MN,020,MANTOVA,Lombardia,03,LOMBARDIA,Nord-ovest,0
020025,D959,Gazzuolo,Gazzuolo,GAZZUOLO,Mantova,MN,020,MANTOVA,Lombardia,03,LOMBARDIA,Nord-ovest,0
020026,E078,Goito,Goito,GOITO,Mantova,MN,020,MANTOVA,Lombardia,03,LOMBARDIA,Nord-ovest,0
020027,E089,Gonzaga,Gonzaga,GONZAGA,Mantova,MN,020,MANTOVA,Lombardia,03,LOMBARDIA,Nord-ovest,0
020028,E261,Guidizzolo,Guidizzolo,GUIDIZZOLO,Mantova,MN,020,MANTOVA,Lombardia,03,LOMBARDIA,Nord-ovest,0
020029,E818,Magnacavallo,Magnacavallo,MAGNACAVALLO,Mantova,MN,020,MANTOVA,Lombardia,03,LOMBARDIA,Nord-ovest,0
020030,E897,Mantova,Mantova,MANTOVA,Mantova,MN,020,MANTOVA,Lombardia,03,LOMBARDIA,Nord-ovest,1
020031,E922,Marcaria,Marcaria,MARCARIA,Mantova,MN,020,MANTOVA,Lombardia,03,LOMBARDIA,Nord-ovest,0
020032,E949,Mariana Mantovana,Mariana Mantovana,MARIANA MANTOVANA,Mantova,MN,020,MANTOVA,Lombardia,03,LOMBARDIA,Nord-ovest,0
020033,E962,Marmirolo,Marmirolo,MARMIROLO,Mantova,MN,020,MANTOVA,Lombardia,03,LOMBARDIA,Nord-ovest,0
020034,F086,Medole,Medole,MEDOLE,Mantova,MN,020,MANTOVA,Lombardia,03,LOMBARDIA,Nord-ovest,0
020035,F267,Moglia,Moglia,MOGLIA,Mantova,MN,020,MANTOVA,Lombardia,03,LOMBARDIA,Nord-ovest,0
020036,F705,Monzambano,Monzambano,MONZAMBANO,Mantova,MN,020,MANTOVA,Lombardia,03,LOMBARDIA,Nord-ovest,0
020037,B012,Motteggiana,Motteggiana,MOTTEGGIANA,Mantova,MN,020,MANTOVA,Lombardia,03,LOMBARDIA,Nord-ovest,0
020038,G186,Ostiglia,Ostiglia,OSTIGLIA,Mantova,MN,020,MANTOVA,Lombardia,03,LOMBARDIA,Nord-ovest,0
020039,G417,Pegognaga,Pegognaga,PEGOGNAGA,Mantova,MN,020,MANTOVA,Lombardia,03,LOMBARDIA,Nord-ovest,0
020041,G717,Piubega,Piubega,PIUBEGA,Mantova,MN,020,MANTOVA,Lombardia,03,LOMBARDIA,Nord-ovest,0
020042,G753,Poggio Rusco,Poggio Rusco,POGGIO RUSCO,Mantova,MN,020,MANTOVA,Lombardia,03,LOMBARDIA,Nord-ovest,0
020043,G816,Pomponesco,Pomponesco,POMPONESCO,Mantova,MN,020,MANTOVA,Lombardia,03,LOMBARDIA,Nord-ovest,0
020044,G862,Ponti sul Mincio,Ponti sul Mincio,PONTI SUL MINCIO,Mantova,MN,020,MANTOVA,Lombardia,03,LOMBARDIA,Nord-ovest,0
020045,G917,Porto Mantovano,Porto Mantovano,PORTO MANTOVANO,Mantova,MN,020,MANTOVA,Lombardia,03,LOMBARDIA,Nord-ovest,0
020046,H129,Quingentole,Quingentole,QUINGENTOLE,Mantova,MN,020,MANTOVA,Lombardia,03,LOMBARDIA,Nord-ovest,0
020047,H143,Quistello,Quistello,QUISTELLO,Mantova,MN,020,MANTOVA,Lombardia,03,LOMBARDIA,Nord-ovest,0
020048,H218,Redondesco,Redondesco,REDONDESCO,Mantova,MN,020,MANTOVA,Lombardia,03,LOMBARDIA,Nord-ovest,0
020050,H342,Rivarolo Mantovano,Rivarolo Mantovano,RIVAROLO MANTOVANO,Mantova,MN,020,MANTOVA,Lombardia,03,LOMBARDIA,Nord-ovest,0
020051,H481,Rodigo,Rodigo,RODIGO,Mantova,MN,020,MANTOVA,Lombardia,03,LOMBARDIA,Nord-ovest,0
020052,H541,Roncoferraro,Roncoferraro,RONCOFERRARO,Mantova,MN,020,MANTOVA,Lombardia,03,LOMBARDIA,Nord-ovest,0
020053,H604,Roverbella,Roverbella,ROVERBELLA,Mantova,MN,020,MANTOVA,Lombardia,03,LOMBARDIA,Nord-ovest,0
020054,H652,Sabbioneta,Sabbioneta,SABBIONETA,Mantova,MN,020,MANTOVA,Lombardia,03,LOMBARDIA,Nord-ovest,0
020055,H771,San Benedetto Po,San Benedetto Po,SAN BENEDETTO PO,Mantova,MN,020,MANTOVA,Lombardia,03,LOMBARDIA,Nord-ovest,0
020056,H870,San Giacomo delle Segnate,San Giacomo delle Segnate,SAN GIACOMO DELLE SEGNATE,Mantova,MN,020,MANTOVA,Lombardia,03,LOMBARDIA,Nord-ovest,0
020057,H883,San Giorgio Bigarello,San Giorgio Bigarello,SAN GIORGIO BIGARELLO,Mantova,MN,020,MANTOVA,Lombardia,03,LOMBARDIA,Nord-ovest,0
020058,H912,San Giovanni del Dosso,San Giovanni del Dosso,SAN GIOVANNI DEL DOSSO,Mantova,MN,020,MANTOVA,Lombardia,03,LOMBARDIA,Nord-ovest,0
020059,I005,San Martino dall'Argine,San Martino dall'Argine,SAN MARTINO DALL ARGINE,Mantova,MN,020,MANTOVA,Lombardia,03,LOMBARDIA,Nord-ovest,0
020060,I532,Schivenoglia,Schivenoglia,SCHIVENOGLIA,Mantova,MN,020,MANTOVA,Lombardia,03,LOMBARDIA,Nord-ovest,0
020061,I632,Sermide e Felonica,Sermide e Felonica,SERMIDE E FELONICA,Mantova,MN,020,MANTOVA,Lombardia,03,LOMBARDIA,Nord-ovest,0
020062,I662,Serravalle a Po,Serravalle a Po,SERRAVALLE A PO,Mantova,MN,020,MANTOVA,Lombardia,03,LOMBARDIA,Nord-ovest,0
020063,I801,Solferino,Solferino,SOLFERINO,Mantova,MN,020,MANTOVA,Lombardia,03,LOMBARDIA,Nord-ovest,0
020064,L015,Sustinente,Sustinente,SUSTINENTE,Mantova,MN,020,MANTOVA,Lombardia,03,LOMBARDIA,Nord-ovest,0
020065,L020,Suzzara,Suzzara,SUZZARA,Mantova,MN,020,MANTOVA,Lombardia,03,LOMBARDIA,Nord-ovest,0
020066,L826,Viadana,Viadana,VIADANA,Mantova,MN,020,MANTOVA,Lombardia,03,LOMBARDIA,Nord-ovest,0
020068,M044,Villimpenta,Villimpenta,VILLIMPENTA,Mantova,MN,020,MANTOVA,Lombardia,03,LOMBARDIA,Nord-ovest,0
020070,M125,Volta Mantovana,Volta Mantovana,VOLTA MANTOVANA,Mantova,MN,020,MANTOVA,Lombardia,03,LOMBARDIA,Nord-ovest,0
015002,A010,Abbiategrasso,Abbiategrasso,ABBIATEGRASSO,Milano,MI,215,MILANO,Lombardia,03,LOMBARDIA,Nord-ovest,0
015005,A127,Albairate,Albairate,ALBAIRATE,Milano,MI,215,MILANO,Lombardia,03,LOMBARDIA,Nord-ovest,0
015007,A375,Arconate,Arconate,ARCONATE,Milano,MI,215,MILANO,Lombardia,03,LOMBARDIA,Nord-ovest,0
015009,A389,Arese,Arese,ARESE,Milano,MI,215,MILANO,Lombardia,03,LOMBARDIA,Nord-ovest,0
015010,A413,Arluno,Arluno,ARLUNO,Milano,MI,215,MILANO,Lombardia,03,LOMBARDIA,Nord-ovest,0
015011,A473,Assago,Assago,ASSAGO,Milano,MI,215,MILANO,Lombardia,03,LOMBARDIA,Nord-ovest,0
015250,A618,Baranzate,Baranzate,BARANZATE,Milano,MI,215,MILANO,Lombardia,03,LOMBARDIA,Nord-ovest,0
015012,A652,Bareggio,Bareggio,BAREGGIO,Milano,MI,215,MILANO,Lombardia,03,LOMBARDIA,Nord-ovest,0
015014,A697,Basiano,Basiano,BASIANO,Milano,MI,215,MILANO,Lombardia,03,LOMBARDIA,Nord-ovest,0
015015,A699,Basiglio,Basiglio,BASIGLIO,Milano,MI,215,MILANO,Lombardia,03,LOMBARDIA,Nord-ovest,0
015016,A751,Bellinzago Lombardo,Bellinzago Lombardo,BELLINZAGO LOMBARDO,Milano,MI,215,MILANO,Lombardia,03,LOMBARDIA,Nord-ovest,0
015019,A804,Bernate Ticino,Bernate Ticino,BERNATE TICINO,Milano,MI,215,MILANO,Lombardia,03,LOMBARDIA,Nord-ovest,0
015022,A820,Besate,Besate,BESATE,Milano,MI,215,MILANO,Lombardia,03,LOMBARDIA,Nord-ovest,0
015024,A872,Binasco,Binasco,BINASCO,Milano,MI,215,MILANO,Lombardia,03,LOMBARDIA,Nord-ovest,0
015026,A920,Boffalora sopra Ticino,Boffalora sopra Ticino,BOFFALORA SOPRA TICINO,Milano,MI,215,MILANO,Lombardia,03,LOMBARDIA,Nord-ovest,0
015027,A940,Bollate,Bollate,BOLLATE,Milano,MI,215,MILANO,Lombardia,03,LOMBARDIA,Nord-ovest,0
015032,B162,Bresso,Bresso,BRESSO,Milano,MI,215,MILANO,Lombardia,03,LOMBARDIA,Nord-ovest,0
015035,B235,Bubbiano,Bubbiano,BUBBIANO,Milano,MI,215,MILANO,Lombardia,03,LOMBARDIA,Nord-ovest,0
015036,B240,Buccinasco,Buccinasco,BUCCINASCO,Milano,MI,215,MILANO,Lombardia,03,LOMBARDIA,Nord-ovest,0
015038,B286,Buscate,Buscate,BUSCATE,Milano,MI,215,MILANO,Lombardia,03,LOMBARDIA,Nord-ovest,0
015040,B292,Bussero,Bussero,BUSSERO,Milano,MI,215,MILANO,Lombardia,03,LOMBARDIA,Nord-ovest,0
015041,B301,Busto Garolfo,Busto Garolfo,BUSTO GAROLFO,Milano,MI,215,MILANO,Lombardia,03,LOMBARDIA,Nord-ovest,0
015042,B448,Calvignasco,Calvignasco,CALVIGNASCO,Milano,MI,215,MILANO,Lombardia,03,LOMBARDIA,Nord-ovest,0
015044,B461,Cambiago,Cambiago,CAMBIAGO,Milano,MI,215,MILANO,Lombardia,03,LOMBARDIA,Nord-ovest,0
015046,B593,Canegrate,Canegrate,CANEGRATE,Milano,MI,215,MILANO,Lombardia,03,LOMBARDIA,Nord-ovest,0
015050,B820,Carpiano,Carpiano,CARPIANO,Milano,MI,215,MILANO,Lombardia,03,LOMBARDIA,Nord-ovest,0
015051,B850,Carugate,Carugate,CARUGATE,Milano,MI,215,MILANO,Lombardia,03,LOMBARDIA,Nord-ovest,0
015055,B938,Casarile,Casarile,CASARILE,Milano,MI,215,MILANO,Lombardia,03,LOMBARDIA,Nord-ovest,0
015058,B989,Casorezzo,Casorezzo,CASOREZZO,Milano,MI,215,MILANO,Lombardia,03,LOMBARDIA,Nord-ovest,0
015059,C003,Cassano d'Adda,Cassano d'Adda,CASSANO D ADDA,Milano,MI,215,MILANO,Lombardia,03,LOMBARDIA,Nord-ovest,0
015060,C014,Cassina de' Pecchi,Cassina de' Pecchi,CASSINA DE PECCHI,Milano,MI,215,MILANO,Lombardia,03,LOMBARDIA,Nord-ovest,0
015061,C033,Cassinetta di Lugagnano,Cassinetta di Lugagnano,CASSINETTA DI LUGAGNANO,Milano,MI,215,MILANO,Lombardia,03,LOMBARDIA,Nord-ovest,0
015062,C052,Castano Primo,Castano Primo,CASTANO PRIMO,Milano,MI,215,MILANO,Lombardia,03,LOMBARDIA,Nord-ovest,0
015070,C523,Cernusco sul Naviglio,Cernusco sul Naviglio,CERNUSCO SUL NAVIGLIO,Milano,MI,215,MILANO,Lombardia,03,LOMBARDIA,Nord-ovest,0
015072,C537,Cerro Maggiore,Cerro Maggiore,CERRO MAGGIORE,Milano,MI,215,MILANO,Lombardia,03,LOMBARDIA,Nord-ovest,0
015071,C536,Cerro al Lambro,Cerro al Lambro,CERRO AL LAMBRO,Milano,MI,215,MILANO,Lombardia,03,LOMBARDIA,Nord-ovest,0
015074,C565,Cesano Boscone,Cesano Boscone,CESANO BOSCONE,Milano,MI,215,MILANO,Lombardia,03,LOMBARDIA,Nord-ovest,0
015076,C569,Cesate,Cesate,CESATE,Milano,MI,215,MILANO,Lombardia,03,LOMBARDIA,Nord-ovest,0
015077,C707,Cinisello Balsamo,Cinisello Balsamo,CINISELLO BALSAMO,Milano,MI,215,MILANO,Lombardia,03,LOMBARDIA,Nord-ovest,0
015078,C733,Cisliano,Cisliano,CISLIANO,Milano,MI,215,MILANO,Lombardia,03,LOMBARDIA,Nord-ovest,0
015081,C895,Cologno Monzese,Cologno Monzese,COLOGNO MONZESE,Milano,MI,215,MILANO,Lombardia,03,LOMBARDIA,Nord-ovest,0
015082,C908,Colturano,Colturano,COLTURANO,Milano,MI,215,MILANO,Lombardia,03,LOMBARDIA,Nord-ovest,0
015085,C986,Corbetta,Corbetta,CORBETTA,Milano,MI,215,MILANO,Lombardia,03,LOMBARDIA,Nord-ovest,0
015086,D013,Cormano,Cormano,CORMANO,Milano,MI,215,MILANO,Lombardia,03,LOMBARDIA,Nord-ovest,0
015087,D018,Cornaredo,Cornaredo,CORNAREDO,Milano,MI,215,MILANO,Lombardia,03,LOMBARDIA,Nord-ovest,0
015093,D045,Corsico,Corsico,CORSICO,Milano,MI,215,MILANO,Lombardia,03,LOMBARDIA,Nord-ovest,0
015096,D198,Cuggiono,Cuggiono,CUGGIONO,Milano,MI,215,MILANO,Lombardia,03,LOMBARDIA,Nord-ovest,0
015097,D229,Cusago,Cusago,CUSAGO,Milano,MI,215,MILANO,Lombardia,03,LOMBARDIA,Nord-ovest,0
015098,D231,Cusano Milanino,Cusano Milanino,CUSANO MILANINO,Milano,MI,215,MILANO,Lombardia,03,LOMBARDIA,Nord-ovest,0
015099,D244,Dairago,Dairago,DAIRAGO,Milano,MI,215,MILANO,Lombardia,03,LOMBARDIA,Nord-ovest,0
015101,D367,Dresano,Dresano,DRESANO,Milano,MI,215,MILANO,Lombardia,03,LOMBARDIA,Nord-ovest,0
015103,D845,Gaggiano,Gaggiano,GAGGIANO,Milano,MI,215,MILANO,Lombardia,03,LOMBARDIA,Nord-ovest,0
015105,D912,Garbagnate Milanese,Garbagnate Milanese,GARBAGNATE MILANESE,Milano,MI,215,MILANO,Lombardia,03,LOMBARDIA,Nord-ovest,0
015106,D995,Gessate,Gessate,GESSATE,Milano,MI,215,MILANO,Lombardia,03,LOMBARDIA,Nord-ovest,0
015108,E094,Gorgonzola,Gorgonzola,GORGONZOLA,Milano,MI,215,MILANO,Lombardia,03,LOMBARDIA,Nord-ovest,0
015110,E170,Grezzago,Grezzago,GREZZAGO,Milano,MI,215,MILANO,Lombardia,03,LOMBARDIA,Nord-ovest,0
015112,E258,Gudo Visconti,Gudo Visconti,GUDO VISCONTI,Milano,MI,215,MILANO,Lombardia,03,LOMBARDIA,Nord-ovest,0
015113,E313,Inveruno,Inveruno,INVERUNO,Milano,MI,215,MILANO,Lombardia,03,LOMBARDIA,Nord-ovest,0
015114,E317,Inzago,Inzago,INZAGO,Milano,MI,215,MILANO,Lombardia,03,LOMBARDIA,Nord-ovest,0
015115,E395,Lacchiarella,Lacchiarella,LACCHIARELLA,Milano,MI,215,MILANO,Lombardia,03,LOMBARDIA,Nord-ovest,0
015116,E415,Lainate,Lainate,LAINATE,Milano,MI,215,MILANO,Lombardia,03,LOMBARDIA,Nord-ovest,0
015118,E514,Legnano,Legnano,LEGNANO,Milano,MI,215,MILANO,Lombardia,03,LOMBARDIA,Nord-ovest,0
015122,E610,Liscate,Liscate,LISCATE,Milano,MI,215,MILANO,Lombardia,03,LOMBARDIA,Nord-ovest,0
015125,E639,Locate di Triulzi,Locate di Triulzi,LOCATE DI TRIULZI,Milano,MI,215,MILANO,Lombardia,03,LOMBARDIA,Nord-ovest,0
015130,E801,Magenta,Magenta,MAGENTA,Milano,MI,215,MILANO,Lombardia,03,LOMBARDIA,Nord-ovest,0
015131,E819,Magnago,Magnago,MAGNAGO,Milano,MI,215,MILANO,Lombardia,03,LOMBARDIA,Nord-ovest,0
015134,E921,Marcallo con Casone,Marcallo con Casone,MARCALLO CON CASONE,Milano,MI,215,MILANO,Lombardia,03,LOMBARDIA,Nord-ovest,0
015136,F003,Masate,Masate,MASATE,Milano,MI,215,MILANO,Lombardia,03,LOMBARDIA,Nord-ovest,0
015139,F084,Mediglia,Mediglia,MEDIGLIA,Milano,MI,215,MILANO,Lombardia,03,LOMBARDIA,Nord-ovest,0
015140,F100,Melegnano,Melegnano,MELEGNANO,Milano,MI,215,MILANO,Lombardia,03,LOMBARDIA,Nord-ovest,0
015142,F119,Melzo,Melzo,MELZO,Milano,MI,215,MILANO,Lombardia,03,LOMBARDIA,Nord-ovest,0
015144,F155,Mesero,Mesero,MESERO,Milano,MI,215,MILANO,Lombardia,03,LOMBARDIA,Nord-ovest,0
015146,F205,Milano,Milano,MILANO,Milano,MI,215,MILANO,Lombardia,03,LOMBARDIA,Nord-ovest,1
015150,D033,Morimondo,Morimondo,MORIMONDO,Milano,MI,215,MILANO,Lombardia,03,LOMBARDIA,Nord-ovest,0
015151,F783,Motta Visconti,Motta Visconti,MOTTA VISCONTI,Milano,MI,215,MILANO,Lombardia,03,LOMBARDIA,Nord-ovest,0
015154,F874,Nerviano,Nerviano,NERVIANO,Milano,MI,215,MILANO,Lombardia,03,LOMBARDIA,Nord-ovest,0
015155,F939,Nosate,Nosate,NOSATE,Milano,MI,215,MILANO,Lombardia,03,LOMBARDIA,Nord-ovest,0
015157,F955,Novate Milanese,Novate Milanese,NOVATE MILANESE,Milano,MI,215,MILANO,Lombardia,03,LOMBARDIA,Nord-ovest,0
015158,F968,Noviglio,Noviglio,NOVIGLIO,Milano,MI,215,MILANO,Lombardia,03,LOMBARDIA,Nord-ovest,0
015159,G078,Opera,Opera,OPERA,Milano,MI,215,MILANO,Lombardia,03,LOMBARDIA,Nord-ovest,0
015164,G181,Ossona,Ossona,OSSONA,Milano,MI,215,MILANO,Lombardia,03,LOMBARDIA,Nord-ovest,0
015165,G206,Ozzero,Ozzero,OZZERO,Milano,MI,215,MILANO,Lombardia,03,LOMBARDIA,Nord-ovest,0
015166,G220,Paderno Dugnano,Paderno Dugnano,PADERNO DUGNANO,Milano,MI,215,MILANO,Lombardia,03,LOMBARDIA,Nord-ovest,0
015167,G316,Pantigliate,Pantigliate,PANTIGLIATE,Milano,MI,215,MILANO,Lombardia,03,LOMBARDIA,Nord-ovest,0
015168,G324,Parabiago,Parabiago,PARABIAGO,Milano,MI,215,MILANO,Lombardia,03,LOMBARDIA,Nord-ovest,0
015169,G385,Paullo,Paullo,PAULLO,Milano,MI,215,MILANO,Lombardia,03,LOMBARDIA,Nord-ovest,0
015170,C013,Pero,Pero,PERO,Milano,MI,215,MILANO,Lombardia,03,LOMBARDIA,Nord-ovest,0
015171,G488,Peschiera Borromeo,Peschiera Borromeo,PESCHIERA BORROMEO,Milano,MI,215,MILANO,Lombardia,03,LOMBARDIA,Nord-ovest,0
015172,G502,Pessano con Bornago,Pessano con Bornago,PESSANO CON BORNAGO,Milano,MI,215,MILANO,Lombardia,03,LOMBARDIA,Nord-ovest,0
015173,G634,Pieve Emanuele,Pieve Emanuele,PIEVE EMANUELE,Milano,MI,215,MILANO,Lombardia,03,LOMBARDIA,Nord-ovest,0
015175,G686,Pioltello,Pioltello,PIOLTELLO,Milano,MI,215,MILANO,Lombardia,03,LOMBARDIA,Nord-ovest,0
015176,G772,Pogliano Milanese,Pogliano Milanese,POGLIANO MILANESE,Milano,MI,215,MILANO,Lombardia,03,LOMBARDIA,Nord-ovest,0
015177,G955,Pozzo d'Adda,Pozzo d'Adda,POZZO D ADDA,Milano,MI,215,MILANO,Lombardia,03,LOMBARDIA,Nord-ovest,0
015178,G965,Pozzuolo Martesana,Pozzuolo Martesana,POZZUOLO MARTESANA,Milano,MI,215,MILANO,Lombardia,03,LOMBARDIA,Nord-ovest,0
015179,H026,Pregnana Milanese,Pregnana Milanese,PREGNANA MILANESE,Milano,MI,215,MILANO,Lombardia,03,LOMBARDIA,Nord-ovest,0
015181,H240,Rescaldina,Rescaldina,RESCALDINA,Milano,MI,215,MILANO,Lombardia,03,LOMBARDIA,Nord-ovest,0
015182,H264,Rho,Rho,RHO,Milano,MI,215,MILANO,Lombardia,03,LOMBARDIA,Nord-ovest,0
015183,H371,Robecchetto con Induno,Robecchetto con Induno,ROBECCHETTO CON INDUNO,Milano,MI,215,MILANO,Lombardia,03,LOMBARDIA,Nord-ovest,0
015184,H373,Robecco sul Naviglio,Robecco sul Naviglio,ROBECCO SUL NAVIGLIO,Milano,MI,215,MILANO,Lombardia,03,LOMBARDIA,Nord-ovest,0
015185,H470,Rodano,Rodano,RODANO,Milano,MI,215,MILANO,Lombardia,03,LOMBARDIA,Nord-ovest,0
015188,H560,Rosate,Rosate,ROSATE,Milano,MI,215,MILANO,Lombardia,03,LOMBARDIA,Nord-ovest,0
015189,H623,Rozzano,Rozzano,ROZZANO,Milano,MI,215,MILANO,Lombardia,03,LOMBARDIA,Nord-ovest,0
015191,H803,San Colombano al Lambro,San Colombano al Lambro,SAN COLOMBANO AL LAMBRO,Milano,MI,215,MILANO,Lombardia,03,LOMBARDIA,Nord-ovest,0
015192,H827,San Donato Milanese,San Donato Milanese,SAN DONATO MILANESE,Milano,MI,215,MILANO,Lombardia,03,LOMBARDIA,Nord-ovest,0
015194,H884,San Giorgio su Legnano,San Giorgio su Legnano,SAN GIORGIO SU LEGNANO,Milano,MI,215,MILANO,Lombardia,03,LOMBARDIA,Nord-ovest,0
015195,H930,San Giuliano Milanese,San Giuliano Milanese,SAN GIULIANO MILANESE,Milano,MI,215,MILANO,Lombardia,03,LOMBARDIA,Nord-ovest,0
015201,I409,San Vittore Olona,San Vittore Olona,SAN VITTORE OLONA,Milano,MI,215,MILANO,Lombardia,03,LOMBARDIA,Nord-ovest,0
015202,I415,San Zenone al Lambro,San Zenone al Lambro,SAN ZENONE AL LAMBRO,Milano,MI,215,MILANO,Lombardia,03,LOMBARDIA,Nord-ovest,0
015200,I361,Santo Stefano Ticino,Santo Stefano Ticino,SANTO STEFANO TICINO,Milano,MI,215,MILANO,Lombardia,03,LOMBARDIA,Nord-ovest,0
015204,I566,Sedriano,Sedriano,SEDRIANO,Milano,MI,215,MILANO,Lombardia,03,LOMBARDIA,Nord-ovest,0
015205,I577,Segrate,Segrate,SEGRATE,Milano,MI,215,MILANO,Lombardia,03,LOMBARDIA,Nord-ovest,0
015206,I602,Senago,Senago,SENAGO,Milano,MI,215,MILANO,Lombardia,03,LOMBARDIA,Nord-ovest,0
015209,I690,Sesto San Giovanni,Sesto San Giovanni,SESTO SAN GIOVANNI,Milano,MI,215,MILANO,Lombardia,03,LOMBARDIA,Nord-ovest,0
015210,I696,Settala,Settala,SETTALA,Milano,MI,215,MILANO,Lombardia,03,LOMBARDIA,Nord-ovest,0
015211,I700,Settimo Milanese,Settimo Milanese,SETTIMO MILANESE,Milano,MI,215,MILANO,Lombardia,03,LOMBARDIA,Nord-ovest,0
015213,I786,Solaro,Solaro,SOLARO,Milano,MI,215,MILANO,Lombardia,03,LOMBARDIA,Nord-ovest,0
015219,L408,Trezzano Rosa,Trezzano Rosa,TREZZANO ROSA,Milano,MI,215,MILANO,Lombardia,03,LOMBARDIA,Nord-ovest,0
015220,L409,Trezzano sul Naviglio,Trezzano sul Naviglio,TREZZANO SUL NAVIGLIO,Milano,MI,215,MILANO,Lombardia,03,LOMBARDIA,Nord-ovest,0
015221,L411,Trezzo sull'Adda,Trezzo sull'Adda,TREZZO SULL ADDA,Milano,MI,215,MILANO,Lombardia,03,LOMBARDIA,Nord-ovest,0
015222,L415,Tribiano,Tribiano,TRIBIANO,Milano,MI,215,MILANO,Lombardia,03,LOMBARDIA,Nord-ovest,0
015224,L454,Truccazzano,Truccazzano,TRUCCAZZANO,Milano,MI,215,MILANO,Lombardia,03,LOMBARDIA,Nord-ovest,0
015226,L471,Turbigo,Turbigo,TURBIGO,Milano,MI,215,MILANO,Lombardia,03,LOMBARDIA,Nord-ovest,0
015249,L664,Vanzaghello,Vanzaghello,VANZAGHELLO,Milano,MI,215,MILANO,Lombardia,03,LOMBARDIA,Nord-ovest,0
015229,L665,Vanzago,Vanzago,VANZAGO,Milano,MI,215,MILANO,Lombardia,03,LOMBARDIA,Nord-ovest,0
015230,L667,Vaprio d'Adda,Vaprio d'Adda,VAPRIO D ADDA,Milano,MI,215,MILANO,Lombardia,03,LOMBARDIA,Nord-ovest,0
015251,M424,Vermezzo con Zelo,Vermezzo con Zelo,VERMEZZO CON ZELO,Milano,MI,215,MILANO,Lombardia,03,LOMBARDIA,Nord-ovest,0
015236,L773,Vernate,Vernate,VERNATE,Milano,MI,215,MILANO,Lombardia,03,LOMBARDIA,Nord-ovest,0
015237,L883,Vignate,Vignate,VIGNATE,Milano,MI,215,MILANO,Lombardia,03,LOMBARDIA,Nord-ovest,0
015248,L928,Villa Cortese,Villa Cortese,VILLA CORTESE,Milano,MI,215,MILANO,Lombardia,03,LOMBARDIA,Nord-ovest,0
015242,M053,Vimodrone,Vimodrone,VIMODRONE,Milano,MI,215,MILANO,Lombardia,03,LOMBARDIA,Nord-ovest,0
015243,M091,Vittuone,Vittuone,VITTUONE,Milano,MI,215,MILANO,Lombardia,03,LOMBARDIA,Nord-ovest,0
015244,M102,Vizzolo Predabissi,Vizzolo Predabissi,VIZZOLO PREDABISSI,Milano,MI,215,MILANO,Lombardia,03,LOMBARDIA,Nord-ovest,0
015247,M176,Zibido San Giacomo,Zibido San Giacomo,ZIBIDO SAN GIACOMO,Milano,MI,215,MILANO,Lombardia,03,LOMBARDIA,Nord-ovest,0
108001,A087,Agrate Brianza,Agrate Brianza,AGRATE BRIANZA,Monza e della Brianza,MB,108,MONZA E DELLA BRIANZA,Lombardia,03,LOMBARDIA,Nord-ovest,0
108002,A096,Aicurzio,Aicurzio,AICURZIO,Monza e della Brianza,MB,108,MONZA E DELLA BRIANZA,Lombardia,03,LOMBARDIA,Nord-ovest,0
108003,A159,Albiate,Albiate,ALBIATE,Monza e della Brianza,MB,108,MONZA E DELLA BRIANZA,Lombardia,03,LOMBARDIA,Nord-ovest,0
108004,A376,Arcore,Arcore,ARCORE,Monza e della Brianza,MB,108,MONZA E DELLA BRIANZA,Lombardia,03,LOMBARDIA,Nord-ovest,0
108005,A668,Barlassina,Barlassina,BARLASSINA,Monza e della Brianza,MB,108,MONZA E DELLA BRIANZA,Lombardia,03,LOMBARDIA,Nord-ovest,0
108006,A759,Bellusco,Bellusco,BELLUSCO,Monza e della Brianza,MB,108,MONZA E DELLA BRIANZA,Lombardia,03,LOMBARDIA,Nord-ovest,0
108007,A802,Bernareggio,Bernareggio,BERNAREGGIO,Monza e della Brianza,MB,108,MONZA E DELLA BRIANZA,Lombardia,03,LOMBARDIA,Nord-ovest,0
108008,A818,Besana in Brianza,Besana in Brianza,BESANA IN BRIANZA,Monza e della Brianza,MB,108,MONZA E DELLA BRIANZA,Lombardia,03,LOMBARDIA,Nord-ovest,0
108009,A849,Biassono,Biassono,BIASSONO,Monza e della Brianza,MB,108,MONZA E DELLA BRIANZA,Lombardia,03,LOMBARDIA,Nord-ovest,0
108010,B105,Bovisio-Masciago,Bovisio-Masciago,BOVISIO MASCIAGO,Monza e della Brianza,MB,108,MONZA E DELLA BRIANZA,Lombardia,03,LOMBARDIA,Nord-ovest,0
108011,B187,Briosco,Briosco,BRIOSCO,Monza e della Brianza,MB,108,MONZA E DELLA BRIANZA,Lombardia,03,LOMBARDIA,Nord-ovest,0
108012,B212,Brugherio,Brugherio,BRUGHERIO,Monza e della Brianza,MB,108,MONZA E DELLA BRIANZA,Lombardia,03,LOMBARDIA,Nord-ovest,0
108013,B272,Burago di Molgora,Burago di Molgora,BURAGO DI MOLGORA,Monza e della Brianza,MB,108,MONZA E DELLA BRIANZA,Lombardia,03,LOMBARDIA,Nord-ovest,0
108051,B289,Busnago,Busnago,BUSNAGO,Monza e della Brianza,MB,108,MONZA E DELLA BRIANZA,Lombardia,03,LOMBARDIA,Nord-ovest,0
108014,B501,Camparada,Camparada,CAMPARADA,Monza e della Brianza,MB,108,MONZA E DELLA BRIANZA,Lombardia,03,LOMBARDIA,Nord-ovest,0
108052,B671,Caponago,Caponago,CAPONAGO,Monza e della Brianza,MB,108,MONZA E DELLA BRIANZA,Lombardia,03,LOMBARDIA,Nord-ovest,0
108015,B729,Carate Brianza,Carate Brianza,CARATE BRIANZA,Monza e della Brianza,MB,108,MONZA E DELLA BRIANZA,Lombardia,03,LOMBARDIA,Nord-ovest,0
108016,B798,Carnate,Carnate,CARNATE,Monza e della Brianza,MB,108,MONZA E DELLA BRIANZA,Lombardia,03,LOMBARDIA,Nord-ovest,0
108017,C395,Cavenago di Brianza,Cavenago di Brianza,CAVENAGO DI BRIANZA,Monza e della Brianza,MB,108,MONZA E DELLA BRIANZA,Lombardia,03,LOMBARDIA,Nord-ovest,0
108018,C512,Ceriano Laghetto,Ceriano Laghetto,CERIANO LAGHETTO,Monza e della Brianza,MB,108,MONZA E DELLA BRIANZA,Lombardia,03,LOMBARDIA,Nord-ovest,0
108019,C566,Cesano Maderno,Cesano Maderno,CESANO MADERNO,Monza e della Brianza,MB,108,MONZA E DELLA BRIANZA,Lombardia,03,LOMBARDIA,Nord-ovest,0
108020,C820,Cogliate,Cogliate,COGLIATE,Monza e della Brianza,MB,108,MONZA E DELLA BRIANZA,Lombardia,03,LOMBARDIA,Nord-ovest,0
108021,C952,Concorezzo,Concorezzo,CONCOREZZO,Monza e della Brianza,MB,108,MONZA E DELLA BRIANZA,Lombardia,03,LOMBARDIA,Nord-ovest,0
108053,D019,Cornate d'Adda,Cornate d'Adda,CORNATE D ADDA,Monza e della Brianza,MB,108,MONZA E DELLA BRIANZA,Lombardia,03,LOMBARDIA,Nord-ovest,0
108022,D038,Correzzana,Correzzana,CORREZZANA,Monza e della Brianza,MB,108,MONZA E DELLA BRIANZA,Lombardia,03,LOMBARDIA,Nord-ovest,0
108023,D286,Desio,Desio,DESIO,Monza e della Brianza,MB,108,MONZA E DELLA BRIANZA,Lombardia,03,LOMBARDIA,Nord-ovest,0
108024,E063,Giussano,Giussano,GIUSSANO,Monza e della Brianza,MB,108,MONZA E DELLA BRIANZA,Lombardia,03,LOMBARDIA,Nord-ovest,0
108025,E504,Lazzate,Lazzate,LAZZATE,Monza e della Brianza,MB,108,MONZA E DELLA BRIANZA,Lombardia,03,LOMBARDIA,Nord-ovest,0
108054,E530,Lentate sul Seveso,Lentate sul Seveso,LENTATE SUL SEVESO,Monza e della Brianza,MB,108,MONZA E DELLA BRIANZA,Lombardia,03,LOMBARDIA,Nord-ovest,0
108026,E550,Lesmo,Lesmo,LESMO,Monza e della Brianza,MB,108,MONZA E DELLA BRIANZA,Lombardia,03,LOMBARDIA,Nord-ovest,0
108027,E591,Limbiate,Limbiate,LIMBIATE,Monza e della Brianza,MB,108,MONZA E DELLA BRIANZA,Lombardia,03,LOMBARDIA,Nord-ovest,0
108028,E617,Lissone,Lissone,LISSONE,Monza e della Brianza,MB,108,MONZA E DELLA BRIANZA,Lombardia,03,LOMBARDIA,Nord-ovest,0
108029,E786,Macherio,Macherio,MACHERIO,Monza e della Brianza,MB,108,MONZA E DELLA BRIANZA,Lombardia,03,LOMBARDIA,Nord-ovest,0
108030,F078,Meda,Meda,MEDA,Monza e della Brianza,MB,108,MONZA E DELLA BRIANZA,Lombardia,03,LOMBARDIA,Nord-ovest,0
108031,F165,Mezzago,Mezzago,MEZZAGO,Monza e della Brianza,MB,108,MONZA E DELLA BRIANZA,Lombardia,03,LOMBARDIA,Nord-ovest,0
108032,F247,Misinto,Misinto,MISINTO,Monza e della Brianza,MB,108,MONZA E DELLA BRIANZA,Lombardia,03,LOMBARDIA,Nord-ovest,0
108033,F704,Monza,Monza,MONZA,Monza e della Brianza,MB,108,MONZA E DELLA BRIANZA,Lombardia,03,LOMBARDIA,Nord-ovest,1
108034,F797,Muggiò,Muggiò,MUGGIO,Monza e della Brianza,MB,108,MONZA E DELLA BRIANZA,Lombardia,03,LOMBARDIA,Nord-ovest,0
108035,F944,Nova Milanese,Nova Milanese,NOVA MILANESE,Monza e della Brianza,MB,108,MONZA E DELLA BRIANZA,Lombardia,03,LOMBARDIA,Nord-ovest,0
108036,G116,Ornago,Ornago,ORNAGO,Monza e della Brianza,MB,108,MONZA E DELLA BRIANZA,Lombardia,03,LOMBARDIA,Nord-ovest,0
108037,H233,Renate,Renate,RENATE,Monza e della Brianza,MB,108,MONZA E DELLA BRIANZA,Lombardia,03,LOMBARDIA,Nord-ovest,0
108055,H529,Roncello,Roncello,RONCELLO,Monza e della Brianza,MB,108,MONZA E DELLA BRIANZA,Lombardia,03,LOMBARDIA,Nord-ovest,0
108038,H537,Ronco Briantino,Ronco Briantino,RONCO BRIANTINO,Monza e della Brianza,MB,108,MONZA E DELLA BRIANZA,Lombardia,03,LOMBARDIA,Nord-ovest,0
108039,I625,Seregno,Seregno,SEREGNO,Monza e della Brianza,MB,108,MONZA E DELLA BRIANZA,Lombardia,03,LOMBARDIA,Nord-ovest,0
108040,I709,Seveso,Seveso,SEVESO,Monza e della Brianza,MB,108,MONZA E DELLA BRIANZA,Lombardia,03,LOMBARDIA,Nord-ovest,0
108041,I878,Sovico,Sovico,SOVICO,Monza e della Brianza,MB,108,MONZA E DELLA BRIANZA,Lombardia,03,LOMBARDIA,Nord-ovest,0
108042,I998,Sulbiate,Sulbiate,SULBIATE,Monza e della Brianza,MB,108,MONZA E DELLA BRIANZA,Lombardia,03,LOMBARDIA,Nord-ovest,0
108043,L434,Triuggio,Triuggio,TRIUGGIO,Monza e della Brianza,MB,108,MONZA E DELLA BRIANZA,Lombardia,03,LOMBARDIA,Nord-ovest,0
108044,L511,Usmate Velate,Usmate Velate,USMATE VELATE,Monza e della Brianza,MB,108,MONZA E DELLA BRIANZA,Lombardia,03,LOMBARDIA,Nord-ovest,0
108045,L677,Varedo,Varedo,VAREDO,Monza e della Brianza,MB,108,MONZA E DELLA BRIANZA,Lombardia,03,LOMBARDIA,Nord-ovest,0
108046,L704,Vedano al Lambro,Vedano al Lambro,VEDANO AL LAMBRO,Monza e della Brianza,MB,108,MONZA E DELLA BRIANZA,Lombardia,03,LOMBARDIA,Nord-ovest,0
108047,L709,Veduggio con Colzano,Veduggio con Colzano,VEDUGGIO CON COLZANO,Monza e della Brianza,MB,108,MONZA E DELLA BRIANZA,Lombardia,03,LOMBARDIA,Nord-ovest,0
108048,L744,Verano Brianza,Verano Brianza,VERANO BRIANZA,Monza e della Brianza,MB,108,MONZA E DELLA BRIANZA,Lombardia,03,LOMBARDIA,Nord-ovest,0
108049,M017,Villasanta,Villasanta,VILLASANTA,Monza e della Brianza,MB,108,MONZA E DELLA BRIANZA,Lombardia,03,LOMBARDIA,Nord-ovest,0
108050,M052,Vimercate,Vimercate,VIMERCATE,Monza e della Brianza,MB,108,MONZA E DELLA BRIANZA,Lombardia,03,LOMBARDIA,Nord-ovest,0
018001,A118,Alagna,Alagna,ALAGNA,Pavia,PV,018,PAVIA,Lombardia,03,LOMBARDIA,Nord-ovest,0
018003,A171,Albonese,Albonese,ALBONESE,Pavia,PV,018,PAVIA,Lombardia,03,LOMBARDIA,Nord-ovest,0
018004,A175,Albuzzano,Albuzzano,ALBUZZANO,Pavia,PV,018,PAVIA,Lombardia,03,LOMBARDIA,Nord-ovest,0
018005,A387,Arena Po,Arena Po,ARENA PO,Pavia,PV,018,PAVIA,Lombardia,03,LOMBARDIA,Nord-ovest,0
018006,A538,Badia Pavese,Badia Pavese,BADIA PAVESE,Pavia,PV,018,PAVIA,Lombardia,03,LOMBARDIA,Nord-ovest,0
018007,A550,Bagnaria,Bagnaria,BAGNARIA,Pavia,PV,018,PAVIA,Lombardia,03,LOMBARDIA,Nord-ovest,0
018008,A634,Barbianello,Barbianello,BARBIANELLO,Pavia,PV,018,PAVIA,Lombardia,03,LOMBARDIA,Nord-ovest,0
018009,A690,Bascapè,Bascapè,BASCAPE,Pavia,PV,018,PAVIA,Lombardia,03,LOMBARDIA,Nord-ovest,0
018011,A712,Bastida Pancarana,Bastida Pancarana,BASTIDA PANCARANA,Pavia,PV,018,PAVIA,Lombardia,03,LOMBARDIA,Nord-ovest,0
018012,A718,Battuda,Battuda,BATTUDA,Pavia,PV,018,PAVIA,Lombardia,03,LOMBARDIA,Nord-ovest,0
018013,A741,Belgioioso,Belgioioso,BELGIOIOSO,Pavia,PV,018,PAVIA,Lombardia,03,LOMBARDIA,Nord-ovest,0
018014,A792,Bereguardo,Bereguardo,BEREGUARDO,Pavia,PV,018,PAVIA,Lombardia,03,LOMBARDIA,Nord-ovest,0
018015,A989,Borgarello,Borgarello,BORGARELLO,Pavia,PV,018,PAVIA,Lombardia,03,LOMBARDIA,Nord-ovest,0
018016,B028,Borgo Priolo,Borgo Priolo,BORGO PRIOLO,Pavia,PV,018,PAVIA,Lombardia,03,LOMBARDIA,Nord-ovest,0
018018,B038,Borgo San Siro,Borgo San Siro,BORGO SAN SIRO,Pavia,PV,018,PAVIA,Lombardia,03,LOMBARDIA,Nord-ovest,0
018017,B030,Borgoratto Mormorolo,Borgoratto Mormorolo,BORGORATTO MORMOROLO,Pavia,PV,018,PAVIA,Lombardia,03,LOMBARDIA,Nord-ovest,0
018019,B051,Bornasco,Bornasco,BORNASCO,Pavia,PV,018,PAVIA,Lombardia,03,LOMBARDIA,Nord-ovest,0
018020,B082,Bosnasco,Bosnasco,BOSNASCO,Pavia,PV,018,PAVIA,Lombardia,03,LOMBARDIA,Nord-ovest,0
018021,B117,Brallo di Pregola,Brallo di Pregola,BRALLO DI PREGOLA,Pavia,PV,018,PAVIA,Lombardia,03,LOMBARDIA,Nord-ovest,0
018022,B142,Breme,Breme,BREME,Pavia,PV,018,PAVIA,Lombardia,03,LOMBARDIA,Nord-ovest,0
018023,B159,Bressana Bottarone,Bressana Bottarone,BRESSANA BOTTARONE,Pavia,PV,018,PAVIA,Lombardia,03,LOMBARDIA,Nord-ovest,0
018024,B201,Broni,Broni,BRONI,Pavia,PV,018,PAVIA,Lombardia,03,LOMBARDIA,Nord-ovest,0
018025,B447,Calvignano,Calvignano,CALVIGNANO,Pavia,PV,018,PAVIA,Lombardia,03,LOMBARDIA,Nord-ovest,0
018026,B567,Campospinoso Albaredo,Campospinoso Albaredo,CAMPOSPINOSO ALBAREDO,Pavia,PV,018,PAVIA,Lombardia,03,LOMBARDIA,Nord-ovest,0
018027,B587,Candia Lomellina,Candia Lomellina,CANDIA LOMELLINA,Pavia,PV,018,PAVIA,Lombardia,03,LOMBARDIA,Nord-ovest,0
018029,B613,Canneto Pavese,Canneto Pavese,CANNETO PAVESE,Pavia,PV,018,PAVIA,Lombardia,03,LOMBARDIA,Nord-ovest,0
018030,B741,Carbonara al Ticino,Carbonara al Ticino,CARBONARA AL TICINO,Pavia,PV,018,PAVIA,Lombardia,03,LOMBARDIA,Nord-ovest,0
018031,B929,Casanova Lonati,Casanova Lonati,CASANOVA LONATI,Pavia,PV,018,PAVIA,Lombardia,03,LOMBARDIA,Nord-ovest,0
018032,B945,Casatisma,Casatisma,CASATISMA,Pavia,PV,018,PAVIA,Lombardia,03,LOMBARDIA,Nord-ovest,0
018033,B954,Casei Gerola,Casei Gerola,CASEI GEROLA,Pavia,PV,018,PAVIA,Lombardia,03,LOMBARDIA,Nord-ovest,0
018034,B988,Casorate Primo,Casorate Primo,CASORATE PRIMO,Pavia,PV,018,PAVIA,Lombardia,03,LOMBARDIA,Nord-ovest,0
018035,C038,Cassolnovo,Cassolnovo,CASSOLNOVO,Pavia,PV,018,PAVIA,Lombardia,03,LOMBARDIA,Nord-ovest,0
018036,C050,Castana,Castana,CASTANA,Pavia,PV,018,PAVIA,Lombardia,03,LOMBARDIA,Nord-ovest,0
018037,C053,Casteggio,Casteggio,CASTEGGIO,Pavia,PV,018,PAVIA,Lombardia,03,LOMBARDIA,Nord-ovest,0
018038,C157,Castelletto di Branduzzo,Castelletto di Branduzzo,CASTELLETTO DI BRANDUZZO,Pavia,PV,018,PAVIA,Lombardia,03,LOMBARDIA,Nord-ovest,0
018039,C184,Castello d'Agogna,Castello d'Agogna,CASTELLO D AGOGNA,Pavia,PV,018,PAVIA,Lombardia,03,LOMBARDIA,Nord-ovest,0
018040,C213,Castelnovetto,Castelnovetto,CASTELNOVETTO,Pavia,PV,018,PAVIA,Lombardia,03,LOMBARDIA,Nord-ovest,0
018041,C360,Cava Manara,Cava Manara,CAVA MANARA,Pavia,PV,018,PAVIA,Lombardia,03,LOMBARDIA,Nord-ovest,0
018042,C414,Cecima,Cecima,CECIMA,Pavia,PV,018,PAVIA,Lombardia,03,LOMBARDIA,Nord-ovest,0
018043,C484,Ceranova,Ceranova,CERANOVA,Pavia,PV,018,PAVIA,Lombardia,03,LOMBARDIA,Nord-ovest,0
018044,C508,Ceretto Lomellina,Ceretto Lomellina,CERETTO LOMELLINA,Pavia,PV,018,PAVIA,Lombardia,03,LOMBARDIA,Nord-ovest,0
018045,C509,Cergnago,Cergnago,CERGNAGO,Pavia,PV,018,PAVIA,Lombardia,03,LOMBARDIA,Nord-ovest,0
018046,C541,Certosa di Pavia,Certosa di Pavia,CERTOSA DI PAVIA,Pavia,PV,018,PAVIA,Lombardia,03,LOMBARDIA,Nord-ovest,0
018047,C551,Cervesina,Cervesina,CERVESINA,Pavia,PV,018,PAVIA,Lombardia,03,LOMBARDIA,Nord-ovest,0
018048,C637,Chignolo Po,Chignolo Po,CHIGNOLO PO,Pavia,PV,018,PAVIA,Lombardia,03,LOMBARDIA,Nord-ovest,0
018049,C684,Cigognola,Cigognola,CIGOGNOLA,Pavia,PV,018,PAVIA,Lombardia,03,LOMBARDIA,Nord-ovest,0
018050,C686,Cilavegna,Cilavegna,CILAVEGNA,Pavia,PV,018,PAVIA,Lombardia,03,LOMBARDIA,Nord-ovest,0
018051,C813,Codevilla,Codevilla,CODEVILLA,Pavia,PV,018,PAVIA,Lombardia,03,LOMBARDIA,Nord-ovest,0
018193,M419,Colli Verdi,Colli Verdi,COLLI VERDI,Pavia,PV,018,PAVIA,Lombardia,03,LOMBARDIA,Nord-ovest,0
018052,C958,Confienza,Confienza,CONFIENZA,Pavia,PV,018,PAVIA,Lombardia,03,LOMBARDIA,Nord-ovest,0
018053,C979,Copiano,Copiano,COPIANO,Pavia,PV,018,PAVIA,Lombardia,03,LOMBARDIA,Nord-ovest,0
018054,C982,Corana,Corana,CORANA,Pavia,PV,018,PAVIA,Lombardia,03,LOMBARDIA,Nord-ovest,0
018191,M338,Cornale e Bastida,Cornale e Bastida,CORNALE E BASTIDA,Pavia,PV,018,PAVIA,Lombardia,03,LOMBARDIA,Nord-ovest,0
018192,M372,Corteolona e Genzone,Corteolona e Genzone,CORTEOLONA E GENZONE,Pavia,PV,018,PAVIA,Lombardia,03,LOMBARDIA,Nord-ovest,0
018057,D081,Corvino San Quirico,Corvino San Quirico,CORVINO SAN QUIRICO,Pavia,PV,018,PAVIA,Lombardia,03,LOMBARDIA,Nord-ovest,0
018058,D109,Costa de' Nobili,Costa de' Nobili,COSTA DE NOBILI,Pavia,PV,018,PAVIA,Lombardia,03,LOMBARDIA,Nord-ovest,0
018059,D127,Cozzo,Cozzo,COZZO,Pavia,PV,018,PAVIA,Lombardia,03,LOMBARDIA,Nord-ovest,0
018060,B824,Cura Carpignano,Cura Carpignano,CURA CARPIGNANO,Pavia,PV,018,PAVIA,Lombardia,03,LOMBARDIA,Nord-ovest,0
018061,D348,Dorno,Dorno,DORNO,Pavia,PV,018,PAVIA,Lombardia,03,LOMBARDIA,Nord-ovest,0
018062,D552,Ferrera Erbognone,Ferrera Erbognone,FERRERA ERBOGNONE,Pavia,PV,018,PAVIA,Lombardia,03,LOMBARDIA,Nord-ovest,0
018063,D594,Filighera,Filighera,FILIGHERA,Pavia,PV,018,PAVIA,Lombardia,03,LOMBARDIA,Nord-ovest,0
018064,D732,Fortunago,Fortunago,FORTUNAGO,Pavia,PV,018,PAVIA,Lombardia,03,LOMBARDIA,Nord-ovest,0
018065,D771,Frascarolo,Frascarolo,FRASCAROLO,Pavia,PV,018,PAVIA,Lombardia,03,LOMBARDIA,Nord-ovest,0
018066,D873,Galliavola,Galliavola,GALLIAVOLA,Pavia,PV,018,PAVIA,Lombardia,03,LOMBARDIA,Nord-ovest,0
018067,D892,Gambarana,Gambarana,GAMBARANA,Pavia,PV,018,PAVIA,Lombardia,03,LOMBARDIA,Nord-ovest,0
018068,D901,Gambolò,Gambolò,GAMBOLO,Pavia,PV,018,PAVIA,Lombardia,03,LOMBARDIA,Nord-ovest,0
018069,D925,Garlasco,Garlasco,GARLASCO,Pavia,PV,018,PAVIA,Lombardia,03,LOMBARDIA,Nord-ovest,0
018071,D980,Gerenzago,Gerenzago,GERENZAGO,Pavia,PV,018,PAVIA,Lombardia,03,LOMBARDIA,Nord-ovest,0
018072,E062,Giussago,Giussago,GIUSSAGO,Pavia,PV,018,PAVIA,Lombardia,03,LOMBARDIA,Nord-ovest,0
018073,E072,Godiasco Salice Terme,Godiasco Salice Terme,GODIASCO SALICE TERME,Pavia,PV,018,PAVIA,Lombardia,03,LOMBARDIA,Nord-ovest,0
018074,E081,Golferenzo,Golferenzo,GOLFERENZO,Pavia,PV,018,PAVIA,Lombardia,03,LOMBARDIA,Nord-ovest,0
018075,E152,Gravellona Lomellina,Gravellona Lomellina,GRAVELLONA LOMELLINA,Pavia,PV,018,PAVIA,Lombardia,03,LOMBARDIA,Nord-ovest,0
018076,E195,Gropello Cairoli,Gropello Cairoli,GROPELLO CAIROLI,Pavia,PV,018,PAVIA,Lombardia,03,LOMBARDIA,Nord-ovest,0
018077,E310,Inverno e Monteleone,Inverno e Monteleone,INVERNO E MONTELEONE,Pavia,PV,018,PAVIA,Lombardia,03,LOMBARDIA,Nord-ovest,0
018078,E437,Landriano,Landriano,LANDRIANO,Pavia,PV,018,PAVIA,Lombardia,03,LOMBARDIA,Nord-ovest,0
018079,E439,Langosco,Langosco,LANGOSCO,Pavia,PV,018,PAVIA,Lombardia,03,LOMBARDIA,Nord-ovest,0
018080,E454,Lardirago,Lardirago,LARDIRAGO,Pavia,PV,018,PAVIA,Lombardia,03,LOMBARDIA,Nord-ovest,0
018081,E600,Linarolo,Linarolo,LINAROLO,Pavia,PV,018,PAVIA,Lombardia,03,LOMBARDIA,Nord-ovest,0
018083,E662,Lomello,Lomello,LOMELLO,Pavia,PV,018,PAVIA,Lombardia,03,LOMBARDIA,Nord-ovest,0
018084,B387,Lungavilla,Lungavilla,LUNGAVILLA,Pavia,PV,018,PAVIA,Lombardia,03,LOMBARDIA,Nord-ovest,0
018085,E804,Magherno,Magherno,MAGHERNO,Pavia,PV,018,PAVIA,Lombardia,03,LOMBARDIA,Nord-ovest,0
018086,E934,Marcignago,Marcignago,MARCIGNAGO,Pavia,PV,018,PAVIA,Lombardia,03,LOMBARDIA,Nord-ovest,0
018087,E999,Marzano,Marzano,MARZANO,Pavia,PV,018,PAVIA,Lombardia,03,LOMBARDIA,Nord-ovest,0
018088,F080,Mede,Mede,MEDE,Pavia,PV,018,PAVIA,Lombardia,03,LOMBARDIA,Nord-ovest,0
018089,F122,Menconico,Menconico,MENCONICO,Pavia,PV,018,PAVIA,Lombardia,03,LOMBARDIA,Nord-ovest,0
018090,F170,Mezzana Bigli,Mezzana Bigli,MEZZANA BIGLI,Pavia,PV,018,PAVIA,Lombardia,03,LOMBARDIA,Nord-ovest,0
018091,F171,Mezzana Rabattone,Mezzana Rabattone,MEZZANA RABATTONE,Pavia,PV,018,PAVIA,Lombardia,03,LOMBARDIA,Nord-ovest,0
018092,F175,Mezzanino,Mezzanino,MEZZANINO,Pavia,PV,018,PAVIA,Lombardia,03,LOMBARDIA,Nord-ovest,0
018093,F238,Miradolo Terme,Miradolo Terme,MIRADOLO TERME,Pavia,PV,018,PAVIA,Lombardia,03,LOMBARDIA,Nord-ovest,0
018094,F417,Montalto Pavese,Montalto Pavese,MONTALTO PAVESE,Pavia,PV,018,PAVIA,Lombardia,03,LOMBARDIA,Nord-ovest,0
018095,F440,Montebello della Battaglia,Montebello della Battaglia,MONTEBELLO DELLA BATTAGLIA,Pavia,PV,018,PAVIA,Lombardia,03,LOMBARDIA,Nord-ovest,0
018096,F449,Montecalvo Versiggia,Montecalvo Versiggia,MONTECALVO VERSIGGIA,Pavia,PV,018,PAVIA,Lombardia,03,LOMBARDIA,Nord-ovest,0
018097,F638,Montescano,Montescano,MONTESCANO,Pavia,PV,018,PAVIA,Lombardia,03,LOMBARDIA,Nord-ovest,0
018098,F644,Montesegale,Montesegale,MONTESEGALE,Pavia,PV,018,PAVIA,Lombardia,03,LOMBARDIA,Nord-ovest,0
018099,F670,Monticelli Pavese,Monticelli Pavese,MONTICELLI PAVESE,Pavia,PV,018,PAVIA,Lombardia,03,LOMBARDIA,Nord-ovest,0
018100,F701,Montù Beccaria,Montù Beccaria,MONTU BECCARIA,Pavia,PV,018,PAVIA,Lombardia,03,LOMBARDIA,Nord-ovest,0
018101,F739,Mornico Losana,Mornico Losana,MORNICO LOSANA,Pavia,PV,018,PAVIA,Lombardia,03,LOMBARDIA,Nord-ovest,0
018102,F754,Mortara,Mortara,MORTARA,Pavia,PV,018,PAVIA,Lombardia,03,LOMBARDIA,Nord-ovest,0
018103,F891,Nicorvo,Nicorvo,NICORVO,Pavia,PV,018,PAVIA,Lombardia,03,LOMBARDIA,Nord-ovest,0
018104,G021,Olevano di Lomellina,Olevano di Lomellina,OLEVANO DI LOMELLINA,Pavia,PV,018,PAVIA,Lombardia,03,LOMBARDIA,Nord-ovest,0
018105,G032,Oliva Gessi,Oliva Gessi,OLIVA GESSI,Pavia,PV,018,PAVIA,Lombardia,03,LOMBARDIA,Nord-ovest,0
018106,G194,Ottobiano,Ottobiano,OTTOBIANO,Pavia,PV,018,PAVIA,Lombardia,03,LOMBARDIA,Nord-ovest,0
018107,G275,Palestro,Palestro,PALESTRO,Pavia,PV,018,PAVIA,Lombardia,03,LOMBARDIA,Nord-ovest,0
018108,G304,Pancarana,Pancarana,PANCARANA,Pavia,PV,018,PAVIA,Lombardia,03,LOMBARDIA,Nord-ovest,0
018109,G342,Parona,Parona,PARONA,Pavia,PV,018,PAVIA,Lombardia,03,LOMBARDIA,Nord-ovest,0
018110,G388,Pavia,Pavia,PAVIA,Pavia,PV,018,PAVIA,Lombardia,03,LOMBARDIA,Nord-ovest,1
018111,G612,Pietra de' Giorgi,Pietra de' Giorgi,PIETRA DE GIORGI,Pavia,PV,018,PAVIA,Lombardia,03,LOMBARDIA,Nord-ovest,0
018112,G635,Pieve Albignola,Pieve Albignola,PIEVE ALBIGNOLA,Pavia,PV,018,PAVIA,Lombardia,03,LOMBARDIA,Nord-ovest,0
018114,G650,Pieve Porto Morone,Pieve Porto Morone,PIEVE PORTO MORONE,Pavia,PV,018,PAVIA,Lombardia,03,LOMBARDIA,Nord-ovest,0
018113,G639,Pieve del Cairo,Pieve del Cairo,PIEVE DEL CAIRO,Pavia,PV,018,PAVIA,Lombardia,03,LOMBARDIA,Nord-ovest,0
018115,G671,Pinarolo Po,Pinarolo Po,PINAROLO PO,Pavia,PV,018,PAVIA,Lombardia,03,LOMBARDIA,Nord-ovest,0
018116,G720,Pizzale,Pizzale,PIZZALE,Pavia,PV,018,PAVIA,Lombardia,03,LOMBARDIA,Nord-ovest,0
018117,G851,Ponte Nizza,Ponte Nizza,PONTE NIZZA,Pavia,PV,018,PAVIA,Lombardia,03,LOMBARDIA,Nord-ovest,0
018118,G895,Portalbera,Portalbera,PORTALBERA,Pavia,PV,018,PAVIA,Lombardia,03,LOMBARDIA,Nord-ovest,0
018119,H204,Rea,Rea,REA,Pavia,PV,018,PAVIA,Lombardia,03,LOMBARDIA,Nord-ovest,0
018120,H216,Redavalle,Redavalle,REDAVALLE,Pavia,PV,018,PAVIA,Lombardia,03,LOMBARDIA,Nord-ovest,0
018121,H246,Retorbido,Retorbido,RETORBIDO,Pavia,PV,018,PAVIA,Lombardia,03,LOMBARDIA,Nord-ovest,0
018122,H336,Rivanazzano Terme,Rivanazzano Terme,RIVANAZZANO TERME,Pavia,PV,018,PAVIA,Lombardia,03,LOMBARDIA,Nord-ovest,0
018123,H369,Robbio,Robbio,ROBBIO,Pavia,PV,018,PAVIA,Lombardia,03,LOMBARDIA,Nord-ovest,0
018124,H375,Robecco Pavese,Robecco Pavese,ROBECCO PAVESE,Pavia,PV,018,PAVIA,Lombardia,03,LOMBARDIA,Nord-ovest,0
018126,H450,Rocca Susella,Rocca Susella,ROCCA SUSELLA,Pavia,PV,018,PAVIA,Lombardia,03,LOMBARDIA,Nord-ovest,0
018125,H396,Rocca de' Giorgi,Rocca de' Giorgi,ROCCA DE GIORGI,Pavia,PV,018,PAVIA,Lombardia,03,LOMBARDIA,Nord-ovest,0
018127,H491,Rognano,Rognano,ROGNANO,Pavia,PV,018,PAVIA,Lombardia,03,LOMBARDIA,Nord-ovest,0
018128,H505,Romagnese,Romagnese,ROMAGNESE,Pavia,PV,018,PAVIA,Lombardia,03,LOMBARDIA,Nord-ovest,0
018129,H527,Roncaro,Roncaro,RONCARO,Pavia,PV,018,PAVIA,Lombardia,03,LOMBARDIA,Nord-ovest,0
018130,H559,Rosasco,Rosasco,ROSASCO,Pavia,PV,018,PAVIA,Lombardia,03,LOMBARDIA,Nord-ovest,0
018131,H614,Rovescala,Rovescala,ROVESCALA,Pavia,PV,018,PAVIA,Lombardia,03,LOMBARDIA,Nord-ovest,0
018133,H799,San Cipriano Po,San Cipriano Po,SAN CIPRIANO PO,Pavia,PV,018,PAVIA,Lombardia,03,LOMBARDIA,Nord-ovest,0
018134,H814,San Damiano al Colle,San Damiano al Colle,SAN DAMIANO AL COLLE,Pavia,PV,018,PAVIA,Lombardia,03,LOMBARDIA,Nord-ovest,0
018135,H859,San Genesio ed Uniti,San Genesio ed Uniti,SAN GENESIO ED UNITI,Pavia,PV,018,PAVIA,Lombardia,03,LOMBARDIA,Nord-ovest,0
018136,H885,San Giorgio di Lomellina,San Giorgio di Lomellina,SAN GIORGIO DI LOMELLINA,Pavia,PV,018,PAVIA,Lombardia,03,LOMBARDIA,Nord-ovest,0
018137,I014,San Martino Siccomario,San Martino Siccomario,SAN MARTINO SICCOMARIO,Pavia,PV,018,PAVIA,Lombardia,03,LOMBARDIA,Nord-ovest,0
018145,I416,San Zenone al Po,San Zenone al Po,SAN ZENONE AL PO,Pavia,PV,018,PAVIA,Lombardia,03,LOMBARDIA,Nord-ovest,0
018138,I048,Sannazzaro de' Burgondi,Sannazzaro de' Burgondi,SANNAZZARO DE BURGONDI,Pavia,PV,018,PAVIA,Lombardia,03,LOMBARDIA,Nord-ovest,0
018141,I213,Sant'Alessio con Vialone,Sant'Alessio con Vialone,SANT ALESSIO CON VIALONE,Pavia,PV,018,PAVIA,Lombardia,03,LOMBARDIA,Nord-ovest,0
018144,I276,Sant'Angelo Lomellina,Sant'Angelo Lomellina,SANT ANGELO LOMELLINA,Pavia,PV,018,PAVIA,Lombardia,03,LOMBARDIA,Nord-ovest,0
018139,I175,Santa Cristina e Bissone,Santa Cristina e Bissone,SANTA CRISTINA E BISSONE,Pavia,PV,018,PAVIA,Lombardia,03,LOMBARDIA,Nord-ovest,0
018140,I203,Santa Giuletta,Santa Giuletta,SANTA GIULETTA,Pavia,PV,018,PAVIA,Lombardia,03,LOMBARDIA,Nord-ovest,0
018142,I230,Santa Margherita di Staffora,Santa Margherita di Staffora,SANTA MARGHERITA DI STAFFORA,Pavia,PV,018,PAVIA,Lombardia,03,LOMBARDIA,Nord-ovest,0
018143,I237,Santa Maria della Versa,Santa Maria della Versa,SANTA MARIA DELLA VERSA,Pavia,PV,018,PAVIA,Lombardia,03,LOMBARDIA,Nord-ovest,0
018146,I447,Sartirana Lomellina,Sartirana Lomellina,SARTIRANA LOMELLINA,Pavia,PV,018,PAVIA,Lombardia,03,LOMBARDIA,Nord-ovest,0
018147,I487,Scaldasole,Scaldasole,SCALDASOLE,Pavia,PV,018,PAVIA,Lombardia,03,LOMBARDIA,Nord-ovest,0
018148,I599,Semiana,Semiana,SEMIANA,Pavia,PV,018,PAVIA,Lombardia,03,LOMBARDIA,Nord-ovest,0
018149,I739,Silvano Pietra,Silvano Pietra,SILVANO PIETRA,Pavia,PV,018,PAVIA,Lombardia,03,LOMBARDIA,Nord-ovest,0
018150,E265,Siziano,Siziano,SIZIANO,Pavia,PV,018,PAVIA,Lombardia,03,LOMBARDIA,Nord-ovest,0
018151,I825,Sommo,Sommo,SOMMO,Pavia,PV,018,PAVIA,Lombardia,03,LOMBARDIA,Nord-ovest,0
018152,I894,Spessa,Spessa,SPESSA,Pavia,PV,018,PAVIA,Lombardia,03,LOMBARDIA,Nord-ovest,0
018153,I968,Stradella,Stradella,STRADELLA,Pavia,PV,018,PAVIA,Lombardia,03,LOMBARDIA,Nord-ovest,0
018154,B014,Suardi,Suardi,SUARDI,Pavia,PV,018,PAVIA,Lombardia,03,LOMBARDIA,Nord-ovest,0
018155,L237,Torrazza Coste,Torrazza Coste,TORRAZZA COSTE,Pavia,PV,018,PAVIA,Lombardia,03,LOMBARDIA,Nord-ovest,0
018156,L250,Torre Beretti e Castellaro,Torre Beretti e Castellaro,TORRE BERETTI E CASTELLARO,Pavia,PV,018,PAVIA,Lombardia,03,LOMBARDIA,Nord-ovest,0
018157,L256,Torre d'Arese,Torre d'Arese,TORRE D ARESE,Pavia,PV,018,PAVIA,Lombardia,03,LOMBARDIA,Nord-ovest,0
018159,L269,Torre d'Isola,Torre d'Isola,TORRE D ISOLA,Pavia,PV,018,PAVIA,Lombardia,03,LOMBARDIA,Nord-ovest,0
018158,L262,Torre de' Negri,Torre de' Negri,TORRE DE NEGRI,Pavia,PV,018,PAVIA,Lombardia,03,LOMBARDIA,Nord-ovest,0
018160,L285,Torrevecchia Pia,Torrevecchia Pia,TORREVECCHIA PIA,Pavia,PV,018,PAVIA,Lombardia,03,LOMBARDIA,Nord-ovest,0
018161,L292,Torricella Verzate,Torricella Verzate,TORRICELLA VERZATE,Pavia,PV,018,PAVIA,Lombardia,03,LOMBARDIA,Nord-ovest,0
018162,I236,Travacò Siccomario,Travacò Siccomario,TRAVACO SICCOMARIO,Pavia,PV,018,PAVIA,Lombardia,03,LOMBARDIA,Nord-ovest,0
018163,L440,Trivolzio,Trivolzio,TRIVOLZIO,Pavia,PV,018,PAVIA,Lombardia,03,LOMBARDIA,Nord-ovest,0
018164,L449,Tromello,Tromello,TROMELLO,Pavia,PV,018,PAVIA,Lombardia,03,LOMBARDIA,Nord-ovest,0
018165,L453,Trovo,Trovo,TROVO,Pavia,PV,018,PAVIA,Lombardia,03,LOMBARDIA,Nord-ovest,0
018166,L562,Val di Nizza,Val di Nizza,VAL DI NIZZA,Pavia,PV,018,PAVIA,Lombardia,03,LOMBARDIA,Nord-ovest,0
018167,L568,Valeggio,Valeggio,VALEGGIO,Pavia,PV,018,PAVIA,Lombardia,03,LOMBARDIA,Nord-ovest,0
018168,L593,Valle Lomellina,Valle Lomellina,VALLE LOMELLINA,Pavia,PV,018,PAVIA,Lombardia,03,LOMBARDIA,Nord-ovest,0
018169,L617,Valle Salimbene,Valle Salimbene,VALLE SALIMBENE,Pavia,PV,018,PAVIA,Lombardia,03,LOMBARDIA,Nord-ovest,0
018171,L690,Varzi,Varzi,VARZI,Pavia,PV,018,PAVIA,Lombardia,03,LOMBARDIA,Nord-ovest,0
018172,L716,Velezzo Lomellina,Velezzo Lomellina,VELEZZO LOMELLINA,Pavia,PV,018,PAVIA,Lombardia,03,LOMBARDIA,Nord-ovest,0
018173,L720,Vellezzo Bellini,Vellezzo Bellini,VELLEZZO BELLINI,Pavia,PV,018,PAVIA,Lombardia,03,LOMBARDIA,Nord-ovest,0
018174,L784,Verretto,Verretto,VERRETTO,Pavia,PV,018,PAVIA,Lombardia,03,LOMBARDIA,Nord-ovest,0
018175,L788,Verrua Po,Verrua Po,VERRUA PO,Pavia,PV,018,PAVIA,Lombardia,03,LOMBARDIA,Nord-ovest,0
018176,L854,Vidigulfo,Vidigulfo,VIDIGULFO,Pavia,PV,018,PAVIA,Lombardia,03,LOMBARDIA,Nord-ovest,0
018177,L872,Vigevano,Vigevano,VIGEVANO,Pavia,PV,018,PAVIA,Lombardia,03,LOMBARDIA,Nord-ovest,0
018178,L917,Villa Biscossi,Villa Biscossi,VILLA BISCOSSI,Pavia,PV,018,PAVIA,Lombardia,03,LOMBARDIA,Nord-ovest,0
018179,L983,Villanova d'Ardenghi,Villanova d'Ardenghi,VILLANOVA D ARDENGHI,Pavia,PV,018,PAVIA,Lombardia,03,LOMBARDIA,Nord-ovest,0
018180,L994,Villanterio,Villanterio,VILLANTERIO,Pavia,PV,018,PAVIA,Lombardia,03,LOMBARDIA,Nord-ovest,0
018181,M079,Vistarino,Vistarino,VISTARINO,Pavia,PV,018,PAVIA,Lombardia,03,LOMBARDIA,Nord-ovest,0
018182,M109,Voghera,Voghera,VOGHERA,Pavia,PV,018,PAVIA,Lombardia,03,LOMBARDIA,Nord-ovest,0
018183,M119,Volpara,Volpara,VOLPARA,Pavia,PV,018,PAVIA,Lombardia,03,LOMBARDIA,Nord-ovest,0
018184,M150,Zavattarello,Zavattarello,ZAVATTARELLO,Pavia,PV,018,PAVIA,Lombardia,03,LOMBARDIA,Nord-ovest,0
018185,M152,Zeccone,Zeccone,ZECCONE,Pavia,PV,018,PAVIA,Lombardia,03,LOMBARDIA,Nord-ovest,0
018186,M161,Zeme,Zeme,ZEME,Pavia,PV,018,PAVIA,Lombardia,03,LOMBARDIA,Nord-ovest,0
018187,M162,Zenevredo,Zenevredo,ZENEVREDO,Pavia,PV,018,PAVIA,Lombardia,03,LOMBARDIA,Nord-ovest,0
018188,M166,Zerbo,Zerbo,ZERBO,Pavia,PV,018,PAVIA,Lombardia,03,LOMBARDIA,Nord-ovest,0
018189,M167,Zerbolò,Zerbolò,ZERBOLO,Pavia,PV,018,PAVIA,Lombardia,03,LOMBARDIA,Nord-ovest,0
018190,M180,Zinasco,Zinasco,ZINASCO,Pavia,PV,018,PAVIA,Lombardia,03,LOMBARDIA,Nord-ovest,0
014001,A135,Albaredo per San Marco,Albaredo per San Marco,ALBAREDO PER SAN MARCO,Sondrio,SO,014,SONDRIO,Lombardia,03,LOMBARDIA,Nord-ovest,0
014002,A172,Albosaggia,Albosaggia,ALBOSAGGIA,Sondrio,SO,014,SONDRIO,Lombardia,03,LOMBARDIA,Nord-ovest,0
014003,A273,Andalo Valtellino,Andalo Valtellino,ANDALO VALTELLINO,Sondrio,SO,014,SONDRIO,Lombardia,03,LOMBARDIA,Nord-ovest,0
014004,A337,Aprica,Aprica,APRICA,Sondrio,SO,014,SONDRIO,Lombardia,03,LOMBARDIA,Nord-ovest,0
014005,A382,Ardenno,Ardenno,ARDENNO,Sondrio,SO,014,SONDRIO,Lombardia,03,LOMBARDIA,Nord-ovest,0
014006,A777,Bema,Bema,BEMA,Sondrio,SO,014,SONDRIO,Lombardia,03,LOMBARDIA,Nord-ovest,0
014007,A787,Berbenno di Valtellina,Berbenno di Valtellina,BERBENNO DI VALTELLINA,Sondrio,SO,014,SONDRIO,Lombardia,03,LOMBARDIA,Nord-ovest,0
014008,A848,Bianzone,Bianzone,BIANZONE,Sondrio,SO,014,SONDRIO,Lombardia,03,LOMBARDIA,Nord-ovest,0
014009,B049,Bormio,Bormio,BORMIO,Sondrio,SO,014,SONDRIO,Lombardia,03,LOMBARDIA,Nord-ovest,0
014010,B255,Buglio in Monte,Buglio in Monte,BUGLIO IN MONTE,Sondrio,SO,014,SONDRIO,Lombardia,03,LOMBARDIA,Nord-ovest,0
014011,B366,Caiolo,Caiolo,CAIOLO,Sondrio,SO,014,SONDRIO,Lombardia,03,LOMBARDIA,Nord-ovest,0
014012,B530,Campodolcino,Campodolcino,CAMPODOLCINO,Sondrio,SO,014,SONDRIO,Lombardia,03,LOMBARDIA,Nord-ovest,0
014013,B993,Caspoggio,Caspoggio,CASPOGGIO,Sondrio,SO,014,SONDRIO,Lombardia,03,LOMBARDIA,Nord-ovest,0
014014,C186,Castello dell'Acqua,Castello dell'Acqua,CASTELLO DELL ACQUA,Sondrio,SO,014,SONDRIO,Lombardia,03,LOMBARDIA,Nord-ovest,0
014015,C325,Castione Andevenno,Castione Andevenno,CASTIONE ANDEVENNO,Sondrio,SO,014,SONDRIO,Lombardia,03,LOMBARDIA,Nord-ovest,0
014016,C418,Cedrasco,Cedrasco,CEDRASCO,Sondrio,SO,014,SONDRIO,Lombardia,03,LOMBARDIA,Nord-ovest,0
014017,C493,Cercino,Cercino,CERCINO,Sondrio,SO,014,SONDRIO,Lombardia,03,LOMBARDIA,Nord-ovest,0
014018,C623,Chiavenna,Chiavenna,CHIAVENNA,Sondrio,SO,014,SONDRIO,Lombardia,03,LOMBARDIA,Nord-ovest,0
014019,C628,Chiesa in Valmalenco,Chiesa in Valmalenco,CHIESA IN VALMALENCO,Sondrio,SO,014,SONDRIO,Lombardia,03,LOMBARDIA,Nord-ovest,0
014020,C651,Chiuro,Chiuro,CHIURO,Sondrio,SO,014,SONDRIO,Lombardia,03,LOMBARDIA,Nord-ovest,0
014021,C709,Cino,Cino,CINO,Sondrio,SO,014,SONDRIO,Lombardia,03,LOMBARDIA,Nord-ovest,0
014022,C785,Civo,Civo,CIVO,Sondrio,SO,014,SONDRIO,Lombardia,03,LOMBARDIA,Nord-ovest,0
014023,C903,Colorina,Colorina,COLORINA,Sondrio,SO,014,SONDRIO,Lombardia,03,LOMBARDIA,Nord-ovest,0
014024,D088,Cosio Valtellino,Cosio Valtellino,COSIO VALTELLINO,Sondrio,SO,014,SONDRIO,Lombardia,03,LOMBARDIA,Nord-ovest,0
014025,D258,Dazio,Dazio,DAZIO,Sondrio,SO,014,SONDRIO,Lombardia,03,LOMBARDIA,Nord-ovest,0
014026,D266,Delebio,Delebio,DELEBIO,Sondrio,SO,014,SONDRIO,Lombardia,03,LOMBARDIA,Nord-ovest,0
014027,D377,Dubino,Dubino,DUBINO,Sondrio,SO,014,SONDRIO,Lombardia,03,LOMBARDIA,Nord-ovest,0
014028,D456,Faedo Valtellino,Faedo Valtellino,FAEDO VALTELLINO,Sondrio,SO,014,SONDRIO,Lombardia,03,LOMBARDIA,Nord-ovest,0
014029,D694,Forcola,Forcola,FORCOLA,Sondrio,SO,014,SONDRIO,Lombardia,03,LOMBARDIA,Nord-ovest,0
014030,D830,Fusine,Fusine,FUSINE,Sondrio,SO,014,SONDRIO,Lombardia,03,LOMBARDIA,Nord-ovest,0
014031,D990,Gerola Alta,Gerola Alta,GEROLA ALTA,Sondrio,SO,014,SONDRIO,Lombardia,03,LOMBARDIA,Nord-ovest,0
014032,E090,Gordona,Gordona,GORDONA,Sondrio,SO,014,SONDRIO,Lombardia,03,LOMBARDIA,Nord-ovest,0
014033,E200,Grosio,Grosio,GROSIO,Sondrio,SO,014,SONDRIO,Lombardia,03,LOMBARDIA,Nord-ovest,0
014034,E201,Grosotto,Grosotto,GROSOTTO,Sondrio,SO,014,SONDRIO,Lombardia,03,LOMBARDIA,Nord-ovest,0
014036,E443,Lanzada,Lanzada,LANZADA,Sondrio,SO,014,SONDRIO,Lombardia,03,LOMBARDIA,Nord-ovest,0
014037,E621,Livigno,Livigno,LIVIGNO,Sondrio,SO,014,SONDRIO,Lombardia,03,LOMBARDIA,Nord-ovest,0
014038,E705,Lovero,Lovero,LOVERO,Sondrio,SO,014,SONDRIO,Lombardia,03,LOMBARDIA,Nord-ovest,0
014035,E342,Madesimo,Madesimo,MADESIMO,Sondrio,SO,014,SONDRIO,Lombardia,03,LOMBARDIA,Nord-ovest,0
014039,E896,Mantello,Mantello,MANTELLO,Sondrio,SO,014,SONDRIO,Lombardia,03,LOMBARDIA,Nord-ovest,0
014040,F070,Mazzo di Valtellina,Mazzo di Valtellina,MAZZO DI VALTELLINA,Sondrio,SO,014,SONDRIO,Lombardia,03,LOMBARDIA,Nord-ovest,0
014041,F115,Mello,Mello,MELLO,Sondrio,SO,014,SONDRIO,Lombardia,03,LOMBARDIA,Nord-ovest,0
014043,F153,Mese,Mese,MESE,Sondrio,SO,014,SONDRIO,Lombardia,03,LOMBARDIA,Nord-ovest,0
014044,F393,Montagna in Valtellina,Montagna in Valtellina,MONTAGNA IN VALTELLINA,Sondrio,SO,014,SONDRIO,Lombardia,03,LOMBARDIA,Nord-ovest,0
014045,F712,Morbegno,Morbegno,MORBEGNO,Sondrio,SO,014,SONDRIO,Lombardia,03,LOMBARDIA,Nord-ovest,0
014046,F956,Novate Mezzola,Novate Mezzola,NOVATE MEZZOLA,Sondrio,SO,014,SONDRIO,Lombardia,03,LOMBARDIA,Nord-ovest,0
014047,G410,Pedesina,Pedesina,PEDESINA,Sondrio,SO,014,SONDRIO,Lombardia,03,LOMBARDIA,Nord-ovest,0
014048,G572,Piantedo,Piantedo,PIANTEDO,Sondrio,SO,014,SONDRIO,Lombardia,03,LOMBARDIA,Nord-ovest,0
014049,G576,Piateda,Piateda,PIATEDA,Sondrio,SO,014,SONDRIO,Lombardia,03,LOMBARDIA,Nord-ovest,0
014050,G718,Piuro,Piuro,PIURO,Sondrio,SO,014,SONDRIO,Lombardia,03,LOMBARDIA,Nord-ovest,0
014051,G431,Poggiridenti,Poggiridenti,POGGIRIDENTI,Sondrio,SO,014,SONDRIO,Lombardia,03,LOMBARDIA,Nord-ovest,0
014052,G829,Ponte in Valtellina,Ponte in Valtellina,PONTE IN VALTELLINA,Sondrio,SO,014,SONDRIO,Lombardia,03,LOMBARDIA,Nord-ovest,0
014053,G937,Postalesio,Postalesio,POSTALESIO,Sondrio,SO,014,SONDRIO,Lombardia,03,LOMBARDIA,Nord-ovest,0
014054,G993,Prata Camportaccio,Prata Camportaccio,PRATA CAMPORTACCIO,Sondrio,SO,014,SONDRIO,Lombardia,03,LOMBARDIA,Nord-ovest,0
014055,H192,Rasura,Rasura,RASURA,Sondrio,SO,014,SONDRIO,Lombardia,03,LOMBARDIA,Nord-ovest,0
014056,H493,Rogolo,Rogolo,ROGOLO,Sondrio,SO,014,SONDRIO,Lombardia,03,LOMBARDIA,Nord-ovest,0
014057,H752,Samolaco,Samolaco,SAMOLACO,Sondrio,SO,014,SONDRIO,Lombardia,03,LOMBARDIA,Nord-ovest,0
014058,H868,San Giacomo Filippo,San Giacomo Filippo,SAN GIACOMO FILIPPO,Sondrio,SO,014,SONDRIO,Lombardia,03,LOMBARDIA,Nord-ovest,0
014059,I636,Sernio,Sernio,SERNIO,Sondrio,SO,014,SONDRIO,Lombardia,03,LOMBARDIA,Nord-ovest,0
014060,I828,Sondalo,Sondalo,SONDALO,Sondrio,SO,014,SONDRIO,Lombardia,03,LOMBARDIA,Nord-ovest,0
014061,I829,Sondrio,Sondrio,SONDRIO,Sondrio,SO,014,SONDRIO,Lombardia,03,LOMBARDIA,Nord-ovest,1
014062,I928,Spriana,Spriana,SPRIANA,Sondrio,SO,014,SONDRIO,Lombardia,03,LOMBARDIA,Nord-ovest,0
014063,L035,Talamona,Talamona,TALAMONA,Sondrio,SO,014,SONDRIO,Lombardia,03,LOMBARDIA,Nord-ovest,0
014064,L056,Tartano,Tartano,TARTANO,Sondrio,SO,014,SONDRIO,Lombardia,03,LOMBARDIA,Nord-ovest,0
014065,L084,Teglio,Teglio,TEGLIO,Sondrio,SO,014,SONDRIO,Lombardia,03,LOMBARDIA,Nord-ovest,0
014066,L175,Tirano,Tirano,TIRANO,Sondrio,SO,014,SONDRIO,Lombardia,03,LOMBARDIA,Nord-ovest,0
014067,L244,Torre di Santa Maria,Torre di Santa Maria,TORRE DI SANTA MARIA,Sondrio,SO,014,SONDRIO,Lombardia,03,LOMBARDIA,Nord-ovest,0
014068,L316,Tovo di Sant'Agata,Tovo di Sant'Agata,TOVO DI SANT AGATA,Sondrio,SO,014,SONDRIO,Lombardia,03,LOMBARDIA,Nord-ovest,0
014069,L330,Traona,Traona,TRAONA,Sondrio,SO,014,SONDRIO,Lombardia,03,LOMBARDIA,Nord-ovest,0
014070,L392,Tresivio,Tresivio,TRESIVIO,Sondrio,SO,014,SONDRIO,Lombardia,03,LOMBARDIA,Nord-ovest,0
014074,L638,Val Masino,Val Masino,VAL MASINO,Sondrio,SO,014,SONDRIO,Lombardia,03,LOMBARDIA,Nord-ovest,0
014071,L557,Valdidentro,Valdidentro,VALDIDENTRO,Sondrio,SO,014,SONDRIO,Lombardia,03,LOMBARDIA,Nord-ovest,0
014072,L563,Valdisotto,Valdisotto,VALDISOTTO,Sondrio,SO,014,SONDRIO,Lombardia,03,LOMBARDIA,Nord-ovest,0
014073,L576,Valfurva,Valfurva,VALFURVA,Sondrio,SO,014,SONDRIO,Lombardia,03,LOMBARDIA,Nord-ovest,0
014075,L749,Verceia,Verceia,VERCEIA,Sondrio,SO,014,SONDRIO,Lombardia,03,LOMBARDIA,Nord-ovest,0
014076,L799,Vervio,Vervio,VERVIO,Sondrio,SO,014,SONDRIO,Lombardia,03,LOMBARDIA,Nord-ovest,0
014077,L907,Villa di Chiavenna,Villa di Chiavenna,VILLA DI CHIAVENNA,Sondrio,SO,014,SONDRIO,Lombardia,03,LOMBARDIA,Nord-ovest,0
014078,L908,Villa di Tirano,Villa di Tirano,VILLA DI TIRANO,Sondrio,SO,014,SONDRIO,Lombardia,03,LOMBARDIA,Nord-ovest,0
012001,A085,Agra,Agra,AGRA,Varese,VA,012,VARESE,Lombardia,03,LOMBARDIA,Nord-ovest,0
012002,A167,Albizzate,Albizzate,ALBIZZATE,Varese,VA,012,VARESE,Lombardia,03,LOMBARDIA,Nord-ovest,0
012003,A290,Angera,Angera,ANGERA,Varese,VA,012,VARESE,Lombardia,03,LOMBARDIA,Nord-ovest,0
012004,A371,Arcisate,Arcisate,ARCISATE,Varese,VA,012,VARESE,Lombardia,03,LOMBARDIA,Nord-ovest,0
012005,A441,Arsago Seprio,Arsago Seprio,ARSAGO SEPRIO,Varese,VA,012,VARESE,Lombardia,03,LOMBARDIA,Nord-ovest,0
012006,A531,Azzate,Azzate,AZZATE,Varese,VA,012,VARESE,Lombardia,03,LOMBARDIA,Nord-ovest,0
012007,A532,Azzio,Azzio,AZZIO,Varese,VA,012,VARESE,Lombardia,03,LOMBARDIA,Nord-ovest,0
012008,A619,Barasso,Barasso,BARASSO,Varese,VA,012,VARESE,Lombardia,03,LOMBARDIA,Nord-ovest,0
012144,M433,Bardello con Malgesso e Bregano,Bardello con Malgesso e Bregano,BARDELLO CON MALGESSO E BREGANO,Varese,VA,012,VARESE,Lombardia,03,LOMBARDIA,Nord-ovest,0
012010,A728,Bedero Valcuvia,Bedero Valcuvia,BEDERO VALCUVIA,Varese,VA,012,VARESE,Lombardia,03,LOMBARDIA,Nord-ovest,0
012011,A819,Besano,Besano,BESANO,Varese,VA,012,VARESE,Lombardia,03,LOMBARDIA,Nord-ovest,0
012012,A825,Besnate,Besnate,BESNATE,Varese,VA,012,VARESE,Lombardia,03,LOMBARDIA,Nord-ovest,0
012013,A826,Besozzo,Besozzo,BESOZZO,Varese,VA,012,VARESE,Lombardia,03,LOMBARDIA,Nord-ovest,0
012014,A845,Biandronno,Biandronno,BIANDRONNO,Varese,VA,012,VARESE,Lombardia,03,LOMBARDIA,Nord-ovest,0
012015,A891,Bisuschio,Bisuschio,BISUSCHIO,Varese,VA,012,VARESE,Lombardia,03,LOMBARDIA,Nord-ovest,0
012016,A918,Bodio Lomnago,Bodio Lomnago,BODIO LOMNAGO,Varese,VA,012,VARESE,Lombardia,03,LOMBARDIA,Nord-ovest,0
012017,B126,Brebbia,Brebbia,BREBBIA,Varese,VA,012,VARESE,Lombardia,03,LOMBARDIA,Nord-ovest,0
012019,B150,Brenta,Brenta,BRENTA,Varese,VA,012,VARESE,Lombardia,03,LOMBARDIA,Nord-ovest,0
012020,B166,Brezzo di Bedero,Brezzo di Bedero,BREZZO DI BEDERO,Varese,VA,012,VARESE,Lombardia,03,LOMBARDIA,Nord-ovest,0
012021,B182,Brinzio,Brinzio,BRINZIO,Varese,VA,012,VARESE,Lombardia,03,LOMBARDIA,Nord-ovest,0
012022,B191,Brissago-Valtravaglia,Brissago-Valtravaglia,BRISSAGO VALTRAVAGLIA,Varese,VA,012,VARESE,Lombardia,03,LOMBARDIA,Nord-ovest,0
012023,B219,Brunello,Brunello,BRUNELLO,Varese,VA,012,VARESE,Lombardia,03,LOMBARDIA,Nord-ovest,0
012024,B228,Brusimpiano,Brusimpiano,BRUSIMPIANO,Varese,VA,012,VARESE,Lombardia,03,LOMBARDIA,Nord-ovest,0
012025,B258,Buguggiate,Buguggiate,BUGUGGIATE,Varese,VA,012,VARESE,Lombardia,03,LOMBARDIA,Nord-ovest,0
012026,B300,Busto Arsizio,Busto Arsizio,BUSTO ARSIZIO,Varese,VA,012,VARESE,Lombardia,03,LOMBARDIA,Nord-ovest,0
012027,B326,Cadegliano-Viconago,Cadegliano-Viconago,CADEGLIANO VICONAGO,Varese,VA,012,VARESE,Lombardia,03,LOMBARDIA,Nord-ovest,0
012143,M425,Cadrezzate con Osmate,Cadrezzate con Osmate,CADREZZATE CON OSMATE,Varese,VA,012,VARESE,Lombardia,03,LOMBARDIA,Nord-ovest,0
012029,B368,Cairate,Cairate,CAIRATE,Varese,VA,012,VARESE,Lombardia,03,LOMBARDIA,Nord-ovest,0
012030,B634,Cantello,Cantello,CANTELLO,Varese,VA,012,VARESE,Lombardia,03,LOMBARDIA,Nord-ovest,0
012031,B732,Caravate,Caravate,CARAVATE,Varese,VA,012,VARESE,Lombardia,03,LOMBARDIA,Nord-ovest,0
012032,B754,Cardano al Campo,Cardano al Campo,CARDANO AL CAMPO,Varese,VA,012,VARESE,Lombardia,03,LOMBARDIA,Nord-ovest,0
012033,B796,Carnago,Carnago,CARNAGO,Varese,VA,012,VARESE,Lombardia,03,LOMBARDIA,Nord-ovest,0
012034,B805,Caronno Pertusella,Caronno Pertusella,CARONNO PERTUSELLA,Varese,VA,012,VARESE,Lombardia,03,LOMBARDIA,Nord-ovest,0
012035,B807,Caronno Varesino,Caronno Varesino,CARONNO VARESINO,Varese,VA,012,VARESE,Lombardia,03,LOMBARDIA,Nord-ovest,0
012036,B875,Casale Litta,Casale Litta,CASALE LITTA,Varese,VA,012,VARESE,Lombardia,03,LOMBARDIA,Nord-ovest,0
012037,B921,Casalzuigno,Casalzuigno,CASALZUIGNO,Varese,VA,012,VARESE,Lombardia,03,LOMBARDIA,Nord-ovest,0
012038,B949,Casciago,Casciago,CASCIAGO,Varese,VA,012,VARESE,Lombardia,03,LOMBARDIA,Nord-ovest,0
012039,B987,Casorate Sempione,Casorate Sempione,CASORATE SEMPIONE,Varese,VA,012,VARESE,Lombardia,03,LOMBARDIA,Nord-ovest,0
012040,C004,Cassano Magnago,Cassano Magnago,CASSANO MAGNAGO,Varese,VA,012,VARESE,Lombardia,03,LOMBARDIA,Nord-ovest,0
012041,B999,Cassano Valcuvia,Cassano Valcuvia,CASSANO VALCUVIA,Varese,VA,012,VARESE,Lombardia,03,LOMBARDIA,Nord-ovest,0
012042,C139,Castellanza,Castellanza,CASTELLANZA,Varese,VA,012,VARESE,Lombardia,03,LOMBARDIA,Nord-ovest,0
012043,B312,Castello Cabiaglio,Castello Cabiaglio,CASTELLO CABIAGLIO,Varese,VA,012,VARESE,Lombardia,03,LOMBARDIA,Nord-ovest,0
012044,C273,Castelseprio,Castelseprio,CASTELSEPRIO,Varese,VA,012,VARESE,Lombardia,03,LOMBARDIA,Nord-ovest,0
012045,C181,Castelveccana,Castelveccana,CASTELVECCANA,Varese,VA,012,VARESE,Lombardia,03,LOMBARDIA,Nord-ovest,0
012046,C300,Castiglione Olona,Castiglione Olona,CASTIGLIONE OLONA,Varese,VA,012,VARESE,Lombardia,03,LOMBARDIA,Nord-ovest,0
012047,C343,Castronno,Castronno,CASTRONNO,Varese,VA,012,VARESE,Lombardia,03,LOMBARDIA,Nord-ovest,0
012048,C382,Cavaria con Premezzo,Cavaria con Premezzo,CAVARIA CON PREMEZZO,Varese,VA,012,VARESE,Lombardia,03,LOMBARDIA,Nord-ovest,0
012049,C409,Cazzago Brabbia,Cazzago Brabbia,CAZZAGO BRABBIA,Varese,VA,012,VARESE,Lombardia,03,LOMBARDIA,Nord-ovest,0
012050,C732,Cislago,Cislago,CISLAGO,Varese,VA,012,VARESE,Lombardia,03,LOMBARDIA,Nord-ovest,0
012051,C751,Cittiglio,Cittiglio,CITTIGLIO,Varese,VA,012,VARESE,Lombardia,03,LOMBARDIA,Nord-ovest,0
012052,C796,Clivio,Clivio,CLIVIO,Varese,VA,012,VARESE,Lombardia,03,LOMBARDIA,Nord-ovest,0
012053,C810,Cocquio-Trevisago,Cocquio-Trevisago,COCQUIO TREVISAGO,Varese,VA,012,VARESE,Lombardia,03,LOMBARDIA,Nord-ovest,0
012054,C911,Comabbio,Comabbio,COMABBIO,Varese,VA,012,VARESE,Lombardia,03,LOMBARDIA,Nord-ovest,0
012055,C922,Comerio,Comerio,COMERIO,Varese,VA,012,VARESE,Lombardia,03,LOMBARDIA,Nord-ovest,0
012056,D144,Cremenaga,Cremenaga,CREMENAGA,Varese,VA,012,VARESE,Lombardia,03,LOMBARDIA,Nord-ovest,0
012057,D185,Crosio della Valle,Crosio della Valle,CROSIO DELLA VALLE,Varese,VA,012,VARESE,Lombardia,03,LOMBARDIA,Nord-ovest,0
012058,D192,Cuasso al Monte,Cuasso al Monte,CUASSO AL MONTE,Varese,VA,012,VARESE,Lombardia,03,LOMBARDIA,Nord-ovest,0
012059,D199,Cugliate-Fabiasco,Cugliate-Fabiasco,CUGLIATE FABIASCO,Varese,VA,012,VARESE,Lombardia,03,LOMBARDIA,Nord-ovest,0
012060,D204,Cunardo,Cunardo,CUNARDO,Varese,VA,012,VARESE,Lombardia,03,LOMBARDIA,Nord-ovest,0
012061,D217,Curiglia con Monteviasco,Curiglia con Monteviasco,CURIGLIA CON MONTEVIASCO,Varese,VA,012,VARESE,Lombardia,03,LOMBARDIA,Nord-ovest,0
012062,D238,Cuveglio,Cuveglio,CUVEGLIO,Varese,VA,012,VARESE,Lombardia,03,LOMBARDIA,Nord-ovest,0
012063,D239,Cuvio,Cuvio,CUVIO,Varese,VA,012,VARESE,Lombardia,03,LOMBARDIA,Nord-ovest,0
012064,D256,Daverio,Daverio,DAVERIO,Varese,VA,012,VARESE,Lombardia,03,LOMBARDIA,Nord-ovest,0
012065,D384,Dumenza,Dumenza,DUMENZA,Varese,VA,012,VARESE,Lombardia,03,LOMBARDIA,Nord-ovest,0
012066,D385,Duno,Duno,DUNO,Varese,VA,012,VARESE,Lombardia,03,LOMBARDIA,Nord-ovest,0
012067,D467,Fagnano Olona,Fagnano Olona,FAGNANO OLONA,Varese,VA,012,VARESE,Lombardia,03,LOMBARDIA,Nord-ovest,0
012068,D543,Ferno,Ferno,FERNO,Varese,VA,012,VARESE,Lombardia,03,LOMBARDIA,Nord-ovest,0
012069,D551,Ferrera di Varese,Ferrera di Varese,FERRERA DI VARESE,Varese,VA,012,VARESE,Lombardia,03,LOMBARDIA,Nord-ovest,0
012070,D869,Gallarate,Gallarate,GALLARATE,Varese,VA,012,VARESE,Lombardia,03,LOMBARDIA,Nord-ovest,0
012071,D871,Galliate Lombardo,Galliate Lombardo,GALLIATE LOMBARDO,Varese,VA,012,VARESE,Lombardia,03,LOMBARDIA,Nord-ovest,0
012072,D946,Gavirate,Gavirate,GAVIRATE,Varese,VA,012,VARESE,Lombardia,03,LOMBARDIA,Nord-ovest,0
012073,D951,Gazzada Schianno,Gazzada Schianno,GAZZADA SCHIANNO,Varese,VA,012,VARESE,Lombardia,03,LOMBARDIA,Nord-ovest,0
012074,D963,Gemonio,Gemonio,GEMONIO,Varese,VA,012,VARESE,Lombardia,03,LOMBARDIA,Nord-ovest,0
012075,D981,Gerenzano,Gerenzano,GERENZANO,Varese,VA,012,VARESE,Lombardia,03,LOMBARDIA,Nord-ovest,0
012076,D987,Germignaga,Germignaga,GERMIGNAGA,Varese,VA,012,VARESE,Lombardia,03,LOMBARDIA,Nord-ovest,0
012077,E079,Golasecca,Golasecca,GOLASECCA,Varese,VA,012,VARESE,Lombardia,03,LOMBARDIA,Nord-ovest,0
012078,E101,Gorla Maggiore,Gorla Maggiore,GORLA MAGGIORE,Varese,VA,012,VARESE,Lombardia,03,LOMBARDIA,Nord-ovest,0
012079,E102,Gorla Minore,Gorla Minore,GORLA MINORE,Varese,VA,012,VARESE,Lombardia,03,LOMBARDIA,Nord-ovest,0
012080,E104,Gornate Olona,Gornate Olona,GORNATE OLONA,Varese,VA,012,VARESE,Lombardia,03,LOMBARDIA,Nord-ovest,0
012081,E144,Grantola,Grantola,GRANTOLA,Varese,VA,012,VARESE,Lombardia,03,LOMBARDIA,Nord-ovest,0
012082,E292,Inarzo,Inarzo,INARZO,Varese,VA,012,VARESE,Lombardia,03,LOMBARDIA,Nord-ovest,0
012083,E299,Induno Olona,Induno Olona,INDUNO OLONA,Varese,VA,012,VARESE,Lombardia,03,LOMBARDIA,Nord-ovest,0
012084,E367,Ispra,Ispra,ISPRA,Varese,VA,012,VARESE,Lombardia,03,LOMBARDIA,Nord-ovest,0
012085,E386,Jerago con Orago,Jerago con Orago,JERAGO CON ORAGO,Varese,VA,012,VARESE,Lombardia,03,LOMBARDIA,Nord-ovest,0
012086,E494,Lavena Ponte Tresa,Lavena Ponte Tresa,LAVENA PONTE TRESA,Varese,VA,012,VARESE,Lombardia,03,LOMBARDIA,Nord-ovest,0
012087,E496,Laveno-Mombello,Laveno-Mombello,LAVENO MOMBELLO,Varese,VA,012,VARESE,Lombardia,03,LOMBARDIA,Nord-ovest,0
012088,E510,Leggiuno,Leggiuno,LEGGIUNO,Varese,VA,012,VARESE,Lombardia,03,LOMBARDIA,Nord-ovest,0
012089,E665,Lonate Ceppino,Lonate Ceppino,LONATE CEPPINO,Varese,VA,012,VARESE,Lombardia,03,LOMBARDIA,Nord-ovest,0
012090,E666,Lonate Pozzolo,Lonate Pozzolo,LONATE POZZOLO,Varese,VA,012,VARESE,Lombardia,03,LOMBARDIA,Nord-ovest,0
012091,E707,Lozza,Lozza,LOZZA,Varese,VA,012,VARESE,Lombardia,03,LOMBARDIA,Nord-ovest,0
012092,E734,Luino,Luino,LUINO,Varese,VA,012,VARESE,Lombardia,03,LOMBARDIA,Nord-ovest,0
012093,E769,Luvinate,Luvinate,LUVINATE,Varese,VA,012,VARESE,Lombardia,03,LOMBARDIA,Nord-ovest,0
012142,M339,Maccagno con Pino e Veddasca,Maccagno con Pino e Veddasca,MACCAGNO CON PINO E VEDDASCA,Varese,VA,012,VARESE,Lombardia,03,LOMBARDIA,Nord-ovest,0
012096,E863,Malnate,Malnate,MALNATE,Varese,VA,012,VARESE,Lombardia,03,LOMBARDIA,Nord-ovest,0
012097,E929,Marchirolo,Marchirolo,MARCHIROLO,Varese,VA,012,VARESE,Lombardia,03,LOMBARDIA,Nord-ovest,0
012098,E965,Marnate,Marnate,MARNATE,Varese,VA,012,VARESE,Lombardia,03,LOMBARDIA,Nord-ovest,0
012099,F002,Marzio,Marzio,MARZIO,Varese,VA,012,VARESE,Lombardia,03,LOMBARDIA,Nord-ovest,0
012100,F007,Masciago Primo,Masciago Primo,MASCIAGO PRIMO,Varese,VA,012,VARESE,Lombardia,03,LOMBARDIA,Nord-ovest,0
012101,F134,Mercallo,Mercallo,MERCALLO,Varese,VA,012,VARESE,Lombardia,03,LOMBARDIA,Nord-ovest,0
012102,F154,Mesenzana,Mesenzana,MESENZANA,Varese,VA,012,VARESE,Lombardia,03,LOMBARDIA,Nord-ovest,0
012103,F526,Montegrino Valtravaglia,Montegrino Valtravaglia,MONTEGRINO VALTRAVAGLIA,Varese,VA,012,VARESE,Lombardia,03,LOMBARDIA,Nord-ovest,0
012104,F703,Monvalle,Monvalle,MONVALLE,Varese,VA,012,VARESE,Lombardia,03,LOMBARDIA,Nord-ovest,0
012105,F711,Morazzone,Morazzone,MORAZZONE,Varese,VA,012,VARESE,Lombardia,03,LOMBARDIA,Nord-ovest,0
012106,F736,Mornago,Mornago,MORNAGO,Varese,VA,012,VARESE,Lombardia,03,LOMBARDIA,Nord-ovest,0
012107,G008,Oggiona con Santo Stefano,Oggiona con Santo Stefano,OGGIONA CON SANTO STEFANO,Varese,VA,012,VARESE,Lombardia,03,LOMBARDIA,Nord-ovest,0
012108,G028,Olgiate Olona,Olgiate Olona,OLGIATE OLONA,Varese,VA,012,VARESE,Lombardia,03,LOMBARDIA,Nord-ovest,0
012109,G103,Origgio,Origgio,ORIGGIO,Varese,VA,012,VARESE,Lombardia,03,LOMBARDIA,Nord-ovest,0
012110,G105,Orino,Orino,ORINO,Varese,VA,012,VARESE,Lombardia,03,LOMBARDIA,Nord-ovest,0
012113,G906,Porto Ceresio,Porto Ceresio,PORTO CERESIO,Varese,VA,012,VARESE,Lombardia,03,LOMBARDIA,Nord-ovest,0
012114,G907,Porto Valtravaglia,Porto Valtravaglia,PORTO VALTRAVAGLIA,Varese,VA,012,VARESE,Lombardia,03,LOMBARDIA,Nord-ovest,0
012115,H173,Rancio Valcuvia,Rancio Valcuvia,RANCIO VALCUVIA,Varese,VA,012,VARESE,Lombardia,03,LOMBARDIA,Nord-ovest,0
012116,H174,Ranco,Ranco,RANCO,Varese,VA,012,VARESE,Lombardia,03,LOMBARDIA,Nord-ovest,0
012117,H723,Saltrio,Saltrio,SALTRIO,Varese,VA,012,VARESE,Lombardia,03,LOMBARDIA,Nord-ovest,0
012118,H736,Samarate,Samarate,SAMARATE,Varese,VA,012,VARESE,Lombardia,03,LOMBARDIA,Nord-ovest,0
012141,H872,Sangiano,Sangiano,SANGIANO,Varese,VA,012,VARESE,Lombardia,03,LOMBARDIA,Nord-ovest,0
012119,I441,Saronno,Saronno,SARONNO,Varese,VA,012,VARESE,Lombardia,03,LOMBARDIA,Nord-ovest,0
012120,I688,Sesto Calende,Sesto Calende,SESTO CALENDE,Varese,VA,012,VARESE,Lombardia,03,LOMBARDIA,Nord-ovest,0
012121,I793,Solbiate Arno,Solbiate Arno,SOLBIATE ARNO,Varese,VA,012,VARESE,Lombardia,03,LOMBARDIA,Nord-ovest,0
012122,I794,Solbiate Olona,Solbiate Olona,SOLBIATE OLONA,Varese,VA,012,VARESE,Lombardia,03,LOMBARDIA,Nord-ovest,0
012123,I819,Somma Lombardo,Somma Lombardo,SOMMA LOMBARDO,Varese,VA,012,VARESE,Lombardia,03,LOMBARDIA,Nord-ovest,0
012124,L003,Sumirago,Sumirago,SUMIRAGO,Varese,VA,012,VARESE,Lombardia,03,LOMBARDIA,Nord-ovest,0
012125,L032,Taino,Taino,TAINO,Varese,VA,012,VARESE,Lombardia,03,LOMBARDIA,Nord-ovest,0
012126,L115,Ternate,Ternate,TERNATE,Varese,VA,012,VARESE,Lombardia,03,LOMBARDIA,Nord-ovest,0
012127,L319,Tradate,Tradate,TRADATE,Varese,VA,012,VARESE,Lombardia,03,LOMBARDIA,Nord-ovest,0
012128,L342,Travedona-Monate,Travedona-Monate,TRAVEDONA MONATE,Varese,VA,012,VARESE,Lombardia,03,LOMBARDIA,Nord-ovest,0
012129,A705,Tronzano Lago Maggiore,Tronzano Lago Maggiore,TRONZANO LAGO MAGGIORE,Varese,VA,012,VARESE,Lombardia,03,LOMBARDIA,Nord-ovest,0
012130,L480,Uboldo,Uboldo,UBOLDO,Varese,VA,012,VARESE,Lombardia,03,LOMBARDIA,Nord-ovest,0
012131,L577,Valganna,Valganna,VALGANNA,Varese,VA,012,VARESE,Lombardia,03,LOMBARDIA,Nord-ovest,0
012132,L671,Varano Borghi,Varano Borghi,VARANO BORGHI,Varese,VA,012,VARESE,Lombardia,03,LOMBARDIA,Nord-ovest,0
012133,L682,Varese,Varese,VARESE,Varese,VA,012,VARESE,Lombardia,03,LOMBARDIA,Nord-ovest,1
012134,L703,Vedano Olona,Vedano Olona,VEDANO OLONA,Varese,VA,012,VARESE,Lombardia,03,LOMBARDIA,Nord-ovest,0
012136,L733,Venegono Inferiore,Venegono Inferiore,VENEGONO INFERIORE,Varese,VA,012,VARESE,Lombardia,03,LOMBARDIA,Nord-ovest,0
012137,L734,Venegono Superiore,Venegono Superiore,VENEGONO SUPERIORE,Varese,VA,012,VARESE,Lombardia,03,LOMBARDIA,Nord-ovest,0
012138,L765,Vergiate,Vergiate,VERGIATE,Varese,VA,012,VARESE,Lombardia,03,LOMBARDIA,Nord-ovest,0
012139,L876,Viggiù,Viggiù,VIGGIU,Varese,VA,012,VARESE,Lombardia,03,LOMBARDIA,Nord-ovest,0
012140,M101,Vizzola Ticino,Vizzola Ticino,VIZZOLA TICINO,Varese,VA,012,VARESE,Lombardia,03,LOMBARDIA,Nord-ovest,0
042001,A092,Agugliano,Agugliano,AGUGLIANO,Ancona,AN,042,ANCONA,Marche,11,MARCHE,Centro,0
042002,A271,Ancona,Ancona,ANCONA,Ancona,AN,042,ANCONA,Marche,11,MARCHE,Centro,1
042003,A366,Arcevia,Arcevia,ARCEVIA,Ancona,AN,042,ANCONA,Marche,11,MARCHE,Centro,0
042004,A626,Barbara,Barbara,BARBARA,Ancona,AN,042,ANCONA,Marche,11,MARCHE,Centro,0
042005,A769,Belvedere Ostrense,Belvedere Ostrense,BELVEDERE OSTRENSE,Ancona,AN,042,ANCONA,Marche,11,MARCHE,Centro,0
042006,B468,Camerano,Camerano,CAMERANO,Ancona,AN,042,ANCONA,Marche,11,MARCHE,Centro,0
042007,B470,Camerata Picena,Camerata Picena,CAMERATA PICENA,Ancona,AN,042,ANCONA,Marche,11,MARCHE,Centro,0
042008,C060,Castelbellino,Castelbellino,CASTELBELLINO,Ancona,AN,042,ANCONA,Marche,11,MARCHE,Centro,0
042010,C100,Castelfidardo,Castelfidardo,CASTELFIDARDO,Ancona,AN,042,ANCONA,Marche,11,MARCHE,Centro,0
042011,C152,Castelleone di Suasa,Castelleone di Suasa,CASTELLEONE DI SUASA,Ancona,AN,042,ANCONA,Marche,11,MARCHE,Centro,0
042012,C248,Castelplanio,Castelplanio,CASTELPLANIO,Ancona,AN,042,ANCONA,Marche,11,MARCHE,Centro,0
042013,C524,Cerreto d'Esi,Cerreto d'Esi,CERRETO D ESI,Ancona,AN,042,ANCONA,Marche,11,MARCHE,Centro,0
042014,C615,Chiaravalle,Chiaravalle,CHIARAVALLE,Ancona,AN,042,ANCONA,Marche,11,MARCHE,Centro,0
042015,D007,Corinaldo,Corinaldo,CORINALDO,Ancona,AN,042,ANCONA,Marche,11,MARCHE,Centro,0
042016,D211,Cupramontana,Cupramontana,CUPRAMONTANA,Ancona,AN,042,ANCONA,Marche,11,MARCHE,Centro,0
042017,D451,Fabriano,Fabriano,FABRIANO,Ancona,AN,042,ANCONA,Marche,11,MARCHE,Centro,0
042018,D472,Falconara Marittima,Falconara Marittima,FALCONARA MARITTIMA,Ancona,AN,042,ANCONA,Marche,11,MARCHE,Centro,0
042019,D597,Filottrano,Filottrano,FILOTTRANO,Ancona,AN,042,ANCONA,Marche,11,MARCHE,Centro,0
042020,D965,Genga,Genga,GENGA,Ancona,AN,042,ANCONA,Marche,11,MARCHE,Centro,0
042021,E388,Jesi,Jesi,JESI,Ancona,AN,042,ANCONA,Marche,11,MARCHE,Centro,0
042022,E690,Loreto,Loreto,LORETO,Ancona,AN,042,ANCONA,Marche,11,MARCHE,Centro,0
042023,E837,Maiolati Spontini,Maiolati Spontini,MAIOLATI SPONTINI,Ancona,AN,042,ANCONA,Marche,11,MARCHE,Centro,0
042024,F145,Mergo,Mergo,MERGO,Ancona,AN,042,ANCONA,Marche,11,MARCHE,Centro,0
042025,F381,Monsano,Monsano,MONSANO,Ancona,AN,042,ANCONA,Marche,11,MARCHE,Centro,0
042029,F600,Monte Roberto,Monte Roberto,MONTE ROBERTO,Ancona,AN,042,ANCONA,Marche,11,MARCHE,Centro,0
042030,F634,Monte San Vito,Monte San Vito,MONTE SAN VITO,Ancona,AN,042,ANCONA,Marche,11,MARCHE,Centro,0
042026,F453,Montecarotto,Montecarotto,MONTECAROTTO,Ancona,AN,042,ANCONA,Marche,11,MARCHE,Centro,0
042027,F560,Montemarciano,Montemarciano,MONTEMARCIANO,Ancona,AN,042,ANCONA,Marche,11,MARCHE,Centro,0
042031,F745,Morro d'Alba,Morro d'Alba,MORRO D ALBA,Ancona,AN,042,ANCONA,Marche,11,MARCHE,Centro,0
042032,F978,Numana,Numana,NUMANA,Ancona,AN,042,ANCONA,Marche,11,MARCHE,Centro,0
042033,G003,Offagna,Offagna,OFFAGNA,Ancona,AN,042,ANCONA,Marche,11,MARCHE,Centro,0
042034,G157,Osimo,Osimo,OSIMO,Ancona,AN,042,ANCONA,Marche,11,MARCHE,Centro,0
042035,F401,Ostra,Ostra,OSTRA,Ancona,AN,042,ANCONA,Marche,11,MARCHE,Centro,0
042036,F581,Ostra Vetere,Ostra Vetere,OSTRA VETERE,Ancona,AN,042,ANCONA,Marche,11,MARCHE,Centro,0
042037,G771,Poggio San Marcello,Poggio San Marcello,POGGIO SAN MARCELLO,Ancona,AN,042,ANCONA,Marche,11,MARCHE,Centro,0
042038,G803,Polverigi,Polverigi,POLVERIGI,Ancona,AN,042,ANCONA,Marche,11,MARCHE,Centro,0
042040,H575,Rosora,Rosora,ROSORA,Ancona,AN,042,ANCONA,Marche,11,MARCHE,Centro,0
042041,H979,San Marcello,San Marcello,SAN MARCELLO,Ancona,AN,042,ANCONA,Marche,11,MARCHE,Centro,0
042042,I071,San Paolo di Jesi,San Paolo di Jesi,SAN PAOLO DI JESI,Ancona,AN,042,ANCONA,Marche,11,MARCHE,Centro,0
042043,I251,Santa Maria Nuova,Santa Maria Nuova,SANTA MARIA NUOVA,Ancona,AN,042,ANCONA,Marche,11,MARCHE,Centro,0
042044,I461,Sassoferrato,Sassoferrato,SASSOFERRATO,Ancona,AN,042,ANCONA,Marche,11,MARCHE,Centro,0
042045,I608,Senigallia,Senigallia,SENIGALLIA,Ancona,AN,042,ANCONA,Marche,11,MARCHE,Centro,0
042047,I653,Serra San Quirico,Serra San Quirico,SERRA SAN QUIRICO,Ancona,AN,042,ANCONA,Marche,11,MARCHE,Centro,0
042046,I643,Serra de' Conti,Serra de' Conti,SERRA DE CONTI,Ancona,AN,042,ANCONA,Marche,11,MARCHE,Centro,0
042048,I758,Sirolo,Sirolo,SIROLO,Ancona,AN,042,ANCONA,Marche,11,MARCHE,Centro,0
042049,I932,Staffolo,Staffolo,STAFFOLO,Ancona,AN,042,ANCONA,Marche,11,MARCHE,Centro,0
042050,M318,Trecastelli,Trecastelli,TRECASTELLI,Ancona,AN,042,ANCONA,Marche,11,MARCHE,Centro,0
044001,A044,Acquasanta Terme,Acquasanta Terme,ACQUASANTA TERME,Ascoli Piceno,AP,044,ASCOLI PICENO,Marche,11,MARCHE,Centro,0
044002,A047,Acquaviva Picena,Acquaviva Picena,ACQUAVIVA PICENA,Ascoli Piceno,AP,044,ASCOLI PICENO,Marche,11,MARCHE,Centro,0
044005,A335,Appignano del Tronto,Appignano del Tronto,APPIGNANO DEL TRONTO,Ascoli Piceno,AP,044,ASCOLI PICENO,Marche,11,MARCHE,Centro,0
044006,A437,Arquata del Tronto,Arquata del Tronto,ARQUATA DEL TRONTO,Ascoli Piceno,AP,044,ASCOLI PICENO,Marche,11,MARCHE,Centro,0
044007,A462,Ascoli Piceno,Ascoli Piceno,ASCOLI PICENO,Ascoli Piceno,AP,044,ASCOLI PICENO,Marche,11,MARCHE,Centro,1
044010,B727,Carassai,Carassai,CARASSAI,Ascoli Piceno,AP,044,ASCOLI PICENO,Marche,11,MARCHE,Centro,0
044011,C093,Castel di Lama,Castel di Lama,CASTEL DI LAMA,Ascoli Piceno,AP,044,ASCOLI PICENO,Marche,11,MARCHE,Centro,0
044012,C321,Castignano,Castignano,CASTIGNANO,Ascoli Piceno,AP,044,ASCOLI PICENO,Marche,11,MARCHE,Centro,0
044013,C331,Castorano,Castorano,CASTORANO,Ascoli Piceno,AP,044,ASCOLI PICENO,Marche,11,MARCHE,Centro,0
044014,C877,Colli del Tronto,Colli del Tronto,COLLI DEL TRONTO,Ascoli Piceno,AP,044,ASCOLI PICENO,Marche,11,MARCHE,Centro,0
044015,C935,Comunanza,Comunanza,COMUNANZA,Ascoli Piceno,AP,044,ASCOLI PICENO,Marche,11,MARCHE,Centro,0
044016,D096,Cossignano,Cossignano,COSSIGNANO,Ascoli Piceno,AP,044,ASCOLI PICENO,Marche,11,MARCHE,Centro,0
044017,D210,Cupra Marittima,Cupra Marittima,CUPRA MARITTIMA,Ascoli Piceno,AP,044,ASCOLI PICENO,Marche,11,MARCHE,Centro,0
044020,D652,Folignano,Folignano,FOLIGNANO,Ascoli Piceno,AP,044,ASCOLI PICENO,Marche,11,MARCHE,Centro,0
044021,D691,Force,Force,FORCE,Ascoli Piceno,AP,044,ASCOLI PICENO,Marche,11,MARCHE,Centro,0
044023,E207,Grottammare,Grottammare,GROTTAMMARE,Ascoli Piceno,AP,044,ASCOLI PICENO,Marche,11,MARCHE,Centro,0
044027,E868,Maltignano,Maltignano,MALTIGNANO,Ascoli Piceno,AP,044,ASCOLI PICENO,Marche,11,MARCHE,Centro,0
044029,F044,Massignano,Massignano,MASSIGNANO,Ascoli Piceno,AP,044,ASCOLI PICENO,Marche,11,MARCHE,Centro,0
044031,F380,Monsampolo del Tronto,Monsampolo del Tronto,MONSAMPOLO DEL TRONTO,Ascoli Piceno,AP,044,ASCOLI PICENO,Marche,11,MARCHE,Centro,0
044032,F415,Montalto delle Marche,Montalto delle Marche,MONTALTO DELLE MARCHE,Ascoli Piceno,AP,044,ASCOLI PICENO,Marche,11,MARCHE,Centro,0
044034,F487,Montedinove,Montedinove,MONTEDINOVE,Ascoli Piceno,AP,044,ASCOLI PICENO,Marche,11,MARCHE,Centro,0
044036,F501,Montefiore dell'Aso,Montefiore dell'Aso,MONTEFIORE DELL ASO,Ascoli Piceno,AP,044,ASCOLI PICENO,Marche,11,MARCHE,Centro,0
044038,F516,Montegallo,Montegallo,MONTEGALLO,Ascoli Piceno,AP,044,ASCOLI PICENO,Marche,11,MARCHE,Centro,0
044044,F570,Montemonaco,Montemonaco,MONTEMONACO,Ascoli Piceno,AP,044,ASCOLI PICENO,Marche,11,MARCHE,Centro,0
044045,F591,Monteprandone,Monteprandone,MONTEPRANDONE,Ascoli Piceno,AP,044,ASCOLI PICENO,Marche,11,MARCHE,Centro,0
044054,G005,Offida,Offida,OFFIDA,Ascoli Piceno,AP,044,ASCOLI PICENO,Marche,11,MARCHE,Centro,0
044056,G289,Palmiano,Palmiano,PALMIANO,Ascoli Piceno,AP,044,ASCOLI PICENO,Marche,11,MARCHE,Centro,0
044063,H321,Ripatransone,Ripatransone,RIPATRANSONE,Ascoli Piceno,AP,044,ASCOLI PICENO,Marche,11,MARCHE,Centro,0
044064,H390,Roccafluvione,Roccafluvione,ROCCAFLUVIONE,Ascoli Piceno,AP,044,ASCOLI PICENO,Marche,11,MARCHE,Centro,0
044065,H588,Rotella,Rotella,ROTELLA,Ascoli Piceno,AP,044,ASCOLI PICENO,Marche,11,MARCHE,Centro,0
044066,H769,San Benedetto del Tronto,San Benedetto del Tronto,SAN BENEDETTO DEL TRONTO,Ascoli Piceno,AP,044,ASCOLI PICENO,Marche,11,MARCHE,Centro,0
044071,I912,Spinetoli,Spinetoli,SPINETOLI,Ascoli Piceno,AP,044,ASCOLI PICENO,Marche,11,MARCHE,Centro,0
044073,L728,Venarotta,Venarotta,VENAROTTA,Ascoli Piceno,AP,044,ASCOLI PICENO,Marche,11,MARCHE,Centro,0
109001,A233,Altidona,Altidona,ALTIDONA,Fermo,FM,109,FERMO,Marche,11,MARCHE,Centro,0
109002,A252,Amandola,Amandola,AMANDOLA,Fermo,FM,109,FERMO,Marche,11,MARCHE,Centro,0
109003,A760,Belmonte Piceno,Belmonte Piceno,BELMONTE PICENO,Fermo,FM,109,FERMO,Marche,11,MARCHE,Centro,0
109004,B534,Campofilone,Campofilone,CAMPOFILONE,Fermo,FM,109,FERMO,Marche,11,MARCHE,Centro,0
109005,D477,Falerone,Falerone,FALERONE,Fermo,FM,109,FERMO,Marche,11,MARCHE,Centro,0
109006,D542,Fermo,Fermo,FERMO,Fermo,FM,109,FERMO,Marche,11,MARCHE,Centro,1
109007,D760,Francavilla d'Ete,Francavilla d'Ete,FRANCAVILLA D ETE,Fermo,FM,109,FERMO,Marche,11,MARCHE,Centro,0
109008,E208,Grottazzolina,Grottazzolina,GROTTAZZOLINA,Fermo,FM,109,FERMO,Marche,11,MARCHE,Centro,0
109009,E447,Lapedona,Lapedona,LAPEDONA,Fermo,FM,109,FERMO,Marche,11,MARCHE,Centro,0
109010,E807,Magliano di Tenna,Magliano di Tenna,MAGLIANO DI TENNA,Fermo,FM,109,FERMO,Marche,11,MARCHE,Centro,0
109011,F021,Massa Fermana,Massa Fermana,MASSA FERMANA,Fermo,FM,109,FERMO,Marche,11,MARCHE,Centro,0
109012,F379,Monsampietro Morico,Monsampietro Morico,MONSAMPIETRO MORICO,Fermo,FM,109,FERMO,Marche,11,MARCHE,Centro,0
109013,F428,Montappone,Montappone,MONTAPPONE,Fermo,FM,109,FERMO,Marche,11,MARCHE,Centro,0
109016,F517,Monte Giberto,Monte Giberto,MONTE GIBERTO,Fermo,FM,109,FERMO,Marche,11,MARCHE,Centro,0
109021,F599,Monte Rinaldo,Monte Rinaldo,MONTE RINALDO,Fermo,FM,109,FERMO,Marche,11,MARCHE,Centro,0
109023,F626,Monte San Pietrangeli,Monte San Pietrangeli,MONTE SAN PIETRANGELI,Fermo,FM,109,FERMO,Marche,11,MARCHE,Centro,0
109024,F653,Monte Urano,Monte Urano,MONTE URANO,Fermo,FM,109,FERMO,Marche,11,MARCHE,Centro,0
109025,F664,Monte Vidon Combatte,Monte Vidon Combatte,MONTE VIDON COMBATTE,Fermo,FM,109,FERMO,Marche,11,MARCHE,Centro,0
109026,F665,Monte Vidon Corrado,Monte Vidon Corrado,MONTE VIDON CORRADO,Fermo,FM,109,FERMO,Marche,11,MARCHE,Centro,0
109014,F493,Montefalcone Appennino,Montefalcone Appennino,MONTEFALCONE APPENNINO,Fermo,FM,109,FERMO,Marche,11,MARCHE,Centro,0
109015,F509,Montefortino,Montefortino,MONTEFORTINO,Fermo,FM,109,FERMO,Marche,11,MARCHE,Centro,0
109017,F520,Montegiorgio,Montegiorgio,MONTEGIORGIO,Fermo,FM,109,FERMO,Marche,11,MARCHE,Centro,0
109018,F522,Montegranaro,Montegranaro,MONTEGRANARO,Fermo,FM,109,FERMO,Marche,11,MARCHE,Centro,0
109019,F536,Monteleone di Fermo,Monteleone di Fermo,MONTELEONE DI FERMO,Fermo,FM,109,FERMO,Marche,11,MARCHE,Centro,0
109020,F549,Montelparo,Montelparo,MONTELPARO,Fermo,FM,109,FERMO,Marche,11,MARCHE,Centro,0
109022,F614,Monterubbiano,Monterubbiano,MONTERUBBIANO,Fermo,FM,109,FERMO,Marche,11,MARCHE,Centro,0
109027,F697,Montottone,Montottone,MONTOTTONE,Fermo,FM,109,FERMO,Marche,11,MARCHE,Centro,0
109028,F722,Moresco,Moresco,MORESCO,Fermo,FM,109,FERMO,Marche,11,MARCHE,Centro,0
109029,G137,Ortezzano,Ortezzano,ORTEZZANO,Fermo,FM,109,FERMO,Marche,11,MARCHE,Centro,0
109030,G403,Pedaso,Pedaso,PEDASO,Fermo,FM,109,FERMO,Marche,11,MARCHE,Centro,0
109031,G516,Petritoli,Petritoli,PETRITOLI,Fermo,FM,109,FERMO,Marche,11,MARCHE,Centro,0
109032,G873,Ponzano di Fermo,Ponzano di Fermo,PONZANO DI FERMO,Fermo,FM,109,FERMO,Marche,11,MARCHE,Centro,0
109033,G920,Porto San Giorgio,Porto San Giorgio,PORTO SAN GIORGIO,Fermo,FM,109,FERMO,Marche,11,MARCHE,Centro,0
109034,G921,Porto Sant'Elpidio,Porto Sant'Elpidio,PORTO SANT ELPIDIO,Fermo,FM,109,FERMO,Marche,11,MARCHE,Centro,0
109035,H182,Rapagnano,Rapagnano,RAPAGNANO,Fermo,FM,109,FERMO,Marche,11,MARCHE,Centro,0
109037,I324,Sant'Elpidio a Mare,Sant'Elpidio a Mare,SANT ELPIDIO A MARE,Fermo,FM,109,FERMO,Marche,11,MARCHE,Centro,0
109036,I315,Santa Vittoria in Matenano,Santa Vittoria in Matenano,SANTA VITTORIA IN MATENANO,Fermo,FM,109,FERMO,Marche,11,MARCHE,Centro,0
109038,C070,Servigliano,Servigliano,SERVIGLIANO,Fermo,FM,109,FERMO,Marche,11,MARCHE,Centro,0
109039,I774,Smerillo,Smerillo,SMERILLO,Fermo,FM,109,FERMO,Marche,11,MARCHE,Centro,0
109040,L279,Torre San Patrizio,Torre San Patrizio,TORRE SAN PATRIZIO,Fermo,FM,109,FERMO,Marche,11,MARCHE,Centro,0
043002,A329,Apiro,Apiro,APIRO,Macerata,MC,043,MACERATA,Marche,11,MARCHE,Centro,0
043003,A334,Appignano,Appignano,APPIGNANO,Macerata,MC,043,MACERATA,Marche,11,MARCHE,Centro,0
043004,A739,Belforte del Chienti,Belforte del Chienti,BELFORTE DEL CHIENTI,Macerata,MC,043,MACERATA,Marche,11,MARCHE,Centro,0
043005,A947,Bolognola,Bolognola,BOLOGNOLA,Macerata,MC,043,MACERATA,Marche,11,MARCHE,Centro,0
043006,B398,Caldarola,Caldarola,CALDAROLA,Macerata,MC,043,MACERATA,Marche,11,MARCHE,Centro,0
043007,B474,Camerino,Camerino,CAMERINO,Macerata,MC,043,MACERATA,Marche,11,MARCHE,Centro,0
043008,B562,Camporotondo di Fiastrone,Camporotondo di Fiastrone,CAMPOROTONDO DI FIASTRONE,Macerata,MC,043,MACERATA,Marche,11,MARCHE,Centro,0
043009,C251,Castelraimondo,Castelraimondo,CASTELRAIMONDO,Macerata,MC,043,MACERATA,Marche,11,MARCHE,Centro,0
043010,C267,Castelsantangelo sul Nera,Castelsantangelo sul Nera,CASTELSANTANGELO SUL NERA,Macerata,MC,043,MACERATA,Marche,11,MARCHE,Centro,0
043011,C582,Cessapalombo,Cessapalombo,CESSAPALOMBO,Macerata,MC,043,MACERATA,Marche,11,MARCHE,Centro,0
043012,C704,Cingoli,Cingoli,CINGOLI,Macerata,MC,043,MACERATA,Marche,11,MARCHE,Centro,0
043013,C770,Civitanova Marche,Civitanova Marche,CIVITANOVA MARCHE,Macerata,MC,043,MACERATA,Marche,11,MARCHE,Centro,0
043014,C886,Colmurano,Colmurano,COLMURANO,Macerata,MC,043,MACERATA,Marche,11,MARCHE,Centro,0
043015,D042,Corridonia,Corridonia,CORRIDONIA,Macerata,MC,043,MACERATA,Marche,11,MARCHE,Centro,0
043016,D429,Esanatoglia,Esanatoglia,ESANATOGLIA,Macerata,MC,043,MACERATA,Marche,11,MARCHE,Centro,0
043017,D564,Fiastra,Fiastra,FIASTRA,Macerata,MC,043,MACERATA,Marche,11,MARCHE,Centro,0
043019,D628,Fiuminata,Fiuminata,FIUMINATA,Macerata,MC,043,MACERATA,Marche,11,MARCHE,Centro,0
043020,D853,Gagliole,Gagliole,GAGLIOLE,Macerata,MC,043,MACERATA,Marche,11,MARCHE,Centro,0
043021,E228,Gualdo,Gualdo,GUALDO,Macerata,MC,043,MACERATA,Marche,11,MARCHE,Centro,0
043022,E694,Loro Piceno,Loro Piceno,LORO PICENO,Macerata,MC,043,MACERATA,Marche,11,MARCHE,Centro,0
043023,E783,Macerata,Macerata,MACERATA,Macerata,MC,043,MACERATA,Marche,11,MARCHE,Centro,1
043024,F051,Matelica,Matelica,MATELICA,Macerata,MC,043,MACERATA,Marche,11,MARCHE,Centro,0
043025,F268,Mogliano,Mogliano,MOGLIANO,Macerata,MC,043,MACERATA,Marche,11,MARCHE,Centro,0
043027,F460,Monte Cavallo,Monte Cavallo,MONTE CAVALLO,Macerata,MC,043,MACERATA,Marche,11,MARCHE,Centro,0
043031,F621,Monte San Giusto,Monte San Giusto,MONTE SAN GIUSTO,Macerata,MC,043,MACERATA,Marche,11,MARCHE,Centro,0
043032,F622,Monte San Martino,Monte San Martino,MONTE SAN MARTINO,Macerata,MC,043,MACERATA,Marche,11,MARCHE,Centro,0
043026,F454,Montecassiano,Montecassiano,MONTECASSIANO,Macerata,MC,043,MACERATA,Marche,11,MARCHE,Centro,0
043028,F482,Montecosaro,Montecosaro,MONTECOSARO,Macerata,MC,043,MACERATA,Marche,11,MARCHE,Centro,0
043029,F496,Montefano,Montefano,MONTEFANO,Macerata,MC,043,MACERATA,Marche,11,MARCHE,Centro,0
043030,F552,Montelupone,Montelupone,MONTELUPONE,Macerata,MC,043,MACERATA,Marche,11,MARCHE,Centro,0
043033,F749,Morrovalle,Morrovalle,MORROVALLE,Macerata,MC,043,MACERATA,Marche,11,MARCHE,Centro,0
043034,F793,Muccia,Muccia,MUCCIA,Macerata,MC,043,MACERATA,Marche,11,MARCHE,Centro,0
043035,G436,Penna San Giovanni,Penna San Giovanni,PENNA SAN GIOVANNI,Macerata,MC,043,MACERATA,Marche,11,MARCHE,Centro,0
043036,G515,Petriolo,Petriolo,PETRIOLO,Macerata,MC,043,MACERATA,Marche,11,MARCHE,Centro,0
043038,G657,Pieve Torina,Pieve Torina,PIEVE TORINA,Macerata,MC,043,MACERATA,Marche,11,MARCHE,Centro,0
043039,G690,Pioraco,Pioraco,PIORACO,Macerata,MC,043,MACERATA,Marche,11,MARCHE,Centro,0
043040,D566,Poggio San Vicino,Poggio San Vicino,POGGIO SAN VICINO,Macerata,MC,043,MACERATA,Marche,11,MARCHE,Centro,0
043041,F567,Pollenza,Pollenza,POLLENZA,Macerata,MC,043,MACERATA,Marche,11,MARCHE,Centro,0
043042,G919,Porto Recanati,Porto Recanati,PORTO RECANATI,Macerata,MC,043,MACERATA,Marche,11,MARCHE,Centro,0
043043,F632,Potenza Picena,Potenza Picena,POTENZA PICENA,Macerata,MC,043,MACERATA,Marche,11,MARCHE,Centro,0
043044,H211,Recanati,Recanati,RECANATI,Macerata,MC,043,MACERATA,Marche,11,MARCHE,Centro,0
043045,H323,Ripe San Ginesio,Ripe San Ginesio,RIPE SAN GINESIO,Macerata,MC,043,MACERATA,Marche,11,MARCHE,Centro,0
043046,H876,San Ginesio,San Ginesio,SAN GINESIO,Macerata,MC,043,MACERATA,Marche,11,MARCHE,Centro,0
043047,I156,San Severino Marche,San Severino Marche,SAN SEVERINO MARCHE,Macerata,MC,043,MACERATA,Marche,11,MARCHE,Centro,0
043048,I286,Sant'Angelo in Pontano,Sant'Angelo in Pontano,SANT ANGELO IN PONTANO,Macerata,MC,043,MACERATA,Marche,11,MARCHE,Centro,0
043049,I436,Sarnano,Sarnano,SARNANO,Macerata,MC,043,MACERATA,Marche,11,MARCHE,Centro,0
043050,I569,Sefro,Sefro,SEFRO,Macerata,MC,043,MACERATA,Marche,11,MARCHE,Centro,0
043051,I651,Serrapetrona,Serrapetrona,SERRAPETRONA,Macerata,MC,043,MACERATA,Marche,11,MARCHE,Centro,0
043052,I661,Serravalle di Chienti,Serravalle di Chienti,SERRAVALLE DI CHIENTI,Macerata,MC,043,MACERATA,Marche,11,MARCHE,Centro,0
043053,L191,Tolentino,Tolentino,TOLENTINO,Macerata,MC,043,MACERATA,Marche,11,MARCHE,Centro,0
043054,L366,Treia,Treia,TREIA,Macerata,MC,043,MACERATA,Marche,11,MARCHE,Centro,0
043055,L501,Urbisaglia,Urbisaglia,URBISAGLIA,Macerata,MC,043,MACERATA,Marche,11,MARCHE,Centro,0
043056,L517,Ussita,Ussita,USSITA,Macerata,MC,043,MACERATA,Marche,11,MARCHE,Centro,0
043058,M382,Valfornace,Valfornace,VALFORNACE,Macerata,MC,043,MACERATA,Marche,11,MARCHE,Centro,0
043057,M078,Visso,Visso,VISSO,Macerata,MC,043,MACERATA,Marche,11,MARCHE,Centro,0
041001,A035,Acqualagna,Acqualagna,ACQUALAGNA,Pesaro e Urbino,PU,041,PESARO E URBINO,Marche,11,MARCHE,Centro,0
041002,A327,Apecchio,Apecchio,APECCHIO,Pesaro e Urbino,PU,041,PESARO E URBINO,Marche,11,MARCHE,Centro,0
041005,A740,Belforte all'Isauro,Belforte all'Isauro,BELFORTE ALL ISAURO,Pesaro e Urbino,PU,041,PESARO E URBINO,Marche,11,MARCHE,Centro,0
041006,B026,Borgo Pace,Borgo Pace,BORGO PACE,Pesaro e Urbino,PU,041,PESARO E URBINO,Marche,11,MARCHE,Centro,0
041007,B352,Cagli,Cagli,CAGLI,Pesaro e Urbino,PU,041,PESARO E URBINO,Marche,11,MARCHE,Centro,0
041008,B636,Cantiano,Cantiano,CANTIANO,Pesaro e Urbino,PU,041,PESARO E URBINO,Marche,11,MARCHE,Centro,0
041009,B816,Carpegna,Carpegna,CARPEGNA,Pesaro e Urbino,PU,041,PESARO E URBINO,Marche,11,MARCHE,Centro,0
041010,B846,Cartoceto,Cartoceto,CARTOCETO,Pesaro e Urbino,PU,041,PESARO E URBINO,Marche,11,MARCHE,Centro,0
041069,M380,Colli al Metauro,Colli al Metauro,COLLI AL METAURO,Pesaro e Urbino,PU,041,PESARO E URBINO,Marche,11,MARCHE,Centro,0
041013,D488,Fano,Fano,FANO,Pesaro e Urbino,PU,041,PESARO E URBINO,Marche,11,MARCHE,Centro,0
041014,D541,Fermignano,Fermignano,FERMIGNANO,Pesaro e Urbino,PU,041,PESARO E URBINO,Marche,11,MARCHE,Centro,0
041015,D749,Fossombrone,Fossombrone,FOSSOMBRONE,Pesaro e Urbino,PU,041,PESARO E URBINO,Marche,11,MARCHE,Centro,0
041016,D791,Fratte Rosa,Fratte Rosa,FRATTE ROSA,Pesaro e Urbino,PU,041,PESARO E URBINO,Marche,11,MARCHE,Centro,0
041017,D807,Frontino,Frontino,FRONTINO,Pesaro e Urbino,PU,041,PESARO E URBINO,Marche,11,MARCHE,Centro,0
041018,D808,Frontone,Frontone,FRONTONE,Pesaro e Urbino,PU,041,PESARO E URBINO,Marche,11,MARCHE,Centro,0
041019,D836,Gabicce Mare,Gabicce Mare,GABICCE MARE,Pesaro e Urbino,PU,041,PESARO E URBINO,Marche,11,MARCHE,Centro,0
041020,E122,Gradara,Gradara,GRADARA,Pesaro e Urbino,PU,041,PESARO E URBINO,Marche,11,MARCHE,Centro,0
041021,E351,Isola del Piano,Isola del Piano,ISOLA DEL PIANO,Pesaro e Urbino,PU,041,PESARO E URBINO,Marche,11,MARCHE,Centro,0
041022,E743,Lunano,Lunano,LUNANO,Pesaro e Urbino,PU,041,PESARO E URBINO,Marche,11,MARCHE,Centro,0
041023,E785,Macerata Feltria,Macerata Feltria,MACERATA FELTRIA,Pesaro e Urbino,PU,041,PESARO E URBINO,Marche,11,MARCHE,Centro,0
041025,F135,Mercatello sul Metauro,Mercatello sul Metauro,MERCATELLO SUL METAURO,Pesaro e Urbino,PU,041,PESARO E URBINO,Marche,11,MARCHE,Centro,0
041026,F136,Mercatino Conca,Mercatino Conca,MERCATINO CONCA,Pesaro e Urbino,PU,041,PESARO E URBINO,Marche,11,MARCHE,Centro,0
041027,F310,Mombaroccio,Mombaroccio,MOMBAROCCIO,Pesaro e Urbino,PU,041,PESARO E URBINO,Marche,11,MARCHE,Centro,0
041028,F347,Mondavio,Mondavio,MONDAVIO,Pesaro e Urbino,PU,041,PESARO E URBINO,Marche,11,MARCHE,Centro,0
041029,F348,Mondolfo,Mondolfo,MONDOLFO,Pesaro e Urbino,PU,041,PESARO E URBINO,Marche,11,MARCHE,Centro,0
041031,F467,Monte Cerignone,Monte Cerignone,MONTE CERIGNONE,Pesaro e Urbino,PU,041,PESARO E URBINO,Marche,11,MARCHE,Centro,0
041035,F524,Monte Grimano Terme,Monte Grimano Terme,MONTE GRIMANO TERME,Pesaro e Urbino,PU,041,PESARO E URBINO,Marche,11,MARCHE,Centro,0
041038,F589,Monte Porzio,Monte Porzio,MONTE PORZIO,Pesaro e Urbino,PU,041,PESARO E URBINO,Marche,11,MARCHE,Centro,0
041030,F450,Montecalvo in Foglia,Montecalvo in Foglia,MONTECALVO IN FOGLIA,Pesaro e Urbino,PU,041,PESARO E URBINO,Marche,11,MARCHE,Centro,0
041034,F497,Montefelcino,Montefelcino,MONTEFELCINO,Pesaro e Urbino,PU,041,PESARO E URBINO,Marche,11,MARCHE,Centro,0
041036,F533,Montelabbate,Montelabbate,MONTELABBATE,Pesaro e Urbino,PU,041,PESARO E URBINO,Marche,11,MARCHE,Centro,0
041041,G416,Peglio,Peglio,PEGLIO,Pesaro e Urbino,PU,041,PESARO E URBINO,Marche,11,MARCHE,Centro,0
041043,G453,Pergola,Pergola,PERGOLA,Pesaro e Urbino,PU,041,PESARO E URBINO,Marche,11,MARCHE,Centro,0
041044,G479,Pesaro,Pesaro,PESARO,Pesaro e Urbino,PU,041,PESARO E URBINO,Marche,11,MARCHE,Centro,1
041045,G514,Petriano,Petriano,PETRIANO,Pesaro e Urbino,PU,041,PESARO E URBINO,Marche,11,MARCHE,Centro,0
041047,G551,Piandimeleto,Piandimeleto,PIANDIMELETO,Pesaro e Urbino,PU,041,PESARO E URBINO,Marche,11,MARCHE,Centro,0
041048,G627,Pietrarubbia,Pietrarubbia,PIETRARUBBIA,Pesaro e Urbino,PU,041,PESARO E URBINO,Marche,11,MARCHE,Centro,0
041049,G682,Piobbico,Piobbico,PIOBBICO,Pesaro e Urbino,PU,041,PESARO E URBINO,Marche,11,MARCHE,Centro,0
041051,H809,San Costanzo,San Costanzo,SAN COSTANZO,Pesaro e Urbino,PU,041,PESARO E URBINO,Marche,11,MARCHE,Centro,0
041054,H958,San Lorenzo in Campo,San Lorenzo in Campo,SAN LORENZO IN CAMPO,Pesaro e Urbino,PU,041,PESARO E URBINO,Marche,11,MARCHE,Centro,0
041057,I287,Sant'Angelo in Vado,Sant'Angelo in Vado,SANT ANGELO IN VADO,Pesaro e Urbino,PU,041,PESARO E URBINO,Marche,11,MARCHE,Centro,0
041058,I344,Sant'Ippolito,Sant'Ippolito,SANT IPPOLITO,Pesaro e Urbino,PU,041,PESARO E URBINO,Marche,11,MARCHE,Centro,0
041071,M413,Sassocorvaro Auditore,Sassocorvaro Auditore,SASSOCORVARO AUDITORE,Pesaro e Urbino,PU,041,PESARO E URBINO,Marche,11,MARCHE,Centro,0
041061,I654,Serra Sant'Abbondio,Serra Sant'Abbondio,SERRA SANT ABBONDIO,Pesaro e Urbino,PU,041,PESARO E URBINO,Marche,11,MARCHE,Centro,0
041064,L078,Tavoleto,Tavoleto,TAVOLETO,Pesaro e Urbino,PU,041,PESARO E URBINO,Marche,11,MARCHE,Centro,0
041065,L081,Tavullia,Tavullia,TAVULLIA,Pesaro e Urbino,PU,041,PESARO E URBINO,Marche,11,MARCHE,Centro,0
041070,M379,Terre Roveresche,Terre Roveresche,TERRE ROVERESCHE,Pesaro e Urbino,PU,041,PESARO E URBINO,Marche,11,MARCHE,Centro,0
041066,L498,Urbania,Urbania,URBANIA,Pesaro e Urbino,PU,041,PESARO E URBINO,Marche,11,MARCHE,Centro,0
041067,L500,Urbino,Urbino,URBINO,Pesaro e Urbino,PU,041,PESARO E URBINO,Marche,11,MARCHE,Centro,1
041068,M331,Vallefoglia,Vallefoglia,VALLEFOGLIA,Pesaro e Urbino,PU,041,PESARO E URBINO,Marche,11,MARCHE,Centro,0
070001,A050,Acquaviva Collecroce,Acquaviva Collecroce,ACQUAVIVA COLLECROCE,Campobasso,CB,070,CAMPOBASSO,Molise,14,MOLISE,Sud,0
070002,A616,Baranello,Baranello,BARANELLO,Campobasso,CB,070,CAMPOBASSO,Molise,14,MOLISE,Sud,0
070003,A930,Bojano,Bojano,BOJANO,Campobasso,CB,070,CAMPOBASSO,Molise,14,MOLISE,Sud,0
070004,A971,Bonefro,Bonefro,BONEFRO,Campobasso,CB,070,CAMPOBASSO,Molise,14,MOLISE,Sud,0
070005,B295,Busso,Busso,BUSSO,Campobasso,CB,070,CAMPOBASSO,Molise,14,MOLISE,Sud,0
070006,B519,Campobasso,Campobasso,CAMPOBASSO,Campobasso,CB,070,CAMPOBASSO,Molise,14,MOLISE,Sud,1
070007,B522,Campochiaro,Campochiaro,CAMPOCHIARO,Campobasso,CB,070,CAMPOBASSO,Molise,14,MOLISE,Sud,0
070008,B528,Campodipietra,Campodipietra,CAMPODIPIETRA,Campobasso,CB,070,CAMPOBASSO,Molise,14,MOLISE,Sud,0
070009,B544,Campolieto,Campolieto,CAMPOLIETO,Campobasso,CB,070,CAMPOBASSO,Molise,14,MOLISE,Sud,0
070010,B550,Campomarino,Campomarino,CAMPOMARINO,Campobasso,CB,070,CAMPOBASSO,Molise,14,MOLISE,Sud,0
070011,B858,Casacalenda,Casacalenda,CASACALENDA,Campobasso,CB,070,CAMPOBASSO,Molise,14,MOLISE,Sud,0
070012,B871,Casalciprano,Casalciprano,CASALCIPRANO,Campobasso,CB,070,CAMPOBASSO,Molise,14,MOLISE,Sud,0
070013,C066,Castelbottaccio,Castelbottaccio,CASTELBOTTACCIO,Campobasso,CB,070,CAMPOBASSO,Molise,14,MOLISE,Sud,0
070014,C175,Castellino del Biferno,Castellino del Biferno,CASTELLINO DEL BIFERNO,Campobasso,CB,070,CAMPOBASSO,Molise,14,MOLISE,Sud,0
070015,C197,Castelmauro,Castelmauro,CASTELMAURO,Campobasso,CB,070,CAMPOBASSO,Molise,14,MOLISE,Sud,0
070016,C346,Castropignano,Castropignano,CASTROPIGNANO,Campobasso,CB,070,CAMPOBASSO,Molise,14,MOLISE,Sud,0
070017,C486,Cercemaggiore,Cercemaggiore,CERCEMAGGIORE,Campobasso,CB,070,CAMPOBASSO,Molise,14,MOLISE,Sud,0
070018,C488,Cercepiccola,Cercepiccola,CERCEPICCOLA,Campobasso,CB,070,CAMPOBASSO,Molise,14,MOLISE,Sud,0
070019,C764,Civitacampomarano,Civitacampomarano,CIVITACAMPOMARANO,Campobasso,CB,070,CAMPOBASSO,Molise,14,MOLISE,Sud,0
070020,C854,Colle d'Anchise,Colle d'Anchise,COLLE D ANCHISE,Campobasso,CB,070,CAMPOBASSO,Molise,14,MOLISE,Sud,0
070021,C875,Colletorto,Colletorto,COLLETORTO,Campobasso,CB,070,CAMPOBASSO,Molise,14,MOLISE,Sud,0
070022,C772,Duronia,Duronia,DURONIA,Campobasso,CB,070,CAMPOBASSO,Molise,14,MOLISE,Sud,0
070023,D550,Ferrazzano,Ferrazzano,FERRAZZANO,Campobasso,CB,070,CAMPOBASSO,Molise,14,MOLISE,Sud,0
070024,D737,Fossalto,Fossalto,FOSSALTO,Campobasso,CB,070,CAMPOBASSO,Molise,14,MOLISE,Sud,0
070025,D896,Gambatesa,Gambatesa,GAMBATESA,Campobasso,CB,070,CAMPOBASSO,Molise,14,MOLISE,Sud,0
070026,E030,Gildone,Gildone,GILDONE,Campobasso,CB,070,CAMPOBASSO,Molise,14,MOLISE,Sud,0
070027,E244,Guardialfiera,Guardialfiera,GUARDIALFIERA,Campobasso,CB,070,CAMPOBASSO,Molise,14,MOLISE,Sud,0
070028,E248,Guardiaregia,Guardiaregia,GUARDIAREGIA,Campobasso,CB,070,CAMPOBASSO,Molise,14,MOLISE,Sud,0
070029,E259,Guglionesi,Guglionesi,GUGLIONESI,Campobasso,CB,070,CAMPOBASSO,Molise,14,MOLISE,Sud,0
070030,E381,Jelsi,Jelsi,JELSI,Campobasso,CB,070,CAMPOBASSO,Molise,14,MOLISE,Sud,0
070031,E456,Larino,Larino,LARINO,Campobasso,CB,070,CAMPOBASSO,Molise,14,MOLISE,Sud,0
070032,E599,Limosano,Limosano,LIMOSANO,Campobasso,CB,070,CAMPOBASSO,Molise,14,MOLISE,Sud,0
070033,E722,Lucito,Lucito,LUCITO,Campobasso,CB,070,CAMPOBASSO,Molise,14,MOLISE,Sud,0
070034,E748,Lupara,Lupara,LUPARA,Campobasso,CB,070,CAMPOBASSO,Molise,14,MOLISE,Sud,0
070035,E780,Macchia Valfortore,Macchia Valfortore,MACCHIA VALFORTORE,Campobasso,CB,070,CAMPOBASSO,Molise,14,MOLISE,Sud,0
070036,E799,Mafalda,Mafalda,MAFALDA,Campobasso,CB,070,CAMPOBASSO,Molise,14,MOLISE,Sud,0
070037,F055,Matrice,Matrice,MATRICE,Campobasso,CB,070,CAMPOBASSO,Molise,14,MOLISE,Sud,0
070038,F233,Mirabello Sannitico,Mirabello Sannitico,MIRABELLO SANNITICO,Campobasso,CB,070,CAMPOBASSO,Molise,14,MOLISE,Sud,0
070039,F294,Molise,Molise,MOLISE,Campobasso,CB,070,CAMPOBASSO,Molise,14,MOLISE,Sud,0
070040,F322,Monacilioni,Monacilioni,MONACILIONI,Campobasso,CB,070,CAMPOBASSO,Molise,14,MOLISE,Sud,0
070041,F391,Montagano,Montagano,MONTAGANO,Campobasso,CB,070,CAMPOBASSO,Molise,14,MOLISE,Sud,0
070042,F475,Montecilfone,Montecilfone,MONTECILFONE,Campobasso,CB,070,CAMPOBASSO,Molise,14,MOLISE,Sud,0
070043,F495,Montefalcone nel Sannio,Montefalcone nel Sannio,MONTEFALCONE NEL SANNIO,Campobasso,CB,070,CAMPOBASSO,Molise,14,MOLISE,Sud,0
070044,F548,Montelongo,Montelongo,MONTELONGO,Campobasso,CB,070,CAMPOBASSO,Molise,14,MOLISE,Sud,0
070045,F569,Montemitro,Montemitro,MONTEMITRO,Campobasso,CB,070,CAMPOBASSO,Molise,14,MOLISE,Sud,0
070046,F576,Montenero di Bisaccia,Montenero di Bisaccia,MONTENERO DI BISACCIA,Campobasso,CB,070,CAMPOBASSO,Molise,14,MOLISE,Sud,0
070047,F689,Montorio nei Frentani,Montorio nei Frentani,MONTORIO NEI FRENTANI,Campobasso,CB,070,CAMPOBASSO,Molise,14,MOLISE,Sud,0
070048,F748,Morrone del Sannio,Morrone del Sannio,MORRONE DEL SANNIO,Campobasso,CB,070,CAMPOBASSO,Molise,14,MOLISE,Sud,0
070049,G086,Oratino,Oratino,ORATINO,Campobasso,CB,070,CAMPOBASSO,Molise,14,MOLISE,Sud,0
070050,G257,Palata,Palata,PALATA,Campobasso,CB,070,CAMPOBASSO,Molise,14,MOLISE,Sud,0
070051,G506,Petacciato,Petacciato,PETACCIATO,Campobasso,CB,070,CAMPOBASSO,Molise,14,MOLISE,Sud,0
070052,G512,Petrella Tifernina,Petrella Tifernina,PETRELLA TIFERNINA,Campobasso,CB,070,CAMPOBASSO,Molise,14,MOLISE,Sud,0
070053,G609,Pietracatella,Pietracatella,PIETRACATELLA,Campobasso,CB,070,CAMPOBASSO,Molise,14,MOLISE,Sud,0
070054,G610,Pietracupa,Pietracupa,PIETRACUPA,Campobasso,CB,070,CAMPOBASSO,Molise,14,MOLISE,Sud,0
070055,G910,Portocannone,Portocannone,PORTOCANNONE,Campobasso,CB,070,CAMPOBASSO,Molise,14,MOLISE,Sud,0
070056,H083,Provvidenti,Provvidenti,PROVVIDENTI,Campobasso,CB,070,CAMPOBASSO,Molise,14,MOLISE,Sud,0
070057,H273,Riccia,Riccia,RICCIA,Campobasso,CB,070,CAMPOBASSO,Molise,14,MOLISE,Sud,0
070058,H311,Ripabottoni,Ripabottoni,RIPABOTTONI,Campobasso,CB,070,CAMPOBASSO,Molise,14,MOLISE,Sud,0
070059,H313,Ripalimosani,Ripalimosani,RIPALIMOSANI,Campobasso,CB,070,CAMPOBASSO,Molise,14,MOLISE,Sud,0
070060,H454,Roccavivara,Roccavivara,ROCCAVIVARA,Campobasso,CB,070,CAMPOBASSO,Molise,14,MOLISE,Sud,0
070061,H589,Rotello,Rotello,ROTELLO,Campobasso,CB,070,CAMPOBASSO,Molise,14,MOLISE,Sud,0
070062,H693,Salcito,Salcito,SALCITO,Campobasso,CB,070,CAMPOBASSO,Molise,14,MOLISE,Sud,0
070063,H782,San Biase,San Biase,SAN BIASE,Campobasso,CB,070,CAMPOBASSO,Molise,14,MOLISE,Sud,0
070064,H833,San Felice del Molise,San Felice del Molise,SAN FELICE DEL MOLISE,Campobasso,CB,070,CAMPOBASSO,Molise,14,MOLISE,Sud,0
070065,H867,San Giacomo degli Schiavoni,San Giacomo degli Schiavoni,SAN GIACOMO DEGLI SCHIAVONI,Campobasso,CB,070,CAMPOBASSO,Molise,14,MOLISE,Sud,0
070066,H920,San Giovanni in Galdo,San Giovanni in Galdo,SAN GIOVANNI IN GALDO,Campobasso,CB,070,CAMPOBASSO,Molise,14,MOLISE,Sud,0
070067,H928,San Giuliano del Sannio,San Giuliano del Sannio,SAN GIULIANO DEL SANNIO,Campobasso,CB,070,CAMPOBASSO,Molise,14,MOLISE,Sud,0
070068,H929,San Giuliano di Puglia,San Giuliano di Puglia,SAN GIULIANO DI PUGLIA,Campobasso,CB,070,CAMPOBASSO,Molise,14,MOLISE,Sud,0
070069,H990,San Martino in Pensilis,San Martino in Pensilis,SAN MARTINO IN PENSILIS,Campobasso,CB,070,CAMPOBASSO,Molise,14,MOLISE,Sud,0
070070,I023,San Massimo,San Massimo,SAN MASSIMO,Campobasso,CB,070,CAMPOBASSO,Molise,14,MOLISE,Sud,0
070071,I122,San Polo Matese,San Polo Matese,SAN POLO MATESE,Campobasso,CB,070,CAMPOBASSO,Molise,14,MOLISE,Sud,0
070073,I289,Sant'Angelo Limosano,Sant'Angelo Limosano,SANT ANGELO LIMOSANO,Campobasso,CB,070,CAMPOBASSO,Molise,14,MOLISE,Sud,0
070074,I320,Sant'Elia a Pianisi,Sant'Elia a Pianisi,SANT ELIA A PIANISI,Campobasso,CB,070,CAMPOBASSO,Molise,14,MOLISE,Sud,0
070072,I181,Santa Croce di Magliano,Santa Croce di Magliano,SANTA CROCE DI MAGLIANO,Campobasso,CB,070,CAMPOBASSO,Molise,14,MOLISE,Sud,0
070075,I618,Sepino,Sepino,SEPINO,Campobasso,CB,070,CAMPOBASSO,Molise,14,MOLISE,Sud,0
070076,I910,Spinete,Spinete,SPINETE,Campobasso,CB,070,CAMPOBASSO,Molise,14,MOLISE,Sud,0
070077,L069,Tavenna,Tavenna,TAVENNA,Campobasso,CB,070,CAMPOBASSO,Molise,14,MOLISE,Sud,0
070078,L113,Termoli,Termoli,TERMOLI,Campobasso,CB,070,CAMPOBASSO,Molise,14,MOLISE,Sud,0
070079,L215,Torella del Sannio,Torella del Sannio,TORELLA DEL SANNIO,Campobasso,CB,070,CAMPOBASSO,Molise,14,MOLISE,Sud,0
070080,L230,Toro,Toro,TORO,Campobasso,CB,070,CAMPOBASSO,Molise,14,MOLISE,Sud,0
070081,L435,Trivento,Trivento,TRIVENTO,Campobasso,CB,070,CAMPOBASSO,Molise,14,MOLISE,Sud,0
070082,L458,Tufara,Tufara,TUFARA,Campobasso,CB,070,CAMPOBASSO,Molise,14,MOLISE,Sud,0
070083,L505,Ururi,Ururi,URURI,Campobasso,CB,070,CAMPOBASSO,Molise,14,MOLISE,Sud,0
070084,M057,Vinchiaturo,Vinchiaturo,VINCHIATURO,Campobasso,CB,070,CAMPOBASSO,Molise,14,MOLISE,Sud,0
094001,A051,Acquaviva d'Isernia,Acquaviva d'Isernia,ACQUAVIVA D ISERNIA,Isernia,IS,094,ISERNIA,Molise,14,MOLISE,Sud,0
094002,A080,Agnone,Agnone,AGNONE,Isernia,IS,094,ISERNIA,Molise,14,MOLISE,Sud,0
094003,A567,Bagnoli del Trigno,Bagnoli del Trigno,BAGNOLI DEL TRIGNO,Isernia,IS,094,ISERNIA,Molise,14,MOLISE,Sud,0
094004,A761,Belmonte del Sannio,Belmonte del Sannio,BELMONTE DEL SANNIO,Isernia,IS,094,ISERNIA,Molise,14,MOLISE,Sud,0
094005,B630,Cantalupo nel Sannio,Cantalupo nel Sannio,CANTALUPO NEL SANNIO,Isernia,IS,094,ISERNIA,Molise,14,MOLISE,Sud,0
094006,B682,Capracotta,Capracotta,CAPRACOTTA,Isernia,IS,094,ISERNIA,Molise,14,MOLISE,Sud,0
094007,B810,Carovilli,Carovilli,CAROVILLI,Isernia,IS,094,ISERNIA,Molise,14,MOLISE,Sud,0
094008,B830,Carpinone,Carpinone,CARPINONE,Isernia,IS,094,ISERNIA,Molise,14,MOLISE,Sud,0
094012,C270,Castel San Vincenzo,Castel San Vincenzo,CASTEL SAN VINCENZO,Isernia,IS,094,ISERNIA,Molise,14,MOLISE,Sud,0
094009,C082,Castel del Giudice,Castel del Giudice,CASTEL DEL GIUDICE,Isernia,IS,094,ISERNIA,Molise,14,MOLISE,Sud,0
094010,C246,Castelpetroso,Castelpetroso,CASTELPETROSO,Isernia,IS,094,ISERNIA,Molise,14,MOLISE,Sud,0
094011,C247,Castelpizzuto,Castelpizzuto,CASTELPIZZUTO,Isernia,IS,094,ISERNIA,Molise,14,MOLISE,Sud,0
094013,C200,Castelverrino,Castelverrino,CASTELVERRINO,Isernia,IS,094,ISERNIA,Molise,14,MOLISE,Sud,0
094014,C534,Cerro al Volturno,Cerro al Volturno,CERRO AL VOLTURNO,Isernia,IS,094,ISERNIA,Molise,14,MOLISE,Sud,0
094015,C620,Chiauci,Chiauci,CHIAUCI,Isernia,IS,094,ISERNIA,Molise,14,MOLISE,Sud,0
094016,C769,Civitanova del Sannio,Civitanova del Sannio,CIVITANOVA DEL SANNIO,Isernia,IS,094,ISERNIA,Molise,14,MOLISE,Sud,0
094017,C878,Colli a Volturno,Colli a Volturno,COLLI A VOLTURNO,Isernia,IS,094,ISERNIA,Molise,14,MOLISE,Sud,0
094018,C941,Conca Casale,Conca Casale,CONCA CASALE,Isernia,IS,094,ISERNIA,Molise,14,MOLISE,Sud,0
094019,D595,Filignano,Filignano,FILIGNANO,Isernia,IS,094,ISERNIA,Molise,14,MOLISE,Sud,0
094020,D703,Forlì del Sannio,Forlì del Sannio,FORLI DEL SANNIO,Isernia,IS,094,ISERNIA,Molise,14,MOLISE,Sud,0
094021,D715,Fornelli,Fornelli,FORNELLI,Isernia,IS,094,ISERNIA,Molise,14,MOLISE,Sud,0
094022,D811,Frosolone,Frosolone,FROSOLONE,Isernia,IS,094,ISERNIA,Molise,14,MOLISE,Sud,0
094023,E335,Isernia,Isernia,ISERNIA,Isernia,IS,094,ISERNIA,Molise,14,MOLISE,Sud,1
094024,E669,Longano,Longano,LONGANO,Isernia,IS,094,ISERNIA,Molise,14,MOLISE,Sud,0
094025,E778,Macchia d'Isernia,Macchia d'Isernia,MACCHIA D ISERNIA,Isernia,IS,094,ISERNIA,Molise,14,MOLISE,Sud,0
094026,E779,Macchiagodena,Macchiagodena,MACCHIAGODENA,Isernia,IS,094,ISERNIA,Molise,14,MOLISE,Sud,0
094027,F239,Miranda,Miranda,MIRANDA,Isernia,IS,094,ISERNIA,Molise,14,MOLISE,Sud,0
094028,F429,Montaquila,Montaquila,MONTAQUILA,Isernia,IS,094,ISERNIA,Molise,14,MOLISE,Sud,0
094029,F580,Montenero Val Cocchiara,Montenero Val Cocchiara,MONTENERO VAL COCCHIARA,Isernia,IS,094,ISERNIA,Molise,14,MOLISE,Sud,0
094030,F601,Monteroduni,Monteroduni,MONTERODUNI,Isernia,IS,094,ISERNIA,Molise,14,MOLISE,Sud,0
094031,G486,Pesche,Pesche,PESCHE,Isernia,IS,094,ISERNIA,Molise,14,MOLISE,Sud,0
094032,G495,Pescolanciano,Pescolanciano,PESCOLANCIANO,Isernia,IS,094,ISERNIA,Molise,14,MOLISE,Sud,0
094033,G497,Pescopennataro,Pescopennataro,PESCOPENNATARO,Isernia,IS,094,ISERNIA,Molise,14,MOLISE,Sud,0
094034,G523,Pettoranello del Molise,Pettoranello del Molise,PETTORANELLO DEL MOLISE,Isernia,IS,094,ISERNIA,Molise,14,MOLISE,Sud,0
094035,G606,Pietrabbondante,Pietrabbondante,PIETRABBONDANTE,Isernia,IS,094,ISERNIA,Molise,14,MOLISE,Sud,0
094036,G727,Pizzone,Pizzone,PIZZONE,Isernia,IS,094,ISERNIA,Molise,14,MOLISE,Sud,0
094037,B317,Poggio Sannita,Poggio Sannita,POGGIO SANNITA,Isernia,IS,094,ISERNIA,Molise,14,MOLISE,Sud,0
094038,G954,Pozzilli,Pozzilli,POZZILLI,Isernia,IS,094,ISERNIA,Molise,14,MOLISE,Sud,0
094039,H308,Rionero Sannitico,Rionero Sannitico,RIONERO SANNITICO,Isernia,IS,094,ISERNIA,Molise,14,MOLISE,Sud,0
094040,H420,Roccamandolfi,Roccamandolfi,ROCCAMANDOLFI,Isernia,IS,094,ISERNIA,Molise,14,MOLISE,Sud,0
094041,H445,Roccasicura,Roccasicura,ROCCASICURA,Isernia,IS,094,ISERNIA,Molise,14,MOLISE,Sud,0
094042,H458,Rocchetta a Volturno,Rocchetta a Volturno,ROCCHETTA A VOLTURNO,Isernia,IS,094,ISERNIA,Molise,14,MOLISE,Sud,0
094043,I096,San Pietro Avellana,San Pietro Avellana,SAN PIETRO AVELLANA,Isernia,IS,094,ISERNIA,Molise,14,MOLISE,Sud,0
094044,I189,Sant'Agapito,Sant'Agapito,SANT AGAPITO,Isernia,IS,094,ISERNIA,Molise,14,MOLISE,Sud,0
094046,I282,Sant'Angelo del Pesco,Sant'Angelo del Pesco,SANT ANGELO DEL PESCO,Isernia,IS,094,ISERNIA,Molise,14,MOLISE,Sud,0
094047,B466,Sant'Elena Sannita,Sant'Elena Sannita,SANT ELENA SANNITA,Isernia,IS,094,ISERNIA,Molise,14,MOLISE,Sud,0
094045,I238,Santa Maria del Molise,Santa Maria del Molise,SANTA MARIA DEL MOLISE,Isernia,IS,094,ISERNIA,Molise,14,MOLISE,Sud,0
094048,I507,Scapoli,Scapoli,SCAPOLI,Isernia,IS,094,ISERNIA,Molise,14,MOLISE,Sud,0
094049,I679,Sessano del Molise,Sessano del Molise,SESSANO DEL MOLISE,Isernia,IS,094,ISERNIA,Molise,14,MOLISE,Sud,0
094050,I682,Sesto Campano,Sesto Campano,SESTO CAMPANO,Isernia,IS,094,ISERNIA,Molise,14,MOLISE,Sud,0
094051,L696,Vastogirardi,Vastogirardi,VASTOGIRARDI,Isernia,IS,094,ISERNIA,Molise,14,MOLISE,Sud,0
094052,L725,Venafro,Venafro,VENAFRO,Isernia,IS,094,ISERNIA,Molise,14,MOLISE,Sud,0
006001,A052,Acqui Terme,Acqui Terme,ACQUI TERME,Alessandria,AL,006,ALESSANDRIA,Piemonte,01,PIEMONTE,Nord-ovest,0
006002,A146,Albera Ligure,Albera Ligure,ALBERA LIGURE,Alessandria,AL,006,ALESSANDRIA,Piemonte,01,PIEMONTE,Nord-ovest,0
006003,A182,Alessandria,Alessandria,ALESSANDRIA,Alessandria,AL,006,ALESSANDRIA,Piemonte,01,PIEMONTE,Nord-ovest,1
006004,A189,Alfiano Natta,Alfiano Natta,ALFIANO NATTA,Alessandria,AL,006,ALESSANDRIA,Piemonte,01,PIEMONTE,Nord-ovest,0
006005,A197,Alice Bel Colle,Alice Bel Colle,ALICE BEL COLLE,Alessandria,AL,006,ALESSANDRIA,Piemonte,01,PIEMONTE,Nord-ovest,0
006192,M397,Alluvioni Piovera,Alluvioni Piovera,ALLUVIONI PIOVERA,Alessandria,AL,006,ALESSANDRIA,Piemonte,01,PIEMONTE,Nord-ovest,0
006007,A227,Altavilla Monferrato,Altavilla Monferrato,ALTAVILLA MONFERRATO,Alessandria,AL,006,ALESSANDRIA,Piemonte,01,PIEMONTE,Nord-ovest,0
006008,A245,Alzano Scrivia,Alzano Scrivia,ALZANO SCRIVIA,Alessandria,AL,006,ALESSANDRIA,Piemonte,01,PIEMONTE,Nord-ovest,0
006009,A436,Arquata Scrivia,Arquata Scrivia,ARQUATA SCRIVIA,Alessandria,AL,006,ALESSANDRIA,Piemonte,01,PIEMONTE,Nord-ovest,0
006010,A523,Avolasca,Avolasca,AVOLASCA,Alessandria,AL,006,ALESSANDRIA,Piemonte,01,PIEMONTE,Nord-ovest,0
006011,A605,Balzola,Balzola,BALZOLA,Alessandria,AL,006,ALESSANDRIA,Piemonte,01,PIEMONTE,Nord-ovest,0
006012,A689,Basaluzzo,Basaluzzo,BASALUZZO,Alessandria,AL,006,ALESSANDRIA,Piemonte,01,PIEMONTE,Nord-ovest,0
006013,A708,Bassignana,Bassignana,BASSIGNANA,Alessandria,AL,006,ALESSANDRIA,Piemonte,01,PIEMONTE,Nord-ovest,0
006014,A738,Belforte Monferrato,Belforte Monferrato,BELFORTE MONFERRATO,Alessandria,AL,006,ALESSANDRIA,Piemonte,01,PIEMONTE,Nord-ovest,0
006015,A793,Bergamasco,Bergamasco,BERGAMASCO,Alessandria,AL,006,ALESSANDRIA,Piemonte,01,PIEMONTE,Nord-ovest,0
006016,A813,Berzano di Tortona,Berzano di Tortona,BERZANO DI TORTONA,Alessandria,AL,006,ALESSANDRIA,Piemonte,01,PIEMONTE,Nord-ovest,0
006017,A889,Bistagno,Bistagno,BISTAGNO,Alessandria,AL,006,ALESSANDRIA,Piemonte,01,PIEMONTE,Nord-ovest,0
006018,A998,Borghetto di Borbera,Borghetto di Borbera,BORGHETTO DI BORBERA,Alessandria,AL,006,ALESSANDRIA,Piemonte,01,PIEMONTE,Nord-ovest,0
006020,B037,Borgo San Martino,Borgo San Martino,BORGO SAN MARTINO,Alessandria,AL,006,ALESSANDRIA,Piemonte,01,PIEMONTE,Nord-ovest,0
006019,B029,Borgoratto Alessandrino,Borgoratto Alessandrino,BORGORATTO ALESSANDRINO,Alessandria,AL,006,ALESSANDRIA,Piemonte,01,PIEMONTE,Nord-ovest,0
006021,B071,Bosco Marengo,Bosco Marengo,BOSCO MARENGO,Alessandria,AL,006,ALESSANDRIA,Piemonte,01,PIEMONTE,Nord-ovest,0
006022,B080,Bosio,Bosio,BOSIO,Alessandria,AL,006,ALESSANDRIA,Piemonte,01,PIEMONTE,Nord-ovest,0
006023,B109,Bozzole,Bozzole,BOZZOLE,Alessandria,AL,006,ALESSANDRIA,Piemonte,01,PIEMONTE,Nord-ovest,0
006024,B179,Brignano-Frascata,Brignano-Frascata,BRIGNANO FRASCATA,Alessandria,AL,006,ALESSANDRIA,Piemonte,01,PIEMONTE,Nord-ovest,0
006025,B311,Cabella Ligure,Cabella Ligure,CABELLA LIGURE,Alessandria,AL,006,ALESSANDRIA,Piemonte,01,PIEMONTE,Nord-ovest,0
006026,B453,Camagna Monferrato,Camagna Monferrato,CAMAGNA MONFERRATO,Alessandria,AL,006,ALESSANDRIA,Piemonte,01,PIEMONTE,Nord-ovest,0
006027,B482,Camino,Camino,CAMINO,Alessandria,AL,006,ALESSANDRIA,Piemonte,01,PIEMONTE,Nord-ovest,0
006028,B629,Cantalupo Ligure,Cantalupo Ligure,CANTALUPO LIGURE,Alessandria,AL,006,ALESSANDRIA,Piemonte,01,PIEMONTE,Nord-ovest,0
006029,B701,Capriata d'Orba,Capriata d'Orba,CAPRIATA D ORBA,Alessandria,AL,006,ALESSANDRIA,Piemonte,01,PIEMONTE,Nord-ovest,0
006030,B736,Carbonara Scrivia,Carbonara Scrivia,CARBONARA SCRIVIA,Alessandria,AL,006,ALESSANDRIA,Piemonte,01,PIEMONTE,Nord-ovest,0
006031,B765,Carentino,Carentino,CARENTINO,Alessandria,AL,006,ALESSANDRIA,Piemonte,01,PIEMONTE,Nord-ovest,0
006032,B769,Carezzano,Carezzano,CAREZZANO,Alessandria,AL,006,ALESSANDRIA,Piemonte,01,PIEMONTE,Nord-ovest,0
006033,B818,Carpeneto,Carpeneto,CARPENETO,Alessandria,AL,006,ALESSANDRIA,Piemonte,01,PIEMONTE,Nord-ovest,0
006034,B836,Carrega Ligure,Carrega Ligure,CARREGA LIGURE,Alessandria,AL,006,ALESSANDRIA,Piemonte,01,PIEMONTE,Nord-ovest,0
006035,B840,Carrosio,Carrosio,CARROSIO,Alessandria,AL,006,ALESSANDRIA,Piemonte,01,PIEMONTE,Nord-ovest,0
006036,B847,Cartosio,Cartosio,CARTOSIO,Alessandria,AL,006,ALESSANDRIA,Piemonte,01,PIEMONTE,Nord-ovest,0
006037,B870,Casal Cermelli,Casal Cermelli,CASAL CERMELLI,Alessandria,AL,006,ALESSANDRIA,Piemonte,01,PIEMONTE,Nord-ovest,0
006039,B885,Casale Monferrato,Casale Monferrato,CASALE MONFERRATO,Alessandria,AL,006,ALESSANDRIA,Piemonte,01,PIEMONTE,Nord-ovest,0
006038,B882,Casaleggio Boiro,Casaleggio Boiro,CASALEGGIO BOIRO,Alessandria,AL,006,ALESSANDRIA,Piemonte,01,PIEMONTE,Nord-ovest,0
006040,B902,Casalnoceto,Casalnoceto,CASALNOCETO,Alessandria,AL,006,ALESSANDRIA,Piemonte,01,PIEMONTE,Nord-ovest,0
006041,B941,Casasco,Casasco,CASASCO,Alessandria,AL,006,ALESSANDRIA,Piemonte,01,PIEMONTE,Nord-ovest,0
006191,M388,Cassano Spinola,Cassano Spinola,CASSANO SPINOLA,Alessandria,AL,006,ALESSANDRIA,Piemonte,01,PIEMONTE,Nord-ovest,0
006043,C027,Cassine,Cassine,CASSINE,Alessandria,AL,006,ALESSANDRIA,Piemonte,01,PIEMONTE,Nord-ovest,0
006044,C030,Cassinelle,Cassinelle,CASSINELLE,Alessandria,AL,006,ALESSANDRIA,Piemonte,01,PIEMONTE,Nord-ovest,0
006045,C137,Castellania Coppi,Castellania Coppi,CASTELLANIA COPPI,Alessandria,AL,006,ALESSANDRIA,Piemonte,01,PIEMONTE,Nord-ovest,0
006046,C142,Castellar Guidobono,Castellar Guidobono,CASTELLAR GUIDOBONO,Alessandria,AL,006,ALESSANDRIA,Piemonte,01,PIEMONTE,Nord-ovest,0
006047,C148,Castellazzo Bormida,Castellazzo Bormida,CASTELLAZZO BORMIDA,Alessandria,AL,006,ALESSANDRIA,Piemonte,01,PIEMONTE,Nord-ovest,0
006050,C160,Castelletto Merli,Castelletto Merli,CASTELLETTO MERLI,Alessandria,AL,006,ALESSANDRIA,Piemonte,01,PIEMONTE,Nord-ovest,0
006051,C162,Castelletto Monferrato,Castelletto Monferrato,CASTELLETTO MONFERRATO,Alessandria,AL,006,ALESSANDRIA,Piemonte,01,PIEMONTE,Nord-ovest,0
006048,C156,Castelletto d'Erro,Castelletto d'Erro,CASTELLETTO D ERRO,Alessandria,AL,006,ALESSANDRIA,Piemonte,01,PIEMONTE,Nord-ovest,0
006049,C158,Castelletto d'Orba,Castelletto d'Orba,CASTELLETTO D ORBA,Alessandria,AL,006,ALESSANDRIA,Piemonte,01,PIEMONTE,Nord-ovest,0
006052,C229,Castelnuovo Bormida,Castelnuovo Bormida,CASTELNUOVO BORMIDA,Alessandria,AL,006,ALESSANDRIA,Piemonte,01,PIEMONTE,Nord-ovest,0
006053,C243,Castelnuovo Scrivia,Castelnuovo Scrivia,CASTELNUOVO SCRIVIA,Alessandria,AL,006,ALESSANDRIA,Piemonte,01,PIEMONTE,Nord-ovest,0
006054,C274,Castelspina,Castelspina,CASTELSPINA,Alessandria,AL,006,ALESSANDRIA,Piemonte,01,PIEMONTE,Nord-ovest,0
006055,C387,Cavatore,Cavatore,CAVATORE,Alessandria,AL,006,ALESSANDRIA,Piemonte,01,PIEMONTE,Nord-ovest,0
006056,C432,Cella Monte,Cella Monte,CELLA MONTE,Alessandria,AL,006,ALESSANDRIA,Piemonte,01,PIEMONTE,Nord-ovest,0
006057,C503,Cereseto,Cereseto,CERESETO,Alessandria,AL,006,ALESSANDRIA,Piemonte,01,PIEMONTE,Nord-ovest,0
006058,C507,Cerreto Grue,Cerreto Grue,CERRETO GRUE,Alessandria,AL,006,ALESSANDRIA,Piemonte,01,PIEMONTE,Nord-ovest,0
006059,C531,Cerrina Monferrato,Cerrina Monferrato,CERRINA MONFERRATO,Alessandria,AL,006,ALESSANDRIA,Piemonte,01,PIEMONTE,Nord-ovest,0
006060,C962,Coniolo,Coniolo,CONIOLO,Alessandria,AL,006,ALESSANDRIA,Piemonte,01,PIEMONTE,Nord-ovest,0
006061,C977,Conzano,Conzano,CONZANO,Alessandria,AL,006,ALESSANDRIA,Piemonte,01,PIEMONTE,Nord-ovest,0
006062,D102,Costa Vescovato,Costa Vescovato,COSTA VESCOVATO,Alessandria,AL,006,ALESSANDRIA,Piemonte,01,PIEMONTE,Nord-ovest,0
006063,D149,Cremolino,Cremolino,CREMOLINO,Alessandria,AL,006,ALESSANDRIA,Piemonte,01,PIEMONTE,Nord-ovest,0
006065,D272,Denice,Denice,DENICE,Alessandria,AL,006,ALESSANDRIA,Piemonte,01,PIEMONTE,Nord-ovest,0
006066,D277,Dernice,Dernice,DERNICE,Alessandria,AL,006,ALESSANDRIA,Piemonte,01,PIEMONTE,Nord-ovest,0
006067,D447,Fabbrica Curone,Fabbrica Curone,FABBRICA CURONE,Alessandria,AL,006,ALESSANDRIA,Piemonte,01,PIEMONTE,Nord-ovest,0
006068,D528,Felizzano,Felizzano,FELIZZANO,Alessandria,AL,006,ALESSANDRIA,Piemonte,01,PIEMONTE,Nord-ovest,0
006069,D559,Fraconalto,Fraconalto,FRACONALTO,Alessandria,AL,006,ALESSANDRIA,Piemonte,01,PIEMONTE,Nord-ovest,0
006070,D759,Francavilla Bisio,Francavilla Bisio,FRANCAVILLA BISIO,Alessandria,AL,006,ALESSANDRIA,Piemonte,01,PIEMONTE,Nord-ovest,0
006071,D770,Frascaro,Frascaro,FRASCARO,Alessandria,AL,006,ALESSANDRIA,Piemonte,01,PIEMONTE,Nord-ovest,0
006072,D777,Frassinello Monferrato,Frassinello Monferrato,FRASSINELLO MONFERRATO,Alessandria,AL,006,ALESSANDRIA,Piemonte,01,PIEMONTE,Nord-ovest,0
006073,D780,Frassineto Po,Frassineto Po,FRASSINETO PO,Alessandria,AL,006,ALESSANDRIA,Piemonte,01,PIEMONTE,Nord-ovest,0
006074,D797,Fresonara,Fresonara,FRESONARA,Alessandria,AL,006,ALESSANDRIA,Piemonte,01,PIEMONTE,Nord-ovest,0
006075,D813,Frugarolo,Frugarolo,FRUGAROLO,Alessandria,AL,006,ALESSANDRIA,Piemonte,01,PIEMONTE,Nord-ovest,0
006076,D814,Fubine Monferrato,Fubine Monferrato,FUBINE MONFERRATO,Alessandria,AL,006,ALESSANDRIA,Piemonte,01,PIEMONTE,Nord-ovest,0
006077,D835,Gabiano,Gabiano,GABIANO,Alessandria,AL,006,ALESSANDRIA,Piemonte,01,PIEMONTE,Nord-ovest,0
006078,D890,Gamalero,Gamalero,GAMALERO,Alessandria,AL,006,ALESSANDRIA,Piemonte,01,PIEMONTE,Nord-ovest,0
006079,D910,Garbagna,Garbagna,GARBAGNA,Alessandria,AL,006,ALESSANDRIA,Piemonte,01,PIEMONTE,Nord-ovest,0
006081,D944,Gavi,Gavi,GAVI,Alessandria,AL,006,ALESSANDRIA,Piemonte,01,PIEMONTE,Nord-ovest,0
006082,E015,Giarole,Giarole,GIAROLE,Alessandria,AL,006,ALESSANDRIA,Piemonte,01,PIEMONTE,Nord-ovest,0
006083,E164,Gremiasco,Gremiasco,GREMIASCO,Alessandria,AL,006,ALESSANDRIA,Piemonte,01,PIEMONTE,Nord-ovest,0
006084,E188,Grognardo,Grognardo,GROGNARDO,Alessandria,AL,006,ALESSANDRIA,Piemonte,01,PIEMONTE,Nord-ovest,0
006085,E191,Grondona,Grondona,GRONDONA,Alessandria,AL,006,ALESSANDRIA,Piemonte,01,PIEMONTE,Nord-ovest,0
006086,E255,Guazzora,Guazzora,GUAZZORA,Alessandria,AL,006,ALESSANDRIA,Piemonte,01,PIEMONTE,Nord-ovest,0
006087,E360,Isola Sant'Antonio,Isola Sant'Antonio,ISOLA SANT ANTONIO,Alessandria,AL,006,ALESSANDRIA,Piemonte,01,PIEMONTE,Nord-ovest,0
006088,E543,Lerma,Lerma,LERMA,Alessandria,AL,006,ALESSANDRIA,Piemonte,01,PIEMONTE,Nord-ovest,0
006193,M420,Lu e Cuccaro Monferrato,Lu e Cuccaro Monferrato,LU E CUCCARO MONFERRATO,Alessandria,AL,006,ALESSANDRIA,Piemonte,01,PIEMONTE,Nord-ovest,0
006090,E870,Malvicino,Malvicino,MALVICINO,Alessandria,AL,006,ALESSANDRIA,Piemonte,01,PIEMONTE,Nord-ovest,0
006091,F015,Masio,Masio,MASIO,Alessandria,AL,006,ALESSANDRIA,Piemonte,01,PIEMONTE,Nord-ovest,0
006092,F096,Melazzo,Melazzo,MELAZZO,Alessandria,AL,006,ALESSANDRIA,Piemonte,01,PIEMONTE,Nord-ovest,0
006093,F131,Merana,Merana,MERANA,Alessandria,AL,006,ALESSANDRIA,Piemonte,01,PIEMONTE,Nord-ovest,0
006094,F232,Mirabello Monferrato,Mirabello Monferrato,MIRABELLO MONFERRATO,Alessandria,AL,006,ALESSANDRIA,Piemonte,01,PIEMONTE,Nord-ovest,0
006095,F281,Molare,Molare,MOLARE,Alessandria,AL,006,ALESSANDRIA,Piemonte,01,PIEMONTE,Nord-ovest,0
006096,F293,Molino dei Torti,Molino dei Torti,MOLINO DEI TORTI,Alessandria,AL,006,ALESSANDRIA,Piemonte,01,PIEMONTE,Nord-ovest,0
006097,F313,Mombello Monferrato,Mombello Monferrato,MOMBELLO MONFERRATO,Alessandria,AL,006,ALESSANDRIA,Piemonte,01,PIEMONTE,Nord-ovest,0
006098,F320,Momperone,Momperone,MOMPERONE,Alessandria,AL,006,ALESSANDRIA,Piemonte,01,PIEMONTE,Nord-ovest,0
006099,F337,Moncestino,Moncestino,MONCESTINO,Alessandria,AL,006,ALESSANDRIA,Piemonte,01,PIEMONTE,Nord-ovest,0
006100,F365,Mongiardino Ligure,Mongiardino Ligure,MONGIARDINO LIGURE,Alessandria,AL,006,ALESSANDRIA,Piemonte,01,PIEMONTE,Nord-ovest,0
006101,F374,Monleale,Monleale,MONLEALE,Alessandria,AL,006,ALESSANDRIA,Piemonte,01,PIEMONTE,Nord-ovest,0
006102,F387,Montacuto,Montacuto,MONTACUTO,Alessandria,AL,006,ALESSANDRIA,Piemonte,01,PIEMONTE,Nord-ovest,0
006103,F403,Montaldeo,Montaldeo,MONTALDEO,Alessandria,AL,006,ALESSANDRIA,Piemonte,01,PIEMONTE,Nord-ovest,0
006104,F404,Montaldo Bormida,Montaldo Bormida,MONTALDO BORMIDA,Alessandria,AL,006,ALESSANDRIA,Piemonte,01,PIEMONTE,Nord-ovest,0
006105,F455,Montecastello,Montecastello,MONTECASTELLO,Alessandria,AL,006,ALESSANDRIA,Piemonte,01,PIEMONTE,Nord-ovest,0
006106,F469,Montechiaro d'Acqui,Montechiaro d'Acqui,MONTECHIARO D ACQUI,Alessandria,AL,006,ALESSANDRIA,Piemonte,01,PIEMONTE,Nord-ovest,0
006107,F518,Montegioco,Montegioco,MONTEGIOCO,Alessandria,AL,006,ALESSANDRIA,Piemonte,01,PIEMONTE,Nord-ovest,0
006108,F562,Montemarzino,Montemarzino,MONTEMARZINO,Alessandria,AL,006,ALESSANDRIA,Piemonte,01,PIEMONTE,Nord-ovest,0
006109,F707,Morano sul Po,Morano sul Po,MORANO SUL PO,Alessandria,AL,006,ALESSANDRIA,Piemonte,01,PIEMONTE,Nord-ovest,0
006110,F713,Morbello,Morbello,MORBELLO,Alessandria,AL,006,ALESSANDRIA,Piemonte,01,PIEMONTE,Nord-ovest,0
006111,F737,Mornese,Mornese,MORNESE,Alessandria,AL,006,ALESSANDRIA,Piemonte,01,PIEMONTE,Nord-ovest,0
006112,F751,Morsasco,Morsasco,MORSASCO,Alessandria,AL,006,ALESSANDRIA,Piemonte,01,PIEMONTE,Nord-ovest,0
006113,F814,Murisengo Monferrato,Murisengo Monferrato,MURISENGO MONFERRATO,Alessandria,AL,006,ALESSANDRIA,Piemonte,01,PIEMONTE,Nord-ovest,0
006114,F965,Novi Ligure,Novi Ligure,NOVI LIGURE,Alessandria,AL,006,ALESSANDRIA,Piemonte,01,PIEMONTE,Nord-ovest,0
006115,F995,Occimiano,Occimiano,OCCIMIANO,Alessandria,AL,006,ALESSANDRIA,Piemonte,01,PIEMONTE,Nord-ovest,0
006116,F997,Odalengo Grande,Odalengo Grande,ODALENGO GRANDE,Alessandria,AL,006,ALESSANDRIA,Piemonte,01,PIEMONTE,Nord-ovest,0
006117,F998,Odalengo Piccolo,Odalengo Piccolo,ODALENGO PICCOLO,Alessandria,AL,006,ALESSANDRIA,Piemonte,01,PIEMONTE,Nord-ovest,0
006118,G042,Olivola,Olivola,OLIVOLA,Alessandria,AL,006,ALESSANDRIA,Piemonte,01,PIEMONTE,Nord-ovest,0
006119,G124,Orsara Bormida,Orsara Bormida,ORSARA BORMIDA,Alessandria,AL,006,ALESSANDRIA,Piemonte,01,PIEMONTE,Nord-ovest,0
006120,G193,Ottiglio,Ottiglio,OTTIGLIO,Alessandria,AL,006,ALESSANDRIA,Piemonte,01,PIEMONTE,Nord-ovest,0
006121,G197,Ovada,Ovada,OVADA,Alessandria,AL,006,ALESSANDRIA,Piemonte,01,PIEMONTE,Nord-ovest,0
006122,G199,Oviglio,Oviglio,OVIGLIO,Alessandria,AL,006,ALESSANDRIA,Piemonte,01,PIEMONTE,Nord-ovest,0
006123,G204,Ozzano Monferrato,Ozzano Monferrato,OZZANO MONFERRATO,Alessandria,AL,006,ALESSANDRIA,Piemonte,01,PIEMONTE,Nord-ovest,0
006124,G215,Paderna,Paderna,PADERNA,Alessandria,AL,006,ALESSANDRIA,Piemonte,01,PIEMONTE,Nord-ovest,0
006125,G334,Pareto,Pareto,PARETO,Alessandria,AL,006,ALESSANDRIA,Piemonte,01,PIEMONTE,Nord-ovest,0
006126,G338,Parodi Ligure,Parodi Ligure,PARODI LIGURE,Alessandria,AL,006,ALESSANDRIA,Piemonte,01,PIEMONTE,Nord-ovest,0
006127,G367,Pasturana,Pasturana,PASTURANA,Alessandria,AL,006,ALESSANDRIA,Piemonte,01,PIEMONTE,Nord-ovest,0
006128,G397,Pecetto di Valenza,Pecetto di Valenza,PECETTO DI VALENZA,Alessandria,AL,006,ALESSANDRIA,Piemonte,01,PIEMONTE,Nord-ovest,0
006129,G619,Pietra Marazzi,Pietra Marazzi,PIETRA MARAZZI,Alessandria,AL,006,ALESSANDRIA,Piemonte,01,PIEMONTE,Nord-ovest,0
006131,G807,Pomaro Monferrato,Pomaro Monferrato,POMARO MONFERRATO,Alessandria,AL,006,ALESSANDRIA,Piemonte,01,PIEMONTE,Nord-ovest,0
006132,G839,Pontecurone,Pontecurone,PONTECURONE,Alessandria,AL,006,ALESSANDRIA,Piemonte,01,PIEMONTE,Nord-ovest,0
006133,G858,Pontestura,Pontestura,PONTESTURA,Alessandria,AL,006,ALESSANDRIA,Piemonte,01,PIEMONTE,Nord-ovest,0
006134,G861,Ponti,Ponti,PONTI,Alessandria,AL,006,ALESSANDRIA,Piemonte,01,PIEMONTE,Nord-ovest,0
006135,G872,Ponzano Monferrato,Ponzano Monferrato,PONZANO MONFERRATO,Alessandria,AL,006,ALESSANDRIA,Piemonte,01,PIEMONTE,Nord-ovest,0
006136,G877,Ponzone,Ponzone,PONZONE,Alessandria,AL,006,ALESSANDRIA,Piemonte,01,PIEMONTE,Nord-ovest,0
006137,G960,Pozzol Groppo,Pozzol Groppo,POZZOL GROPPO,Alessandria,AL,006,ALESSANDRIA,Piemonte,01,PIEMONTE,Nord-ovest,0
006138,G961,Pozzolo Formigaro,Pozzolo Formigaro,POZZOLO FORMIGARO,Alessandria,AL,006,ALESSANDRIA,Piemonte,01,PIEMONTE,Nord-ovest,0
006139,G987,Prasco,Prasco,PRASCO,Alessandria,AL,006,ALESSANDRIA,Piemonte,01,PIEMONTE,Nord-ovest,0
006140,H021,Predosa,Predosa,PREDOSA,Alessandria,AL,006,ALESSANDRIA,Piemonte,01,PIEMONTE,Nord-ovest,0
006141,H104,Quargnento,Quargnento,QUARGNENTO,Alessandria,AL,006,ALESSANDRIA,Piemonte,01,PIEMONTE,Nord-ovest,0
006142,H121,Quattordio,Quattordio,QUATTORDIO,Alessandria,AL,006,ALESSANDRIA,Piemonte,01,PIEMONTE,Nord-ovest,0
006143,H272,Ricaldone,Ricaldone,RICALDONE,Alessandria,AL,006,ALESSANDRIA,Piemonte,01,PIEMONTE,Nord-ovest,0
006144,H334,Rivalta Bormida,Rivalta Bormida,RIVALTA BORMIDA,Alessandria,AL,006,ALESSANDRIA,Piemonte,01,PIEMONTE,Nord-ovest,0
006145,H343,Rivarone,Rivarone,RIVARONE,Alessandria,AL,006,ALESSANDRIA,Piemonte,01,PIEMONTE,Nord-ovest,0
006147,H414,Rocca Grimalda,Rocca Grimalda,ROCCA GRIMALDA,Alessandria,AL,006,ALESSANDRIA,Piemonte,01,PIEMONTE,Nord-ovest,0
006146,H406,Roccaforte Ligure,Roccaforte Ligure,ROCCAFORTE LIGURE,Alessandria,AL,006,ALESSANDRIA,Piemonte,01,PIEMONTE,Nord-ovest,0
006148,H465,Rocchetta Ligure,Rocchetta Ligure,ROCCHETTA LIGURE,Alessandria,AL,006,ALESSANDRIA,Piemonte,01,PIEMONTE,Nord-ovest,0
006149,H569,Rosignano Monferrato,Rosignano Monferrato,ROSIGNANO MONFERRATO,Alessandria,AL,006,ALESSANDRIA,Piemonte,01,PIEMONTE,Nord-ovest,0
006150,H677,Sala Monferrato,Sala Monferrato,SALA MONFERRATO,Alessandria,AL,006,ALESSANDRIA,Piemonte,01,PIEMONTE,Nord-ovest,0
006151,H694,Sale,Sale,SALE,Alessandria,AL,006,ALESSANDRIA,Piemonte,01,PIEMONTE,Nord-ovest,0
006152,H810,San Cristoforo,San Cristoforo,SAN CRISTOFORO,Alessandria,AL,006,ALESSANDRIA,Piemonte,01,PIEMONTE,Nord-ovest,0
006153,H878,San Giorgio Monferrato,San Giorgio Monferrato,SAN GIORGIO MONFERRATO,Alessandria,AL,006,ALESSANDRIA,Piemonte,01,PIEMONTE,Nord-ovest,0
006154,I144,San Salvatore Monferrato,San Salvatore Monferrato,SAN SALVATORE MONFERRATO,Alessandria,AL,006,ALESSANDRIA,Piemonte,01,PIEMONTE,Nord-ovest,0
006155,I150,San Sebastiano Curone,San Sebastiano Curone,SAN SEBASTIANO CURONE,Alessandria,AL,006,ALESSANDRIA,Piemonte,01,PIEMONTE,Nord-ovest,0
006156,I190,Sant'Agata Fossili,Sant'Agata Fossili,SANT AGATA FOSSILI,Alessandria,AL,006,ALESSANDRIA,Piemonte,01,PIEMONTE,Nord-ovest,0
006157,I429,Sardigliano,Sardigliano,SARDIGLIANO,Alessandria,AL,006,ALESSANDRIA,Piemonte,01,PIEMONTE,Nord-ovest,0
006158,I432,Sarezzano,Sarezzano,SAREZZANO,Alessandria,AL,006,ALESSANDRIA,Piemonte,01,PIEMONTE,Nord-ovest,0
006159,I645,Serralunga di Crea,Serralunga di Crea,SERRALUNGA DI CREA,Alessandria,AL,006,ALESSANDRIA,Piemonte,01,PIEMONTE,Nord-ovest,0
006160,I657,Serravalle Scrivia,Serravalle Scrivia,SERRAVALLE SCRIVIA,Alessandria,AL,006,ALESSANDRIA,Piemonte,01,PIEMONTE,Nord-ovest,0
006161,I711,Sezzadio,Sezzadio,SEZZADIO,Alessandria,AL,006,ALESSANDRIA,Piemonte,01,PIEMONTE,Nord-ovest,0
006162,I738,Silvano d'Orba,Silvano d'Orba,SILVANO D ORBA,Alessandria,AL,006,ALESSANDRIA,Piemonte,01,PIEMONTE,Nord-ovest,0
006163,I798,Solero,Solero,SOLERO,Alessandria,AL,006,ALESSANDRIA,Piemonte,01,PIEMONTE,Nord-ovest,0
006164,I808,Solonghello,Solonghello,SOLONGHELLO,Alessandria,AL,006,ALESSANDRIA,Piemonte,01,PIEMONTE,Nord-ovest,0
006165,I901,Spigno Monferrato,Spigno Monferrato,SPIGNO MONFERRATO,Alessandria,AL,006,ALESSANDRIA,Piemonte,01,PIEMONTE,Nord-ovest,0
006166,I911,Spineto Scrivia,Spineto Scrivia,SPINETO SCRIVIA,Alessandria,AL,006,ALESSANDRIA,Piemonte,01,PIEMONTE,Nord-ovest,0
006167,I941,Stazzano,Stazzano,STAZZANO,Alessandria,AL,006,ALESSANDRIA,Piemonte,01,PIEMONTE,Nord-ovest,0
006168,I977,Strevi,Strevi,STREVI,Alessandria,AL,006,ALESSANDRIA,Piemonte,01,PIEMONTE,Nord-ovest,0
006169,L027,Tagliolo Monferrato,Tagliolo Monferrato,TAGLIOLO MONFERRATO,Alessandria,AL,006,ALESSANDRIA,Piemonte,01,PIEMONTE,Nord-ovest,0
006170,L059,Tassarolo,Tassarolo,TASSAROLO,Alessandria,AL,006,ALESSANDRIA,Piemonte,01,PIEMONTE,Nord-ovest,0
006171,L139,Terruggia,Terruggia,TERRUGGIA,Alessandria,AL,006,ALESSANDRIA,Piemonte,01,PIEMONTE,Nord-ovest,0
006172,L143,Terzo,Terzo,TERZO,Alessandria,AL,006,ALESSANDRIA,Piemonte,01,PIEMONTE,Nord-ovest,0
006173,L165,Ticineto,Ticineto,TICINETO,Alessandria,AL,006,ALESSANDRIA,Piemonte,01,PIEMONTE,Nord-ovest,0
006174,L304,Tortona,Tortona,TORTONA,Alessandria,AL,006,ALESSANDRIA,Piemonte,01,PIEMONTE,Nord-ovest,0
006175,L403,Treville,Treville,TREVILLE,Alessandria,AL,006,ALESSANDRIA,Piemonte,01,PIEMONTE,Nord-ovest,0
006176,L432,Trisobbio,Trisobbio,TRISOBBIO,Alessandria,AL,006,ALESSANDRIA,Piemonte,01,PIEMONTE,Nord-ovest,0
006177,L570,Valenza,Valenza,VALENZA,Alessandria,AL,006,ALESSANDRIA,Piemonte,01,PIEMONTE,Nord-ovest,0
006178,L633,Valmacca,Valmacca,VALMACCA,Alessandria,AL,006,ALESSANDRIA,Piemonte,01,PIEMONTE,Nord-ovest,0
006179,L881,Vignale Monferrato,Vignale Monferrato,VIGNALE MONFERRATO,Alessandria,AL,006,ALESSANDRIA,Piemonte,01,PIEMONTE,Nord-ovest,0
006180,L887,Vignole Borbera,Vignole Borbera,VIGNOLE BORBERA,Alessandria,AL,006,ALESSANDRIA,Piemonte,01,PIEMONTE,Nord-ovest,0
006181,L904,Viguzzolo,Viguzzolo,VIGUZZOLO,Alessandria,AL,006,ALESSANDRIA,Piemonte,01,PIEMONTE,Nord-ovest,0
006182,L931,Villadeati,Villadeati,VILLADEATI,Alessandria,AL,006,ALESSANDRIA,Piemonte,01,PIEMONTE,Nord-ovest,0
006183,L963,Villalvernia,Villalvernia,VILLALVERNIA,Alessandria,AL,006,ALESSANDRIA,Piemonte,01,PIEMONTE,Nord-ovest,0
006184,L970,Villamiroglio,Villamiroglio,VILLAMIROGLIO,Alessandria,AL,006,ALESSANDRIA,Piemonte,01,PIEMONTE,Nord-ovest,0
006185,L972,Villanova Monferrato,Villanova Monferrato,VILLANOVA MONFERRATO,Alessandria,AL,006,ALESSANDRIA,Piemonte,01,PIEMONTE,Nord-ovest,0
006186,M009,Villaromagnano,Villaromagnano,VILLAROMAGNANO,Alessandria,AL,006,ALESSANDRIA,Piemonte,01,PIEMONTE,Nord-ovest,0
006187,M077,Visone,Visone,VISONE,Alessandria,AL,006,ALESSANDRIA,Piemonte,01,PIEMONTE,Nord-ovest,0
006188,M120,Volpedo,Volpedo,VOLPEDO,Alessandria,AL,006,ALESSANDRIA,Piemonte,01,PIEMONTE,Nord-ovest,0
006189,M121,Volpeglino,Volpeglino,VOLPEGLINO,Alessandria,AL,006,ALESSANDRIA,Piemonte,01,PIEMONTE,Nord-ovest,0
006190,M123,Voltaggio,Voltaggio,VOLTAGGIO,Alessandria,AL,006,ALESSANDRIA,Piemonte,01,PIEMONTE,Nord-ovest,0
005001,A072,Agliano Terme,Agliano Terme,AGLIANO TERME,Asti,AT,005,ASTI,Piemonte,01,PIEMONTE,Nord-ovest,0
005002,A173,Albugnano,Albugnano,ALBUGNANO,Asti,AT,005,ASTI,Piemonte,01,PIEMONTE,Nord-ovest,0
005003,A312,Antignano,Antignano,ANTIGNANO,Asti,AT,005,ASTI,Piemonte,01,PIEMONTE,Nord-ovest,0
005004,A352,Aramengo,Aramengo,ARAMENGO,Asti,AT,005,ASTI,Piemonte,01,PIEMONTE,Nord-ovest,0
005005,A479,Asti,Asti,ASTI,Asti,AT,005,ASTI,Piemonte,01,PIEMONTE,Nord-ovest,1
005006,A527,Azzano d'Asti,Azzano d'Asti,AZZANO D ASTI,Asti,AT,005,ASTI,Piemonte,01,PIEMONTE,Nord-ovest,0
005007,A588,Baldichieri d'Asti,Baldichieri d'Asti,BALDICHIERI D ASTI,Asti,AT,005,ASTI,Piemonte,01,PIEMONTE,Nord-ovest,0
005008,A770,Belveglio,Belveglio,BELVEGLIO,Asti,AT,005,ASTI,Piemonte,01,PIEMONTE,Nord-ovest,0
005009,A812,Berzano di San Pietro,Berzano di San Pietro,BERZANO DI SAN PIETRO,Asti,AT,005,ASTI,Piemonte,01,PIEMONTE,Nord-ovest,0
005010,B221,Bruno,Bruno,BRUNO,Asti,AT,005,ASTI,Piemonte,01,PIEMONTE,Nord-ovest,0
005011,B236,Bubbio,Bubbio,BUBBIO,Asti,AT,005,ASTI,Piemonte,01,PIEMONTE,Nord-ovest,0
005012,B306,Buttigliera d'Asti,Buttigliera d'Asti,BUTTIGLIERA D ASTI,Asti,AT,005,ASTI,Piemonte,01,PIEMONTE,Nord-ovest,0
005013,B376,Calamandrana,Calamandrana,CALAMANDRANA,Asti,AT,005,ASTI,Piemonte,01,PIEMONTE,Nord-ovest,0
005014,B418,Calliano Monferrato,Calliano Monferrato,CALLIANO MONFERRATO,Asti,AT,005,ASTI,Piemonte,01,PIEMONTE,Nord-ovest,0
005015,B425,Calosso,Calosso,CALOSSO,Asti,AT,005,ASTI,Piemonte,01,PIEMONTE,Nord-ovest,0
005016,B469,Camerano Casasco,Camerano Casasco,CAMERANO CASASCO,Asti,AT,005,ASTI,Piemonte,01,PIEMONTE,Nord-ovest,0
005017,B594,Canelli,Canelli,CANELLI,Asti,AT,005,ASTI,Piemonte,01,PIEMONTE,Nord-ovest,0
005018,B633,Cantarana,Cantarana,CANTARANA,Asti,AT,005,ASTI,Piemonte,01,PIEMONTE,Nord-ovest,0
005019,B707,Capriglio,Capriglio,CAPRIGLIO,Asti,AT,005,ASTI,Piemonte,01,PIEMONTE,Nord-ovest,0
005020,B991,Casorzo Monferrato,Casorzo Monferrato,CASORZO MONFERRATO,Asti,AT,005,ASTI,Piemonte,01,PIEMONTE,Nord-ovest,0
005021,C022,Cassinasco,Cassinasco,CASSINASCO,Asti,AT,005,ASTI,Piemonte,01,PIEMONTE,Nord-ovest,0
005023,C047,Castagnole Monferrato,Castagnole Monferrato,CASTAGNOLE MONFERRATO,Asti,AT,005,ASTI,Piemonte,01,PIEMONTE,Nord-ovest,0
005022,C049,Castagnole delle Lanze,Castagnole delle Lanze,CASTAGNOLE DELLE LANZE,Asti,AT,005,ASTI,Piemonte,01,PIEMONTE,Nord-ovest,0
005024,C064,Castel Boglione,Castel Boglione,CASTEL BOGLIONE,Asti,AT,005,ASTI,Piemonte,01,PIEMONTE,Nord-ovest,0
005032,C253,Castel Rocchero,Castel Rocchero,CASTEL ROCCHERO,Asti,AT,005,ASTI,Piemonte,01,PIEMONTE,Nord-ovest,0
005025,C127,Castell'Alfero,Castell'Alfero,CASTELL ALFERO,Asti,AT,005,ASTI,Piemonte,01,PIEMONTE,Nord-ovest,0
005026,C154,Castellero,Castellero,CASTELLERO,Asti,AT,005,ASTI,Piemonte,01,PIEMONTE,Nord-ovest,0
005027,C161,Castelletto Molina,Castelletto Molina,CASTELLETTO MOLINA,Asti,AT,005,ASTI,Piemonte,01,PIEMONTE,Nord-ovest,0
005028,A300,Castello di Annone,Castello di Annone,CASTELLO DI ANNONE,Asti,AT,005,ASTI,Piemonte,01,PIEMONTE,Nord-ovest,0
005029,C226,Castelnuovo Belbo,Castelnuovo Belbo,CASTELNUOVO BELBO,Asti,AT,005,ASTI,Piemonte,01,PIEMONTE,Nord-ovest,0
005030,C230,Castelnuovo Calcea,Castelnuovo Calcea,CASTELNUOVO CALCEA,Asti,AT,005,ASTI,Piemonte,01,PIEMONTE,Nord-ovest,0
005031,C232,Castelnuovo Don Bosco,Castelnuovo Don Bosco,CASTELNUOVO DON BOSCO,Asti,AT,005,ASTI,Piemonte,01,PIEMONTE,Nord-ovest,0
005033,C438,Cellarengo,Cellarengo,CELLARENGO,Asti,AT,005,ASTI,Piemonte,01,PIEMONTE,Nord-ovest,0
005034,C440,Celle Enomondo,Celle Enomondo,CELLE ENOMONDO,Asti,AT,005,ASTI,Piemonte,01,PIEMONTE,Nord-ovest,0
005035,C528,Cerreto d'Asti,Cerreto d'Asti,CERRETO D ASTI,Asti,AT,005,ASTI,Piemonte,01,PIEMONTE,Nord-ovest,0
005036,C533,Cerro Tanaro,Cerro Tanaro,CERRO TANARO,Asti,AT,005,ASTI,Piemonte,01,PIEMONTE,Nord-ovest,0
005037,C583,Cessole,Cessole,CESSOLE,Asti,AT,005,ASTI,Piemonte,01,PIEMONTE,Nord-ovest,0
005038,C658,Chiusano d'Asti,Chiusano d'Asti,CHIUSANO D ASTI,Asti,AT,005,ASTI,Piemonte,01,PIEMONTE,Nord-ovest,0
005039,C701,Cinaglio,Cinaglio,CINAGLIO,Asti,AT,005,ASTI,Piemonte,01,PIEMONTE,Nord-ovest,0
005040,C739,Cisterna d'Asti,Cisterna d'Asti,CISTERNA D ASTI,Asti,AT,005,ASTI,Piemonte,01,PIEMONTE,Nord-ovest,0
005041,C804,Coazzolo,Coazzolo,COAZZOLO,Asti,AT,005,ASTI,Piemonte,01,PIEMONTE,Nord-ovest,0
005042,C807,Cocconato,Cocconato,COCCONATO,Asti,AT,005,ASTI,Piemonte,01,PIEMONTE,Nord-ovest,0
005044,D046,Corsione,Corsione,CORSIONE,Asti,AT,005,ASTI,Piemonte,01,PIEMONTE,Nord-ovest,0
005045,D050,Cortandone,Cortandone,CORTANDONE,Asti,AT,005,ASTI,Piemonte,01,PIEMONTE,Nord-ovest,0
005046,D051,Cortanze,Cortanze,CORTANZE,Asti,AT,005,ASTI,Piemonte,01,PIEMONTE,Nord-ovest,0
005047,D052,Cortazzone,Cortazzone,CORTAZZONE,Asti,AT,005,ASTI,Piemonte,01,PIEMONTE,Nord-ovest,0
005048,D072,Cortiglione,Cortiglione,CORTIGLIONE,Asti,AT,005,ASTI,Piemonte,01,PIEMONTE,Nord-ovest,0
005049,D101,Cossombrato,Cossombrato,COSSOMBRATO,Asti,AT,005,ASTI,Piemonte,01,PIEMONTE,Nord-ovest,0
005050,D119,Costigliole d'Asti,Costigliole d'Asti,COSTIGLIOLE D ASTI,Asti,AT,005,ASTI,Piemonte,01,PIEMONTE,Nord-ovest,0
005051,D207,Cunico,Cunico,CUNICO,Asti,AT,005,ASTI,Piemonte,01,PIEMONTE,Nord-ovest,0
005052,D388,Dusino San Michele,Dusino San Michele,DUSINO SAN MICHELE,Asti,AT,005,ASTI,Piemonte,01,PIEMONTE,Nord-ovest,0
005053,D554,Ferrere,Ferrere,FERRERE,Asti,AT,005,ASTI,Piemonte,01,PIEMONTE,Nord-ovest,0
005054,D678,Fontanile,Fontanile,FONTANILE,Asti,AT,005,ASTI,Piemonte,01,PIEMONTE,Nord-ovest,0
005055,D802,Frinco,Frinco,FRINCO,Asti,AT,005,ASTI,Piemonte,01,PIEMONTE,Nord-ovest,0
005056,E134,Grana Monferrato,Grana Monferrato,GRANA MONFERRATO,Asti,AT,005,ASTI,Piemonte,01,PIEMONTE,Nord-ovest,0
005057,E159,Grazzano Badoglio,Grazzano Badoglio,GRAZZANO BADOGLIO,Asti,AT,005,ASTI,Piemonte,01,PIEMONTE,Nord-ovest,0
005058,E295,Incisa Scapaccino,Incisa Scapaccino,INCISA SCAPACCINO,Asti,AT,005,ASTI,Piemonte,01,PIEMONTE,Nord-ovest,0
005059,E338,Isola d'Asti,Isola d'Asti,ISOLA D ASTI,Asti,AT,005,ASTI,Piemonte,01,PIEMONTE,Nord-ovest,0
005060,E633,Loazzolo,Loazzolo,LOAZZOLO,Asti,AT,005,ASTI,Piemonte,01,PIEMONTE,Nord-ovest,0
005061,E917,Maranzana,Maranzana,MARANZANA,Asti,AT,005,ASTI,Piemonte,01,PIEMONTE,Nord-ovest,0
005062,E944,Maretto,Maretto,MARETTO,Asti,AT,005,ASTI,Piemonte,01,PIEMONTE,Nord-ovest,0
005063,F254,Moasca,Moasca,MOASCA,Asti,AT,005,ASTI,Piemonte,01,PIEMONTE,Nord-ovest,0
005064,F308,Mombaldone,Mombaldone,MOMBALDONE,Asti,AT,005,ASTI,Piemonte,01,PIEMONTE,Nord-ovest,0
005065,F311,Mombaruzzo,Mombaruzzo,MOMBARUZZO,Asti,AT,005,ASTI,Piemonte,01,PIEMONTE,Nord-ovest,0
005066,F316,Mombercelli,Mombercelli,MOMBERCELLI,Asti,AT,005,ASTI,Piemonte,01,PIEMONTE,Nord-ovest,0
005067,F323,Monale,Monale,MONALE,Asti,AT,005,ASTI,Piemonte,01,PIEMONTE,Nord-ovest,0
005068,F325,Monastero Bormida,Monastero Bormida,MONASTERO BORMIDA,Asti,AT,005,ASTI,Piemonte,01,PIEMONTE,Nord-ovest,0
005069,F336,Moncalvo,Moncalvo,MONCALVO,Asti,AT,005,ASTI,Piemonte,01,PIEMONTE,Nord-ovest,0
005070,F343,Moncucco Torinese,Moncucco Torinese,MONCUCCO TORINESE,Asti,AT,005,ASTI,Piemonte,01,PIEMONTE,Nord-ovest,0
005071,F361,Mongardino,Mongardino,MONGARDINO,Asti,AT,005,ASTI,Piemonte,01,PIEMONTE,Nord-ovest,0
005072,F386,Montabone,Montabone,MONTABONE,Asti,AT,005,ASTI,Piemonte,01,PIEMONTE,Nord-ovest,0
005073,F390,Montafia,Montafia,MONTAFIA,Asti,AT,005,ASTI,Piemonte,01,PIEMONTE,Nord-ovest,0
005074,F409,Montaldo Scarampi,Montaldo Scarampi,MONTALDO SCARAMPI,Asti,AT,005,ASTI,Piemonte,01,PIEMONTE,Nord-ovest,0
005075,F468,Montechiaro d'Asti,Montechiaro d'Asti,MONTECHIARO D ASTI,Asti,AT,005,ASTI,Piemonte,01,PIEMONTE,Nord-ovest,0
005076,F527,Montegrosso d'Asti,Montegrosso d'Asti,MONTEGROSSO D ASTI,Asti,AT,005,ASTI,Piemonte,01,PIEMONTE,Nord-ovest,0
005077,F556,Montemagno Monferrato,Montemagno Monferrato,MONTEMAGNO MONFERRATO,Asti,AT,005,ASTI,Piemonte,01,PIEMONTE,Nord-ovest,0
005121,M302,Montiglio Monferrato,Montiglio Monferrato,MONTIGLIO MONFERRATO,Asti,AT,005,ASTI,Piemonte,01,PIEMONTE,Nord-ovest,0
005122,M434,Moransengo-Tonengo,Moransengo-Tonengo,MORANSENGO TONENGO,Asti,AT,005,ASTI,Piemonte,01,PIEMONTE,Nord-ovest,0
005080,F902,Nizza Monferrato,Nizza Monferrato,NIZZA MONFERRATO,Asti,AT,005,ASTI,Piemonte,01,PIEMONTE,Nord-ovest,0
005081,G048,Olmo Gentile,Olmo Gentile,OLMO GENTILE,Asti,AT,005,ASTI,Piemonte,01,PIEMONTE,Nord-ovest,0
005082,G358,Passerano Marmorito,Passerano Marmorito,PASSERANO MARMORITO,Asti,AT,005,ASTI,Piemonte,01,PIEMONTE,Nord-ovest,0
005083,G430,Penango,Penango,PENANGO,Asti,AT,005,ASTI,Piemonte,01,PIEMONTE,Nord-ovest,0
005084,G593,Piea,Piea,PIEA,Asti,AT,005,ASTI,Piemonte,01,PIEMONTE,Nord-ovest,0
005085,G676,Pino d'Asti,Pino d'Asti,PINO D ASTI,Asti,AT,005,ASTI,Piemonte,01,PIEMONTE,Nord-ovest,0
005086,G692,Piovà Massaia,Piovà Massaia,PIOVA MASSAIA,Asti,AT,005,ASTI,Piemonte,01,PIEMONTE,Nord-ovest,0
005087,G894,Portacomaro,Portacomaro,PORTACOMARO,Asti,AT,005,ASTI,Piemonte,01,PIEMONTE,Nord-ovest,0
005088,H102,Quaranti,Quaranti,QUARANTI,Asti,AT,005,ASTI,Piemonte,01,PIEMONTE,Nord-ovest,0
005089,H219,Refrancore,Refrancore,REFRANCORE,Asti,AT,005,ASTI,Piemonte,01,PIEMONTE,Nord-ovest,0
005090,H250,Revigliasco d'Asti,Revigliasco d'Asti,REVIGLIASCO D ASTI,Asti,AT,005,ASTI,Piemonte,01,PIEMONTE,Nord-ovest,0
005091,H366,Roatto,Roatto,ROATTO,Asti,AT,005,ASTI,Piemonte,01,PIEMONTE,Nord-ovest,0
005092,H376,Robella,Robella,ROBELLA,Asti,AT,005,ASTI,Piemonte,01,PIEMONTE,Nord-ovest,0
005093,H392,Rocca d'Arazzo,Rocca d'Arazzo,ROCCA D ARAZZO,Asti,AT,005,ASTI,Piemonte,01,PIEMONTE,Nord-ovest,0
005094,H451,Roccaverano,Roccaverano,ROCCAVERANO,Asti,AT,005,ASTI,Piemonte,01,PIEMONTE,Nord-ovest,0
005095,H466,Rocchetta Palafea,Rocchetta Palafea,ROCCHETTA PALAFEA,Asti,AT,005,ASTI,Piemonte,01,PIEMONTE,Nord-ovest,0
005096,H468,Rocchetta Tanaro,Rocchetta Tanaro,ROCCHETTA TANARO,Asti,AT,005,ASTI,Piemonte,01,PIEMONTE,Nord-ovest,0
005097,H811,San Damiano d'Asti,San Damiano d'Asti,SAN DAMIANO D ASTI,Asti,AT,005,ASTI,Piemonte,01,PIEMONTE,Nord-ovest,0
005098,H899,San Giorgio Scarampi,San Giorgio Scarampi,SAN GIORGIO SCARAMPI,Asti,AT,005,ASTI,Piemonte,01,PIEMONTE,Nord-ovest,0
005099,H987,San Martino Alfieri,San Martino Alfieri,SAN MARTINO ALFIERI,Asti,AT,005,ASTI,Piemonte,01,PIEMONTE,Nord-ovest,0
005100,I017,San Marzano Oliveto,San Marzano Oliveto,SAN MARZANO OLIVETO,Asti,AT,005,ASTI,Piemonte,01,PIEMONTE,Nord-ovest,0
005101,I076,San Paolo Solbrito,San Paolo Solbrito,SAN PAOLO SOLBRITO,Asti,AT,005,ASTI,Piemonte,01,PIEMONTE,Nord-ovest,0
005103,I555,Scurzolengo,Scurzolengo,SCURZOLENGO,Asti,AT,005,ASTI,Piemonte,01,PIEMONTE,Nord-ovest,0
005104,I637,Serole,Serole,SEROLE,Asti,AT,005,ASTI,Piemonte,01,PIEMONTE,Nord-ovest,0
005105,I678,Sessame,Sessame,SESSAME,Asti,AT,005,ASTI,Piemonte,01,PIEMONTE,Nord-ovest,0
005106,I698,Settime,Settime,SETTIME,Asti,AT,005,ASTI,Piemonte,01,PIEMONTE,Nord-ovest,0
005107,I781,Soglio,Soglio,SOGLIO,Asti,AT,005,ASTI,Piemonte,01,PIEMONTE,Nord-ovest,0
005108,L168,Tigliole,Tigliole,TIGLIOLE,Asti,AT,005,ASTI,Piemonte,01,PIEMONTE,Nord-ovest,0
005109,L203,Tonco,Tonco,TONCO,Asti,AT,005,ASTI,Piemonte,01,PIEMONTE,Nord-ovest,0
005111,L531,Vaglio Serra,Vaglio Serra,VAGLIO SERRA,Asti,AT,005,ASTI,Piemonte,01,PIEMONTE,Nord-ovest,0
005112,L574,Valfenera,Valfenera,VALFENERA,Asti,AT,005,ASTI,Piemonte,01,PIEMONTE,Nord-ovest,0
005113,L807,Vesime,Vesime,VESIME,Asti,AT,005,ASTI,Piemonte,01,PIEMONTE,Nord-ovest,0
005114,L829,Viale,Viale,VIALE,Asti,AT,005,ASTI,Piemonte,01,PIEMONTE,Nord-ovest,0
005115,L834,Viarigi,Viarigi,VIARIGI,Asti,AT,005,ASTI,Piemonte,01,PIEMONTE,Nord-ovest,0
005116,L879,Vigliano d'Asti,Vigliano d'Asti,VIGLIANO D ASTI,Asti,AT,005,ASTI,Piemonte,01,PIEMONTE,Nord-ovest,0
005119,M019,Villa San Secondo,Villa San Secondo,VILLA SAN SECONDO,Asti,AT,005,ASTI,Piemonte,01,PIEMONTE,Nord-ovest,0
005117,L945,Villafranca d'Asti,Villafranca d'Asti,VILLAFRANCA D ASTI,Asti,AT,005,ASTI,Piemonte,01,PIEMONTE,Nord-ovest,0
005118,L984,Villanova d'Asti,Villanova d'Asti,VILLANOVA D ASTI,Asti,AT,005,ASTI,Piemonte,01,PIEMONTE,Nord-ovest,0
005120,M058,Vinchio,Vinchio,VINCHIO,Asti,AT,005,ASTI,Piemonte,01,PIEMONTE,Nord-ovest,0
096001,A107,Ailoche,Ailoche,AILOCHE,Biella,BI,096,BIELLA,Piemonte,01,PIEMONTE,Nord-ovest,0
096002,A280,Andorno Micca,Andorno Micca,ANDORNO MICCA,Biella,BI,096,BIELLA,Piemonte,01,PIEMONTE,Nord-ovest,0
096003,A784,Benna,Benna,BENNA,Biella,BI,096,BIELLA,Piemonte,01,PIEMONTE,Nord-ovest,0
096004,A859,Biella,Biella,BIELLA,Biella,BI,096,BIELLA,Piemonte,01,PIEMONTE,Nord-ovest,1
096005,A876,Bioglio,Bioglio,BIOGLIO,Biella,BI,096,BIELLA,Piemonte,01,PIEMONTE,Nord-ovest,0
096006,B058,Borriana,Borriana,BORRIANA,Biella,BI,096,BIELLA,Piemonte,01,PIEMONTE,Nord-ovest,0
096007,B229,Brusnengo,Brusnengo,BRUSNENGO,Biella,BI,096,BIELLA,Piemonte,01,PIEMONTE,Nord-ovest,0
096008,B417,Callabiana,Callabiana,CALLABIANA,Biella,BI,096,BIELLA,Piemonte,01,PIEMONTE,Nord-ovest,0
096009,B457,Camandona,Camandona,CAMANDONA,Biella,BI,096,BIELLA,Piemonte,01,PIEMONTE,Nord-ovest,0
096010,B465,Camburzano,Camburzano,CAMBURZANO,Biella,BI,096,BIELLA,Piemonte,01,PIEMONTE,Nord-ovest,0
096086,M373,Campiglia Cervo,Campiglia Cervo,CAMPIGLIA CERVO,Biella,BI,096,BIELLA,Piemonte,01,PIEMONTE,Nord-ovest,0
096012,B586,Candelo,Candelo,CANDELO,Biella,BI,096,BIELLA,Piemonte,01,PIEMONTE,Nord-ovest,0
096013,B708,Caprile,Caprile,CAPRILE,Biella,BI,096,BIELLA,Piemonte,01,PIEMONTE,Nord-ovest,0
096014,B933,Casapinta,Casapinta,CASAPINTA,Biella,BI,096,BIELLA,Piemonte,01,PIEMONTE,Nord-ovest,0
096015,C155,Castelletto Cervo,Castelletto Cervo,CASTELLETTO CERVO,Biella,BI,096,BIELLA,Piemonte,01,PIEMONTE,Nord-ovest,0
096016,C363,Cavaglià,Cavaglià,CAVAGLIA,Biella,BI,096,BIELLA,Piemonte,01,PIEMONTE,Nord-ovest,0
096018,C532,Cerrione,Cerrione,CERRIONE,Biella,BI,096,BIELLA,Piemonte,01,PIEMONTE,Nord-ovest,0
096019,C819,Coggiola,Coggiola,COGGIOLA,Biella,BI,096,BIELLA,Piemonte,01,PIEMONTE,Nord-ovest,0
096020,D094,Cossato,Cossato,COSSATO,Biella,BI,096,BIELLA,Piemonte,01,PIEMONTE,Nord-ovest,0
096021,D165,Crevacuore,Crevacuore,CREVACUORE,Biella,BI,096,BIELLA,Piemonte,01,PIEMONTE,Nord-ovest,0
096023,D219,Curino,Curino,CURINO,Biella,BI,096,BIELLA,Piemonte,01,PIEMONTE,Nord-ovest,0
096024,D339,Donato,Donato,DONATO,Biella,BI,096,BIELLA,Piemonte,01,PIEMONTE,Nord-ovest,0
096025,D350,Dorzano,Dorzano,DORZANO,Biella,BI,096,BIELLA,Piemonte,01,PIEMONTE,Nord-ovest,0
096026,D848,Gaglianico,Gaglianico,GAGLIANICO,Biella,BI,096,BIELLA,Piemonte,01,PIEMONTE,Nord-ovest,0
096027,E024,Gifflenga,Gifflenga,GIFFLENGA,Biella,BI,096,BIELLA,Piemonte,01,PIEMONTE,Nord-ovest,0
096028,E130,Graglia,Graglia,GRAGLIA,Biella,BI,096,BIELLA,Piemonte,01,PIEMONTE,Nord-ovest,0
096085,M371,Lessona,Lessona,LESSONA,Biella,BI,096,BIELLA,Piemonte,01,PIEMONTE,Nord-ovest,0
096030,E821,Magnano,Magnano,MAGNANO,Biella,BI,096,BIELLA,Piemonte,01,PIEMONTE,Nord-ovest,0
096031,F037,Massazza,Massazza,MASSAZZA,Biella,BI,096,BIELLA,Piemonte,01,PIEMONTE,Nord-ovest,0
096032,F042,Masserano,Masserano,MASSERANO,Biella,BI,096,BIELLA,Piemonte,01,PIEMONTE,Nord-ovest,0
096033,F167,Mezzana Mortigliengo,Mezzana Mortigliengo,MEZZANA MORTIGLIENGO,Biella,BI,096,BIELLA,Piemonte,01,PIEMONTE,Nord-ovest,0
096034,F189,Miagliano,Miagliano,MIAGLIANO,Biella,BI,096,BIELLA,Piemonte,01,PIEMONTE,Nord-ovest,0
096035,F369,Mongrando,Mongrando,MONGRANDO,Biella,BI,096,BIELLA,Piemonte,01,PIEMONTE,Nord-ovest,0
096037,F776,Mottalciata,Mottalciata,MOTTALCIATA,Biella,BI,096,BIELLA,Piemonte,01,PIEMONTE,Nord-ovest,0
096038,F833,Muzzano,Muzzano,MUZZANO,Biella,BI,096,BIELLA,Piemonte,01,PIEMONTE,Nord-ovest,0
096039,F878,Netro,Netro,NETRO,Biella,BI,096,BIELLA,Piemonte,01,PIEMONTE,Nord-ovest,0
096040,F992,Occhieppo Inferiore,Occhieppo Inferiore,OCCHIEPPO INFERIORE,Biella,BI,096,BIELLA,Piemonte,01,PIEMONTE,Nord-ovest,0
096041,F993,Occhieppo Superiore,Occhieppo Superiore,OCCHIEPPO SUPERIORE,Biella,BI,096,BIELLA,Piemonte,01,PIEMONTE,Nord-ovest,0
096042,G521,Pettinengo,Pettinengo,PETTINENGO,Biella,BI,096,BIELLA,Piemonte,01,PIEMONTE,Nord-ovest,0
096043,G577,Piatto,Piatto,PIATTO,Biella,BI,096,BIELLA,Piemonte,01,PIEMONTE,Nord-ovest,0
096044,G594,Piedicavallo,Piedicavallo,PIEDICAVALLO,Biella,BI,096,BIELLA,Piemonte,01,PIEMONTE,Nord-ovest,0
096046,G798,Pollone,Pollone,POLLONE,Biella,BI,096,BIELLA,Piemonte,01,PIEMONTE,Nord-ovest,0
096047,G820,Ponderano,Ponderano,PONDERANO,Biella,BI,096,BIELLA,Piemonte,01,PIEMONTE,Nord-ovest,0
096048,G927,Portula,Portula,PORTULA,Biella,BI,096,BIELLA,Piemonte,01,PIEMONTE,Nord-ovest,0
096049,G980,Pralungo,Pralungo,PRALUNGO,Biella,BI,096,BIELLA,Piemonte,01,PIEMONTE,Nord-ovest,0
096050,G974,Pray,Pray,PRAY,Biella,BI,096,BIELLA,Piemonte,01,PIEMONTE,Nord-ovest,0
096087,M414,Quaregna Cerreto,Quaregna Cerreto,QUAREGNA CERRETO,Biella,BI,096,BIELLA,Piemonte,01,PIEMONTE,Nord-ovest,0
096053,H538,Ronco Biellese,Ronco Biellese,RONCO BIELLESE,Biella,BI,096,BIELLA,Piemonte,01,PIEMONTE,Nord-ovest,0
096054,H553,Roppolo,Roppolo,ROPPOLO,Biella,BI,096,BIELLA,Piemonte,01,PIEMONTE,Nord-ovest,0
096055,H561,Rosazza,Rosazza,ROSAZZA,Biella,BI,096,BIELLA,Piemonte,01,PIEMONTE,Nord-ovest,0
096056,H662,Sagliano Micca,Sagliano Micca,SAGLIANO MICCA,Biella,BI,096,BIELLA,Piemonte,01,PIEMONTE,Nord-ovest,0
096057,H681,Sala Biellese,Sala Biellese,SALA BIELLESE,Biella,BI,096,BIELLA,Piemonte,01,PIEMONTE,Nord-ovest,0
096058,H726,Salussola,Salussola,SALUSSOLA,Biella,BI,096,BIELLA,Piemonte,01,PIEMONTE,Nord-ovest,0
096059,H821,Sandigliano,Sandigliano,SANDIGLIANO,Biella,BI,096,BIELLA,Piemonte,01,PIEMONTE,Nord-ovest,0
096063,I847,Sordevolo,Sordevolo,SORDEVOLO,Biella,BI,096,BIELLA,Piemonte,01,PIEMONTE,Nord-ovest,0
096064,I868,Sostegno,Sostegno,SOSTEGNO,Biella,BI,096,BIELLA,Piemonte,01,PIEMONTE,Nord-ovest,0
096065,I980,Strona,Strona,STRONA,Biella,BI,096,BIELLA,Piemonte,01,PIEMONTE,Nord-ovest,0
096066,L075,Tavigliano,Tavigliano,TAVIGLIANO,Biella,BI,096,BIELLA,Piemonte,01,PIEMONTE,Nord-ovest,0
096067,L116,Ternengo,Ternengo,TERNENGO,Biella,BI,096,BIELLA,Piemonte,01,PIEMONTE,Nord-ovest,0
096068,L193,Tollegno,Tollegno,TOLLEGNO,Biella,BI,096,BIELLA,Piemonte,01,PIEMONTE,Nord-ovest,0
096069,L239,Torrazzo,Torrazzo,TORRAZZO,Biella,BI,096,BIELLA,Piemonte,01,PIEMONTE,Nord-ovest,0
096071,L556,Valdengo,Valdengo,VALDENGO,Biella,BI,096,BIELLA,Piemonte,01,PIEMONTE,Nord-ovest,0
096088,M417,Valdilana,Valdilana,VALDILANA,Biella,BI,096,BIELLA,Piemonte,01,PIEMONTE,Nord-ovest,0
096072,L586,Vallanzengo,Vallanzengo,VALLANZENGO,Biella,BI,096,BIELLA,Piemonte,01,PIEMONTE,Nord-ovest,0
096074,L620,Valle San Nicolao,Valle San Nicolao,VALLE SAN NICOLAO,Biella,BI,096,BIELLA,Piemonte,01,PIEMONTE,Nord-ovest,0
096075,L712,Veglio,Veglio,VEGLIO,Biella,BI,096,BIELLA,Piemonte,01,PIEMONTE,Nord-ovest,0
096076,L785,Verrone,Verrone,VERRONE,Biella,BI,096,BIELLA,Piemonte,01,PIEMONTE,Nord-ovest,0
096077,L880,Vigliano Biellese,Vigliano Biellese,VIGLIANO BIELLESE,Biella,BI,096,BIELLA,Piemonte,01,PIEMONTE,Nord-ovest,0
096078,L933,Villa del Bosco,Villa del Bosco,VILLA DEL BOSCO,Biella,BI,096,BIELLA,Piemonte,01,PIEMONTE,Nord-ovest,0
096079,L978,Villanova Biellese,Villanova Biellese,VILLANOVA BIELLESE,Biella,BI,096,BIELLA,Piemonte,01,PIEMONTE,Nord-ovest,0
096080,M098,Viverone,Viverone,VIVERONE,Biella,BI,096,BIELLA,Piemonte,01,PIEMONTE,Nord-ovest,0
096081,M179,Zimone,Zimone,ZIMONE,Biella,BI,096,BIELLA,Piemonte,01,PIEMONTE,Nord-ovest,0
096082,M196,Zubiena,Zubiena,ZUBIENA,Biella,BI,096,BIELLA,Piemonte,01,PIEMONTE,Nord-ovest,0
096083,M201,Zumaglia,Zumaglia,ZUMAGLIA,Biella,BI,096,BIELLA,Piemonte,01,PIEMONTE,Nord-ovest,0
004001,A016,Acceglio,Acceglio,ACCEGLIO,Cuneo,CN,004,CUNEO,Piemonte,01,PIEMONTE,Nord-ovest,0
004002,A113,Aisone,Aisone,AISONE,Cuneo,CN,004,CUNEO,Piemonte,01,PIEMONTE,Nord-ovest,0
004003,A124,Alba,Alba,ALBA,Cuneo,CN,004,CUNEO,Piemonte,01,PIEMONTE,Nord-ovest,0
004004,A139,Albaretto della Torre,Albaretto della Torre,ALBARETTO DELLA TORRE,Cuneo,CN,004,CUNEO,Piemonte,01,PIEMONTE,Nord-ovest,0
004005,A238,Alto,Alto,ALTO,Cuneo,CN,004,CUNEO,Piemonte,01,PIEMONTE,Nord-ovest,0
004006,A394,Argentera,Argentera,ARGENTERA,Cuneo,CN,004,CUNEO,Piemonte,01,PIEMONTE,Nord-ovest,0
004007,A396,Arguello,Arguello,ARGUELLO,Cuneo,CN,004,CUNEO,Piemonte,01,PIEMONTE,Nord-ovest,0
004008,A555,Bagnasco,Bagnasco,BAGNASCO,Cuneo,CN,004,CUNEO,Piemonte,01,PIEMONTE,Nord-ovest,0
004009,A571,Bagnolo Piemonte,Bagnolo Piemonte,BAGNOLO PIEMONTE,Cuneo,CN,004,CUNEO,Piemonte,01,PIEMONTE,Nord-ovest,0
004010,A589,Baldissero d'Alba,Baldissero d'Alba,BALDISSERO D ALBA,Cuneo,CN,004,CUNEO,Piemonte,01,PIEMONTE,Nord-ovest,0
004011,A629,Barbaresco,Barbaresco,BARBARESCO,Cuneo,CN,004,CUNEO,Piemonte,01,PIEMONTE,Nord-ovest,0
004012,A660,Barge,Barge,BARGE,Cuneo,CN,004,CUNEO,Piemonte,01,PIEMONTE,Nord-ovest,0
004013,A671,Barolo,Barolo,BAROLO,Cuneo,CN,004,CUNEO,Piemonte,01,PIEMONTE,Nord-ovest,0
004014,A709,Bastia Mondovì,Bastia Mondovì,BASTIA MONDOVI,Cuneo,CN,004,CUNEO,Piemonte,01,PIEMONTE,Nord-ovest,0
004015,A716,Battifollo,Battifollo,BATTIFOLLO,Cuneo,CN,004,CUNEO,Piemonte,01,PIEMONTE,Nord-ovest,0
004016,A735,Beinette,Beinette,BEINETTE,Cuneo,CN,004,CUNEO,Piemonte,01,PIEMONTE,Nord-ovest,0
004017,A750,Bellino,Bellino,BELLINO,Cuneo,CN,004,CUNEO,Piemonte,01,PIEMONTE,Nord-ovest,0
004018,A774,Belvedere Langhe,Belvedere Langhe,BELVEDERE LANGHE,Cuneo,CN,004,CUNEO,Piemonte,01,PIEMONTE,Nord-ovest,0
004019,A779,Bene Vagienna,Bene Vagienna,BENE VAGIENNA,Cuneo,CN,004,CUNEO,Piemonte,01,PIEMONTE,Nord-ovest,0
004020,A782,Benevello,Benevello,BENEVELLO,Cuneo,CN,004,CUNEO,Piemonte,01,PIEMONTE,Nord-ovest,0
004021,A798,Bergolo,Bergolo,BERGOLO,Cuneo,CN,004,CUNEO,Piemonte,01,PIEMONTE,Nord-ovest,0
004022,A805,Bernezzo,Bernezzo,BERNEZZO,Cuneo,CN,004,CUNEO,Piemonte,01,PIEMONTE,Nord-ovest,0
004023,A979,Bonvicino,Bonvicino,BONVICINO,Cuneo,CN,004,CUNEO,Piemonte,01,PIEMONTE,Nord-ovest,0
004025,B033,Borgo San Dalmazzo,Borgo San Dalmazzo,BORGO SAN DALMAZZO,Cuneo,CN,004,CUNEO,Piemonte,01,PIEMONTE,Nord-ovest,0
004024,B018,Borgomale,Borgomale,BORGOMALE,Cuneo,CN,004,CUNEO,Piemonte,01,PIEMONTE,Nord-ovest,0
004026,B079,Bosia,Bosia,BOSIA,Cuneo,CN,004,CUNEO,Piemonte,01,PIEMONTE,Nord-ovest,0
004027,B084,Bossolasco,Bossolasco,BOSSOLASCO,Cuneo,CN,004,CUNEO,Piemonte,01,PIEMONTE,Nord-ovest,0
004028,B101,Boves,Boves,BOVES,Cuneo,CN,004,CUNEO,Piemonte,01,PIEMONTE,Nord-ovest,0
004029,B111,Bra,Bra,BRA,Cuneo,CN,004,CUNEO,Piemonte,01,PIEMONTE,Nord-ovest,0
004030,B167,Briaglia,Briaglia,BRIAGLIA,Cuneo,CN,004,CUNEO,Piemonte,01,PIEMONTE,Nord-ovest,0
004031,B175,Briga Alta,Briga Alta,BRIGA ALTA,Cuneo,CN,004,CUNEO,Piemonte,01,PIEMONTE,Nord-ovest,0
004032,B200,Brondello,Brondello,BRONDELLO,Cuneo,CN,004,CUNEO,Piemonte,01,PIEMONTE,Nord-ovest,0
004033,B204,Brossasco,Brossasco,BROSSASCO,Cuneo,CN,004,CUNEO,Piemonte,01,PIEMONTE,Nord-ovest,0
004034,B285,Busca,Busca,BUSCA,Cuneo,CN,004,CUNEO,Piemonte,01,PIEMONTE,Nord-ovest,0
004035,B467,Camerana,Camerana,CAMERANA,Cuneo,CN,004,CUNEO,Piemonte,01,PIEMONTE,Nord-ovest,0
004037,B573,Canale,Canale,CANALE,Cuneo,CN,004,CUNEO,Piemonte,01,PIEMONTE,Nord-ovest,0
004038,B621,Canosio,Canosio,CANOSIO,Cuneo,CN,004,CUNEO,Piemonte,01,PIEMONTE,Nord-ovest,0
004039,B692,Caprauna,Caprauna,CAPRAUNA,Cuneo,CN,004,CUNEO,Piemonte,01,PIEMONTE,Nord-ovest,0
004040,B719,Caraglio,Caraglio,CARAGLIO,Cuneo,CN,004,CUNEO,Piemonte,01,PIEMONTE,Nord-ovest,0
004041,B720,Caramagna Piemonte,Caramagna Piemonte,CARAMAGNA PIEMONTE,Cuneo,CN,004,CUNEO,Piemonte,01,PIEMONTE,Nord-ovest,0
004042,B755,Cardè,Cardè,CARDE,Cuneo,CN,004,CUNEO,Piemonte,01,PIEMONTE,Nord-ovest,0
004043,B841,Carrù,Carrù,CARRU,Cuneo,CN,004,CUNEO,Piemonte,01,PIEMONTE,Nord-ovest,0
004044,B845,Cartignano,Cartignano,CARTIGNANO,Cuneo,CN,004,CUNEO,Piemonte,01,PIEMONTE,Nord-ovest,0
004045,B894,Casalgrasso,Casalgrasso,CASALGRASSO,Cuneo,CN,004,CUNEO,Piemonte,01,PIEMONTE,Nord-ovest,0
004046,C046,Castagnito,Castagnito,CASTAGNITO,Cuneo,CN,004,CUNEO,Piemonte,01,PIEMONTE,Nord-ovest,0
004047,C081,Casteldelfino,Casteldelfino,CASTELDELFINO,Cuneo,CN,004,CUNEO,Piemonte,01,PIEMONTE,Nord-ovest,0
004049,C165,Castelletto Stura,Castelletto Stura,CASTELLETTO STURA,Cuneo,CN,004,CUNEO,Piemonte,01,PIEMONTE,Nord-ovest,0
004050,C167,Castelletto Uzzone,Castelletto Uzzone,CASTELLETTO UZZONE,Cuneo,CN,004,CUNEO,Piemonte,01,PIEMONTE,Nord-ovest,0
004051,C173,Castellinaldo d'Alba,Castellinaldo d'Alba,CASTELLINALDO D ALBA,Cuneo,CN,004,CUNEO,Piemonte,01,PIEMONTE,Nord-ovest,0
004052,C176,Castellino Tanaro,Castellino Tanaro,CASTELLINO TANARO,Cuneo,CN,004,CUNEO,Piemonte,01,PIEMONTE,Nord-ovest,0
004053,C205,Castelmagno,Castelmagno,CASTELMAGNO,Cuneo,CN,004,CUNEO,Piemonte,01,PIEMONTE,Nord-ovest,0
004054,C214,Castelnuovo di Ceva,Castelnuovo di Ceva,CASTELNUOVO DI CEVA,Cuneo,CN,004,CUNEO,Piemonte,01,PIEMONTE,Nord-ovest,0
004055,C314,Castiglione Falletto,Castiglione Falletto,CASTIGLIONE FALLETTO,Cuneo,CN,004,CUNEO,Piemonte,01,PIEMONTE,Nord-ovest,0
004056,C317,Castiglione Tinella,Castiglione Tinella,CASTIGLIONE TINELLA,Cuneo,CN,004,CUNEO,Piemonte,01,PIEMONTE,Nord-ovest,0
004057,C323,Castino,Castino,CASTINO,Cuneo,CN,004,CUNEO,Piemonte,01,PIEMONTE,Nord-ovest,0
004058,C375,Cavallerleone,Cavallerleone,CAVALLERLEONE,Cuneo,CN,004,CUNEO,Piemonte,01,PIEMONTE,Nord-ovest,0
004059,C376,Cavallermaggiore,Cavallermaggiore,CAVALLERMAGGIORE,Cuneo,CN,004,CUNEO,Piemonte,01,PIEMONTE,Nord-ovest,0
004060,C441,Celle di Macra,Celle di Macra,CELLE DI MACRA,Cuneo,CN,004,CUNEO,Piemonte,01,PIEMONTE,Nord-ovest,0
004061,C466,Centallo,Centallo,CENTALLO,Cuneo,CN,004,CUNEO,Piemonte,01,PIEMONTE,Nord-ovest,0
004062,C504,Ceresole Alba,Ceresole Alba,CERESOLE ALBA,Cuneo,CN,004,CUNEO,Piemonte,01,PIEMONTE,Nord-ovest,0
004063,C530,Cerretto Langhe,Cerretto Langhe,CERRETTO LANGHE,Cuneo,CN,004,CUNEO,Piemonte,01,PIEMONTE,Nord-ovest,0
004064,C547,Cervasca,Cervasca,CERVASCA,Cuneo,CN,004,CUNEO,Piemonte,01,PIEMONTE,Nord-ovest,0
004065,C550,Cervere,Cervere,CERVERE,Cuneo,CN,004,CUNEO,Piemonte,01,PIEMONTE,Nord-ovest,0
004066,C589,Ceva,Ceva,CEVA,Cuneo,CN,004,CUNEO,Piemonte,01,PIEMONTE,Nord-ovest,0
004067,C599,Cherasco,Cherasco,CHERASCO,Cuneo,CN,004,CUNEO,Piemonte,01,PIEMONTE,Nord-ovest,0
004068,C653,Chiusa di Pesio,Chiusa di Pesio,CHIUSA DI PESIO,Cuneo,CN,004,CUNEO,Piemonte,01,PIEMONTE,Nord-ovest,0
004069,C681,Cigliè,Cigliè,CIGLIE,Cuneo,CN,004,CUNEO,Piemonte,01,PIEMONTE,Nord-ovest,0
004070,C738,Cissone,Cissone,CISSONE,Cuneo,CN,004,CUNEO,Piemonte,01,PIEMONTE,Nord-ovest,0
004071,C792,Clavesana,Clavesana,CLAVESANA,Cuneo,CN,004,CUNEO,Piemonte,01,PIEMONTE,Nord-ovest,0
004072,D022,Corneliano d'Alba,Corneliano d'Alba,CORNELIANO D ALBA,Cuneo,CN,004,CUNEO,Piemonte,01,PIEMONTE,Nord-ovest,0
004073,D062,Cortemilia,Cortemilia,CORTEMILIA,Cuneo,CN,004,CUNEO,Piemonte,01,PIEMONTE,Nord-ovest,0
004074,D093,Cossano Belbo,Cossano Belbo,COSSANO BELBO,Cuneo,CN,004,CUNEO,Piemonte,01,PIEMONTE,Nord-ovest,0
004075,D120,Costigliole Saluzzo,Costigliole Saluzzo,COSTIGLIOLE SALUZZO,Cuneo,CN,004,CUNEO,Piemonte,01,PIEMONTE,Nord-ovest,0
004076,D133,Cravanzana,Cravanzana,CRAVANZANA,Cuneo,CN,004,CUNEO,Piemonte,01,PIEMONTE,Nord-ovest,0
004077,D172,Crissolo,Crissolo,CRISSOLO,Cuneo,CN,004,CUNEO,Piemonte,01,PIEMONTE,Nord-ovest,0
004078,D205,Cuneo,Cuneo,CUNEO,Cuneo,CN,004,CUNEO,Piemonte,01,PIEMONTE,Nord-ovest,1
004079,D271,Demonte,Demonte,DEMONTE,Cuneo,CN,004,CUNEO,Piemonte,01,PIEMONTE,Nord-ovest,0
004080,D291,Diano d'Alba,Diano d'Alba,DIANO D ALBA,Cuneo,CN,004,CUNEO,Piemonte,01,PIEMONTE,Nord-ovest,0
004081,D314,Dogliani,Dogliani,DOGLIANI,Cuneo,CN,004,CUNEO,Piemonte,01,PIEMONTE,Nord-ovest,0
004082,D372,Dronero,Dronero,DRONERO,Cuneo,CN,004,CUNEO,Piemonte,01,PIEMONTE,Nord-ovest,0
004083,D401,Elva,Elva,ELVA,Cuneo,CN,004,CUNEO,Piemonte,01,PIEMONTE,Nord-ovest,0
004084,D410,Entracque,Entracque,ENTRACQUE,Cuneo,CN,004,CUNEO,Piemonte,01,PIEMONTE,Nord-ovest,0
004085,D412,Envie,Envie,ENVIE,Cuneo,CN,004,CUNEO,Piemonte,01,PIEMONTE,Nord-ovest,0
004086,D499,Farigliano,Farigliano,FARIGLIANO,Cuneo,CN,004,CUNEO,Piemonte,01,PIEMONTE,Nord-ovest,0
004087,D511,Faule,Faule,FAULE,Cuneo,CN,004,CUNEO,Piemonte,01,PIEMONTE,Nord-ovest,0
004088,D523,Feisoglio,Feisoglio,FEISOGLIO,Cuneo,CN,004,CUNEO,Piemonte,01,PIEMONTE,Nord-ovest,0
004089,D742,Fossano,Fossano,FOSSANO,Cuneo,CN,004,CUNEO,Piemonte,01,PIEMONTE,Nord-ovest,0
004090,D751,Frabosa Soprana,Frabosa Soprana,FRABOSA SOPRANA,Cuneo,CN,004,CUNEO,Piemonte,01,PIEMONTE,Nord-ovest,0
004091,D752,Frabosa Sottana,Frabosa Sottana,FRABOSA SOTTANA,Cuneo,CN,004,CUNEO,Piemonte,01,PIEMONTE,Nord-ovest,0
004092,D782,Frassino,Frassino,FRASSINO,Cuneo,CN,004,CUNEO,Piemonte,01,PIEMONTE,Nord-ovest,0
004093,D856,Gaiola,Gaiola,GAIOLA,Cuneo,CN,004,CUNEO,Piemonte,01,PIEMONTE,Nord-ovest,0
004094,D894,Gambasca,Gambasca,GAMBASCA,Cuneo,CN,004,CUNEO,Piemonte,01,PIEMONTE,Nord-ovest,0
004095,D920,Garessio,Garessio,GARESSIO,Cuneo,CN,004,CUNEO,Piemonte,01,PIEMONTE,Nord-ovest,0
004096,D967,Genola,Genola,GENOLA,Cuneo,CN,004,CUNEO,Piemonte,01,PIEMONTE,Nord-ovest,0
004097,E111,Gorzegno,Gorzegno,GORZEGNO,Cuneo,CN,004,CUNEO,Piemonte,01,PIEMONTE,Nord-ovest,0
004098,E115,Gottasecca,Gottasecca,GOTTASECCA,Cuneo,CN,004,CUNEO,Piemonte,01,PIEMONTE,Nord-ovest,0
004099,E118,Govone,Govone,GOVONE,Cuneo,CN,004,CUNEO,Piemonte,01,PIEMONTE,Nord-ovest,0
004100,E182,Grinzane Cavour,Grinzane Cavour,GRINZANE CAVOUR,Cuneo,CN,004,CUNEO,Piemonte,01,PIEMONTE,Nord-ovest,0
004101,E251,Guarene,Guarene,GUARENE,Cuneo,CN,004,CUNEO,Piemonte,01,PIEMONTE,Nord-ovest,0
004102,E282,Igliano,Igliano,IGLIANO,Cuneo,CN,004,CUNEO,Piemonte,01,PIEMONTE,Nord-ovest,0
004103,E327,Isasca,Isasca,ISASCA,Cuneo,CN,004,CUNEO,Piemonte,01,PIEMONTE,Nord-ovest,0
004105,E430,La Morra,La Morra,LA MORRA,Cuneo,CN,004,CUNEO,Piemonte,01,PIEMONTE,Nord-ovest,0
004104,E406,Lagnasco,Lagnasco,LAGNASCO,Cuneo,CN,004,CUNEO,Piemonte,01,PIEMONTE,Nord-ovest,0
004106,E540,Lequio Berria,Lequio Berria,LEQUIO BERRIA,Cuneo,CN,004,CUNEO,Piemonte,01,PIEMONTE,Nord-ovest,0
004107,E539,Lequio Tanaro,Lequio Tanaro,LEQUIO TANARO,Cuneo,CN,004,CUNEO,Piemonte,01,PIEMONTE,Nord-ovest,0
004108,E546,Lesegno,Lesegno,LESEGNO,Cuneo,CN,004,CUNEO,Piemonte,01,PIEMONTE,Nord-ovest,0
004109,E564,Levice,Levice,LEVICE,Cuneo,CN,004,CUNEO,Piemonte,01,PIEMONTE,Nord-ovest,0
004110,E597,Limone Piemonte,Limone Piemonte,LIMONE PIEMONTE,Cuneo,CN,004,CUNEO,Piemonte,01,PIEMONTE,Nord-ovest,0
004111,E615,Lisio,Lisio,LISIO,Cuneo,CN,004,CUNEO,Piemonte,01,PIEMONTE,Nord-ovest,0
004112,E789,Macra,Macra,MACRA,Cuneo,CN,004,CUNEO,Piemonte,01,PIEMONTE,Nord-ovest,0
004113,E809,Magliano Alfieri,Magliano Alfieri,MAGLIANO ALFIERI,Cuneo,CN,004,CUNEO,Piemonte,01,PIEMONTE,Nord-ovest,0
004114,E808,Magliano Alpi,Magliano Alpi,MAGLIANO ALPI,Cuneo,CN,004,CUNEO,Piemonte,01,PIEMONTE,Nord-ovest,0
004115,E887,Mango,Mango,MANGO,Cuneo,CN,004,CUNEO,Piemonte,01,PIEMONTE,Nord-ovest,0
004116,E894,Manta,Manta,MANTA,Cuneo,CN,004,CUNEO,Piemonte,01,PIEMONTE,Nord-ovest,0
004117,E939,Marene,Marene,MARENE,Cuneo,CN,004,CUNEO,Piemonte,01,PIEMONTE,Nord-ovest,0
004118,E945,Margarita,Margarita,MARGARITA,Cuneo,CN,004,CUNEO,Piemonte,01,PIEMONTE,Nord-ovest,0
004119,E963,Marmora,Marmora,MARMORA,Cuneo,CN,004,CUNEO,Piemonte,01,PIEMONTE,Nord-ovest,0
004120,E973,Marsaglia,Marsaglia,MARSAGLIA,Cuneo,CN,004,CUNEO,Piemonte,01,PIEMONTE,Nord-ovest,0
004121,E988,Martiniana Po,Martiniana Po,MARTINIANA PO,Cuneo,CN,004,CUNEO,Piemonte,01,PIEMONTE,Nord-ovest,0
004122,F114,Melle,Melle,MELLE,Cuneo,CN,004,CUNEO,Piemonte,01,PIEMONTE,Nord-ovest,0
004123,F279,Moiola,Moiola,MOIOLA,Cuneo,CN,004,CUNEO,Piemonte,01,PIEMONTE,Nord-ovest,0
004124,F309,Mombarcaro,Mombarcaro,MOMBARCARO,Cuneo,CN,004,CUNEO,Piemonte,01,PIEMONTE,Nord-ovest,0
004125,F312,Mombasiglio,Mombasiglio,MOMBASIGLIO,Cuneo,CN,004,CUNEO,Piemonte,01,PIEMONTE,Nord-ovest,0
004126,F326,Monastero di Vasco,Monastero di Vasco,MONASTERO DI VASCO,Cuneo,CN,004,CUNEO,Piemonte,01,PIEMONTE,Nord-ovest,0
004127,F329,Monasterolo Casotto,Monasterolo Casotto,MONASTEROLO CASOTTO,Cuneo,CN,004,CUNEO,Piemonte,01,PIEMONTE,Nord-ovest,0
004128,F330,Monasterolo di Savigliano,Monasterolo di Savigliano,MONASTEROLO DI SAVIGLIANO,Cuneo,CN,004,CUNEO,Piemonte,01,PIEMONTE,Nord-ovest,0
004129,F338,Monchiero,Monchiero,MONCHIERO,Cuneo,CN,004,CUNEO,Piemonte,01,PIEMONTE,Nord-ovest,0
004130,F351,Mondovì,Mondovì,MONDOVI,Cuneo,CN,004,CUNEO,Piemonte,01,PIEMONTE,Nord-ovest,0
004131,F355,Monesiglio,Monesiglio,MONESIGLIO,Cuneo,CN,004,CUNEO,Piemonte,01,PIEMONTE,Nord-ovest,0
004132,F358,Monforte d'Alba,Monforte d'Alba,MONFORTE D ALBA,Cuneo,CN,004,CUNEO,Piemonte,01,PIEMONTE,Nord-ovest,0
004135,F408,Montaldo Roero,Montaldo Roero,MONTALDO ROERO,Cuneo,CN,004,CUNEO,Piemonte,01,PIEMONTE,Nord-ovest,0
004134,F405,Montaldo di Mondovì,Montaldo di Mondovì,MONTALDO DI MONDOVI,Cuneo,CN,004,CUNEO,Piemonte,01,PIEMONTE,Nord-ovest,0
004136,F424,Montanera,Montanera,MONTANERA,Cuneo,CN,004,CUNEO,Piemonte,01,PIEMONTE,Nord-ovest,0
004137,F550,Montelupo Albese,Montelupo Albese,MONTELUPO ALBESE,Cuneo,CN,004,CUNEO,Piemonte,01,PIEMONTE,Nord-ovest,0
004138,F558,Montemale di Cuneo,Montemale di Cuneo,MONTEMALE DI CUNEO,Cuneo,CN,004,CUNEO,Piemonte,01,PIEMONTE,Nord-ovest,0
004139,F608,Monterosso Grana,Monterosso Grana,MONTEROSSO GRANA,Cuneo,CN,004,CUNEO,Piemonte,01,PIEMONTE,Nord-ovest,0
004140,F654,Monteu Roero,Monteu Roero,MONTEU ROERO,Cuneo,CN,004,CUNEO,Piemonte,01,PIEMONTE,Nord-ovest,0
004141,F666,Montezemolo,Montezemolo,MONTEZEMOLO,Cuneo,CN,004,CUNEO,Piemonte,01,PIEMONTE,Nord-ovest,0
004142,F669,Monticello d'Alba,Monticello d'Alba,MONTICELLO D ALBA,Cuneo,CN,004,CUNEO,Piemonte,01,PIEMONTE,Nord-ovest,0
004133,F385,Montà,Montà,MONTA,Cuneo,CN,004,CUNEO,Piemonte,01,PIEMONTE,Nord-ovest,0
004143,F723,Moretta,Moretta,MORETTA,Cuneo,CN,004,CUNEO,Piemonte,01,PIEMONTE,Nord-ovest,0
004144,F743,Morozzo,Morozzo,MOROZZO,Cuneo,CN,004,CUNEO,Piemonte,01,PIEMONTE,Nord-ovest,0
004145,F809,Murazzano,Murazzano,MURAZZANO,Cuneo,CN,004,CUNEO,Piemonte,01,PIEMONTE,Nord-ovest,0
004146,F811,Murello,Murello,MURELLO,Cuneo,CN,004,CUNEO,Piemonte,01,PIEMONTE,Nord-ovest,0
004147,F846,Narzole,Narzole,NARZOLE,Cuneo,CN,004,CUNEO,Piemonte,01,PIEMONTE,Nord-ovest,0
004148,F863,Neive,Neive,NEIVE,Cuneo,CN,004,CUNEO,Piemonte,01,PIEMONTE,Nord-ovest,0
004149,F883,Neviglie,Neviglie,NEVIGLIE,Cuneo,CN,004,CUNEO,Piemonte,01,PIEMONTE,Nord-ovest,0
004150,F894,Niella Belbo,Niella Belbo,NIELLA BELBO,Cuneo,CN,004,CUNEO,Piemonte,01,PIEMONTE,Nord-ovest,0
004151,F895,Niella Tanaro,Niella Tanaro,NIELLA TANARO,Cuneo,CN,004,CUNEO,Piemonte,01,PIEMONTE,Nord-ovest,0
004152,F961,Novello,Novello,NOVELLO,Cuneo,CN,004,CUNEO,Piemonte,01,PIEMONTE,Nord-ovest,0
004153,F972,Nucetto,Nucetto,NUCETTO,Cuneo,CN,004,CUNEO,Piemonte,01,PIEMONTE,Nord-ovest,0
004154,G066,Oncino,Oncino,ONCINO,Cuneo,CN,004,CUNEO,Piemonte,01,PIEMONTE,Nord-ovest,0
004155,G114,Ormea,Ormea,ORMEA,Cuneo,CN,004,CUNEO,Piemonte,01,PIEMONTE,Nord-ovest,0
004156,G183,Ostana,Ostana,OSTANA,Cuneo,CN,004,CUNEO,Piemonte,01,PIEMONTE,Nord-ovest,0
004157,G228,Paesana,Paesana,PAESANA,Cuneo,CN,004,CUNEO,Piemonte,01,PIEMONTE,Nord-ovest,0
004158,G240,Pagno,Pagno,PAGNO,Cuneo,CN,004,CUNEO,Piemonte,01,PIEMONTE,Nord-ovest,0
004159,G302,Pamparato,Pamparato,PAMPARATO,Cuneo,CN,004,CUNEO,Piemonte,01,PIEMONTE,Nord-ovest,0
004160,G339,Paroldo,Paroldo,PAROLDO,Cuneo,CN,004,CUNEO,Piemonte,01,PIEMONTE,Nord-ovest,0
004161,G457,Perletto,Perletto,PERLETTO,Cuneo,CN,004,CUNEO,Piemonte,01,PIEMONTE,Nord-ovest,0
004162,G458,Perlo,Perlo,PERLO,Cuneo,CN,004,CUNEO,Piemonte,01,PIEMONTE,Nord-ovest,0
004163,G526,Peveragno,Peveragno,PEVERAGNO,Cuneo,CN,004,CUNEO,Piemonte,01,PIEMONTE,Nord-ovest,0
004164,G532,Pezzolo Valle Uzzone,Pezzolo Valle Uzzone,PEZZOLO VALLE UZZONE,Cuneo,CN,004,CUNEO,Piemonte,01,PIEMONTE,Nord-ovest,0
004165,G561,Pianfei,Pianfei,PIANFEI,Cuneo,CN,004,CUNEO,Piemonte,01,PIEMONTE,Nord-ovest,0
004166,G575,Piasco,Piasco,PIASCO,Cuneo,CN,004,CUNEO,Piemonte,01,PIEMONTE,Nord-ovest,0
004167,G625,Pietraporzio,Pietraporzio,PIETRAPORZIO,Cuneo,CN,004,CUNEO,Piemonte,01,PIEMONTE,Nord-ovest,0
004168,G683,Piobesi d'Alba,Piobesi d'Alba,PIOBESI D ALBA,Cuneo,CN,004,CUNEO,Piemonte,01,PIEMONTE,Nord-ovest,0
004169,G697,Piozzo,Piozzo,PIOZZO,Cuneo,CN,004,CUNEO,Piemonte,01,PIEMONTE,Nord-ovest,0
004170,G742,Pocapaglia,Pocapaglia,POCAPAGLIA,Cuneo,CN,004,CUNEO,Piemonte,01,PIEMONTE,Nord-ovest,0
004171,G800,Polonghera,Polonghera,POLONGHERA,Cuneo,CN,004,CUNEO,Piemonte,01,PIEMONTE,Nord-ovest,0
004172,G837,Pontechianale,Pontechianale,PONTECHIANALE,Cuneo,CN,004,CUNEO,Piemonte,01,PIEMONTE,Nord-ovest,0
004173,G970,Pradleves,Pradleves,PRADLEVES,Cuneo,CN,004,CUNEO,Piemonte,01,PIEMONTE,Nord-ovest,0
004174,H011,Prazzo,Prazzo,PRAZZO,Cuneo,CN,004,CUNEO,Piemonte,01,PIEMONTE,Nord-ovest,0
004175,H059,Priero,Priero,PRIERO,Cuneo,CN,004,CUNEO,Piemonte,01,PIEMONTE,Nord-ovest,0
004176,H068,Priocca,Priocca,PRIOCCA,Cuneo,CN,004,CUNEO,Piemonte,01,PIEMONTE,Nord-ovest,0
004177,H069,Priola,Priola,PRIOLA,Cuneo,CN,004,CUNEO,Piemonte,01,PIEMONTE,Nord-ovest,0
004178,H085,Prunetto,Prunetto,PRUNETTO,Cuneo,CN,004,CUNEO,Piemonte,01,PIEMONTE,Nord-ovest,0
004179,H150,Racconigi,Racconigi,RACCONIGI,Cuneo,CN,004,CUNEO,Piemonte,01,PIEMONTE,Nord-ovest,0
004180,H247,Revello,Revello,REVELLO,Cuneo,CN,004,CUNEO,Piemonte,01,PIEMONTE,Nord-ovest,0
004181,H285,Rifreddo,Rifreddo,RIFREDDO,Cuneo,CN,004,CUNEO,Piemonte,01,PIEMONTE,Nord-ovest,0
004182,H326,Rittana,Rittana,RITTANA,Cuneo,CN,004,CUNEO,Piemonte,01,PIEMONTE,Nord-ovest,0
004183,H362,Roaschia,Roaschia,ROASCHIA,Cuneo,CN,004,CUNEO,Piemonte,01,PIEMONTE,Nord-ovest,0
004184,H363,Roascio,Roascio,ROASCIO,Cuneo,CN,004,CUNEO,Piemonte,01,PIEMONTE,Nord-ovest,0
004185,H377,Robilante,Robilante,ROBILANTE,Cuneo,CN,004,CUNEO,Piemonte,01,PIEMONTE,Nord-ovest,0
004186,H378,Roburent,Roburent,ROBURENT,Cuneo,CN,004,CUNEO,Piemonte,01,PIEMONTE,Nord-ovest,0
004188,H391,Rocca Cigliè,Rocca Cigliè,ROCCA CIGLIE,Cuneo,CN,004,CUNEO,Piemonte,01,PIEMONTE,Nord-ovest,0
004189,H395,Rocca de' Baldi,Rocca de' Baldi,ROCCA DE BALDI,Cuneo,CN,004,CUNEO,Piemonte,01,PIEMONTE,Nord-ovest,0
004187,H385,Roccabruna,Roccabruna,ROCCABRUNA,Cuneo,CN,004,CUNEO,Piemonte,01,PIEMONTE,Nord-ovest,0
004190,H407,Roccaforte Mondovì,Roccaforte Mondovì,ROCCAFORTE MONDOVI,Cuneo,CN,004,CUNEO,Piemonte,01,PIEMONTE,Nord-ovest,0
004191,H447,Roccasparvera,Roccasparvera,ROCCASPARVERA,Cuneo,CN,004,CUNEO,Piemonte,01,PIEMONTE,Nord-ovest,0
004192,H453,Roccavione,Roccavione,ROCCAVIONE,Cuneo,CN,004,CUNEO,Piemonte,01,PIEMONTE,Nord-ovest,0
004193,H462,Rocchetta Belbo,Rocchetta Belbo,ROCCHETTA BELBO,Cuneo,CN,004,CUNEO,Piemonte,01,PIEMONTE,Nord-ovest,0
004194,H472,Roddi,Roddi,RODDI,Cuneo,CN,004,CUNEO,Piemonte,01,PIEMONTE,Nord-ovest,0
004195,H473,Roddino,Roddino,RODDINO,Cuneo,CN,004,CUNEO,Piemonte,01,PIEMONTE,Nord-ovest,0
004196,H474,Rodello,Rodello,RODELLO,Cuneo,CN,004,CUNEO,Piemonte,01,PIEMONTE,Nord-ovest,0
004197,H578,Rossana,Rossana,ROSSANA,Cuneo,CN,004,CUNEO,Piemonte,01,PIEMONTE,Nord-ovest,0
004198,H633,Ruffia,Ruffia,RUFFIA,Cuneo,CN,004,CUNEO,Piemonte,01,PIEMONTE,Nord-ovest,0
004200,H704,Sale San Giovanni,Sale San Giovanni,SALE SAN GIOVANNI,Cuneo,CN,004,CUNEO,Piemonte,01,PIEMONTE,Nord-ovest,0
004199,H695,Sale delle Langhe,Sale delle Langhe,SALE DELLE LANGHE,Cuneo,CN,004,CUNEO,Piemonte,01,PIEMONTE,Nord-ovest,0
004201,H710,Saliceto,Saliceto,SALICETO,Cuneo,CN,004,CUNEO,Piemonte,01,PIEMONTE,Nord-ovest,0
004202,H716,Salmour,Salmour,SALMOUR,Cuneo,CN,004,CUNEO,Piemonte,01,PIEMONTE,Nord-ovest,0
004203,H727,Saluzzo,Saluzzo,SALUZZO,Cuneo,CN,004,CUNEO,Piemonte,01,PIEMONTE,Nord-ovest,0
004204,H746,Sambuco,Sambuco,SAMBUCO,Cuneo,CN,004,CUNEO,Piemonte,01,PIEMONTE,Nord-ovest,0
004205,H755,Sampeyre,Sampeyre,SAMPEYRE,Cuneo,CN,004,CUNEO,Piemonte,01,PIEMONTE,Nord-ovest,0
004206,H770,San Benedetto Belbo,San Benedetto Belbo,SAN BENEDETTO BELBO,Cuneo,CN,004,CUNEO,Piemonte,01,PIEMONTE,Nord-ovest,0
004207,H812,San Damiano Macra,San Damiano Macra,SAN DAMIANO MACRA,Cuneo,CN,004,CUNEO,Piemonte,01,PIEMONTE,Nord-ovest,0
004210,I037,San Michele Mondovì,San Michele Mondovì,SAN MICHELE MONDOVI,Cuneo,CN,004,CUNEO,Piemonte,01,PIEMONTE,Nord-ovest,0
004209,H852,Sanfront,Sanfront,SANFRONT,Cuneo,CN,004,CUNEO,Piemonte,01,PIEMONTE,Nord-ovest,0
004208,H851,Sanfrè,Sanfrè,SANFRE,Cuneo,CN,004,CUNEO,Piemonte,01,PIEMONTE,Nord-ovest,0
004211,I210,Sant'Albano Stura,Sant'Albano Stura,SANT ALBANO STURA,Cuneo,CN,004,CUNEO,Piemonte,01,PIEMONTE,Nord-ovest,0
004212,I316,Santa Vittoria d'Alba,Santa Vittoria d'Alba,SANTA VITTORIA D ALBA,Cuneo,CN,004,CUNEO,Piemonte,01,PIEMONTE,Nord-ovest,0
004213,I367,Santo Stefano Belbo,Santo Stefano Belbo,SANTO STEFANO BELBO,Cuneo,CN,004,CUNEO,Piemonte,01,PIEMONTE,Nord-ovest,0
004214,I372,Santo Stefano Roero,Santo Stefano Roero,SANTO STEFANO ROERO,Cuneo,CN,004,CUNEO,Piemonte,01,PIEMONTE,Nord-ovest,0
004215,I470,Savigliano,Savigliano,SAVIGLIANO,Cuneo,CN,004,CUNEO,Piemonte,01,PIEMONTE,Nord-ovest,0
004216,I484,Scagnello,Scagnello,SCAGNELLO,Cuneo,CN,004,CUNEO,Piemonte,01,PIEMONTE,Nord-ovest,0
004217,I512,Scarnafigi,Scarnafigi,SCARNAFIGI,Cuneo,CN,004,CUNEO,Piemonte,01,PIEMONTE,Nord-ovest,0
004218,I646,Serralunga d'Alba,Serralunga d'Alba,SERRALUNGA D ALBA,Cuneo,CN,004,CUNEO,Piemonte,01,PIEMONTE,Nord-ovest,0
004219,I659,Serravalle Langhe,Serravalle Langhe,SERRAVALLE LANGHE,Cuneo,CN,004,CUNEO,Piemonte,01,PIEMONTE,Nord-ovest,0
004220,I750,Sinio,Sinio,SINIO,Cuneo,CN,004,CUNEO,Piemonte,01,PIEMONTE,Nord-ovest,0
004221,I817,Somano,Somano,SOMANO,Cuneo,CN,004,CUNEO,Piemonte,01,PIEMONTE,Nord-ovest,0
004223,I823,Sommariva Perno,Sommariva Perno,SOMMARIVA PERNO,Cuneo,CN,004,CUNEO,Piemonte,01,PIEMONTE,Nord-ovest,0
004222,I822,Sommariva del Bosco,Sommariva del Bosco,SOMMARIVA DEL BOSCO,Cuneo,CN,004,CUNEO,Piemonte,01,PIEMONTE,Nord-ovest,0
004224,I985,Stroppo,Stroppo,STROPPO,Cuneo,CN,004,CUNEO,Piemonte,01,PIEMONTE,Nord-ovest,0
004225,L048,Tarantasca,Tarantasca,TARANTASCA,Cuneo,CN,004,CUNEO,Piemonte,01,PIEMONTE,Nord-ovest,0
004226,L252,Torre Bormida,Torre Bormida,TORRE BORMIDA,Cuneo,CN,004,CUNEO,Piemonte,01,PIEMONTE,Nord-ovest,0
004227,L241,Torre Mondovì,Torre Mondovì,TORRE MONDOVI,Cuneo,CN,004,CUNEO,Piemonte,01,PIEMONTE,Nord-ovest,0
004228,L278,Torre San Giorgio,Torre San Giorgio,TORRE SAN GIORGIO,Cuneo,CN,004,CUNEO,Piemonte,01,PIEMONTE,Nord-ovest,0
004229,L281,Torresina,Torresina,TORRESINA,Cuneo,CN,004,CUNEO,Piemonte,01,PIEMONTE,Nord-ovest,0
004230,L367,Treiso,Treiso,TREISO,Cuneo,CN,004,CUNEO,Piemonte,01,PIEMONTE,Nord-ovest,0
004231,L410,Trezzo Tinella,Trezzo Tinella,TREZZO TINELLA,Cuneo,CN,004,CUNEO,Piemonte,01,PIEMONTE,Nord-ovest,0
004232,L427,Trinità,Trinità,TRINITA,Cuneo,CN,004,CUNEO,Piemonte,01,PIEMONTE,Nord-ovest,0
004233,L558,Valdieri,Valdieri,VALDIERI,Cuneo,CN,004,CUNEO,Piemonte,01,PIEMONTE,Nord-ovest,0
004234,L580,Valgrana,Valgrana,VALGRANA,Cuneo,CN,004,CUNEO,Piemonte,01,PIEMONTE,Nord-ovest,0
004235,L631,Valloriate,Valloriate,VALLORIATE,Cuneo,CN,004,CUNEO,Piemonte,01,PIEMONTE,Nord-ovest,0
004237,L729,Venasca,Venasca,VENASCA,Cuneo,CN,004,CUNEO,Piemonte,01,PIEMONTE,Nord-ovest,0
004238,L758,Verduno,Verduno,VERDUNO,Cuneo,CN,004,CUNEO,Piemonte,01,PIEMONTE,Nord-ovest,0
004239,L771,Vernante,Vernante,VERNANTE,Cuneo,CN,004,CUNEO,Piemonte,01,PIEMONTE,Nord-ovest,0
004240,L804,Verzuolo,Verzuolo,VERZUOLO,Cuneo,CN,004,CUNEO,Piemonte,01,PIEMONTE,Nord-ovest,0
004241,L817,Vezza d'Alba,Vezza d'Alba,VEZZA D ALBA,Cuneo,CN,004,CUNEO,Piemonte,01,PIEMONTE,Nord-ovest,0
004242,L841,Vicoforte,Vicoforte,VICOFORTE,Cuneo,CN,004,CUNEO,Piemonte,01,PIEMONTE,Nord-ovest,0
004243,L888,Vignolo,Vignolo,VIGNOLO,Cuneo,CN,004,CUNEO,Piemonte,01,PIEMONTE,Nord-ovest,0
004244,L942,Villafalletto,Villafalletto,VILLAFALLETTO,Cuneo,CN,004,CUNEO,Piemonte,01,PIEMONTE,Nord-ovest,0
004245,L974,Villanova Mondovì,Villanova Mondovì,VILLANOVA MONDOVI,Cuneo,CN,004,CUNEO,Piemonte,01,PIEMONTE,Nord-ovest,0
004246,L990,Villanova Solaro,Villanova Solaro,VILLANOVA SOLARO,Cuneo,CN,004,CUNEO,Piemonte,01,PIEMONTE,Nord-ovest,0
004247,M015,Villar San Costanzo,Villar San Costanzo,VILLAR SAN COSTANZO,Cuneo,CN,004,CUNEO,Piemonte,01,PIEMONTE,Nord-ovest,0
004248,M055,Vinadio,Vinadio,VINADIO,Cuneo,CN,004,CUNEO,Piemonte,01,PIEMONTE,Nord-ovest,0
004249,M063,Viola,Viola,VIOLA,Cuneo,CN,004,CUNEO,Piemonte,01,PIEMONTE,Nord-ovest,0
004250,M136,Vottignasco,Vottignasco,VOTTIGNASCO,Cuneo,CN,004,CUNEO,Piemonte,01,PIEMONTE,Nord-ovest,0
003001,A088,Agrate Conturbia,Agrate Conturbia,AGRATE CONTURBIA,Novara,NO,003,NOVARA,Piemonte,01,PIEMONTE,Nord-ovest,0
003002,A264,Ameno,Ameno,AMENO,Novara,NO,003,NOVARA,Piemonte,01,PIEMONTE,Nord-ovest,0
003006,A414,Armeno,Armeno,ARMENO,Novara,NO,003,NOVARA,Piemonte,01,PIEMONTE,Nord-ovest,0
003008,A429,Arona,Arona,ARONA,Novara,NO,003,NOVARA,Piemonte,01,PIEMONTE,Nord-ovest,0
003012,A653,Barengo,Barengo,BARENGO,Novara,NO,003,NOVARA,Piemonte,01,PIEMONTE,Nord-ovest,0
003016,A752,Bellinzago Novarese,Bellinzago Novarese,BELLINZAGO NOVARESE,Novara,NO,003,NOVARA,Piemonte,01,PIEMONTE,Nord-ovest,0
003018,A844,Biandrate,Biandrate,BIANDRATE,Novara,NO,003,NOVARA,Piemonte,01,PIEMONTE,Nord-ovest,0
003019,A911,Boca,Boca,BOCA,Novara,NO,003,NOVARA,Piemonte,01,PIEMONTE,Nord-ovest,0
003021,A929,Bogogno,Bogogno,BOGOGNO,Novara,NO,003,NOVARA,Piemonte,01,PIEMONTE,Nord-ovest,0
003022,A953,Bolzano Novarese,Bolzano Novarese,BOLZANO NOVARESE,Novara,NO,003,NOVARA,Piemonte,01,PIEMONTE,Nord-ovest,0
003025,B043,Borgo Ticino,Borgo Ticino,BORGO TICINO,Novara,NO,003,NOVARA,Piemonte,01,PIEMONTE,Nord-ovest,0
003023,B016,Borgolavezzaro,Borgolavezzaro,BORGOLAVEZZARO,Novara,NO,003,NOVARA,Piemonte,01,PIEMONTE,Nord-ovest,0
003024,B019,Borgomanero,Borgomanero,BORGOMANERO,Novara,NO,003,NOVARA,Piemonte,01,PIEMONTE,Nord-ovest,0
003026,B176,Briga Novarese,Briga Novarese,BRIGA NOVARESE,Novara,NO,003,NOVARA,Piemonte,01,PIEMONTE,Nord-ovest,0
003027,B183,Briona,Briona,BRIONA,Novara,NO,003,NOVARA,Piemonte,01,PIEMONTE,Nord-ovest,0
003030,B431,Caltignaga,Caltignaga,CALTIGNAGA,Novara,NO,003,NOVARA,Piemonte,01,PIEMONTE,Nord-ovest,0
003032,B473,Cameri,Cameri,CAMERI,Novara,NO,003,NOVARA,Piemonte,01,PIEMONTE,Nord-ovest,0
003036,B823,Carpignano Sesia,Carpignano Sesia,CARPIGNANO SESIA,Novara,NO,003,NOVARA,Piemonte,01,PIEMONTE,Nord-ovest,0
003037,B864,Casalbeltrame,Casalbeltrame,CASALBELTRAME,Novara,NO,003,NOVARA,Piemonte,01,PIEMONTE,Nord-ovest,0
003039,B883,Casaleggio Novara,Casaleggio Novara,CASALEGGIO NOVARA,Novara,NO,003,NOVARA,Piemonte,01,PIEMONTE,Nord-ovest,0
003040,B897,Casalino,Casalino,CASALINO,Novara,NO,003,NOVARA,Piemonte,01,PIEMONTE,Nord-ovest,0
003041,B920,Casalvolone,Casalvolone,CASALVOLONE,Novara,NO,003,NOVARA,Piemonte,01,PIEMONTE,Nord-ovest,0
003042,C149,Castellazzo Novarese,Castellazzo Novarese,CASTELLAZZO NOVARESE,Novara,NO,003,NOVARA,Piemonte,01,PIEMONTE,Nord-ovest,0
003043,C166,Castelletto sopra Ticino,Castelletto sopra Ticino,CASTELLETTO SOPRA TICINO,Novara,NO,003,NOVARA,Piemonte,01,PIEMONTE,Nord-ovest,0
003044,C364,Cavaglietto,Cavaglietto,CAVAGLIETTO,Novara,NO,003,NOVARA,Piemonte,01,PIEMONTE,Nord-ovest,0
003045,C365,Cavaglio d'Agogna,Cavaglio d'Agogna,CAVAGLIO D AGOGNA,Novara,NO,003,NOVARA,Piemonte,01,PIEMONTE,Nord-ovest,0
003047,C378,Cavallirio,Cavallirio,CAVALLIRIO,Novara,NO,003,NOVARA,Piemonte,01,PIEMONTE,Nord-ovest,0
003049,C483,Cerano,Cerano,CERANO,Novara,NO,003,NOVARA,Piemonte,01,PIEMONTE,Nord-ovest,0
003051,C829,Colazza,Colazza,COLAZZA,Novara,NO,003,NOVARA,Piemonte,01,PIEMONTE,Nord-ovest,0
003052,C926,Comignago,Comignago,COMIGNAGO,Novara,NO,003,NOVARA,Piemonte,01,PIEMONTE,Nord-ovest,0
003055,D162,Cressa,Cressa,CRESSA,Novara,NO,003,NOVARA,Piemonte,01,PIEMONTE,Nord-ovest,0
003058,D216,Cureggio,Cureggio,CUREGGIO,Novara,NO,003,NOVARA,Piemonte,01,PIEMONTE,Nord-ovest,0
003060,D309,Divignano,Divignano,DIVIGNANO,Novara,NO,003,NOVARA,Piemonte,01,PIEMONTE,Nord-ovest,0
003062,D347,Dormelletto,Dormelletto,DORMELLETTO,Novara,NO,003,NOVARA,Piemonte,01,PIEMONTE,Nord-ovest,0
003065,D492,Fara Novarese,Fara Novarese,FARA NOVARESE,Novara,NO,003,NOVARA,Piemonte,01,PIEMONTE,Nord-ovest,0
003066,D675,Fontaneto d'Agogna,Fontaneto d'Agogna,FONTANETO D AGOGNA,Novara,NO,003,NOVARA,Piemonte,01,PIEMONTE,Nord-ovest,0
003068,D872,Galliate,Galliate,GALLIATE,Novara,NO,003,NOVARA,Piemonte,01,PIEMONTE,Nord-ovest,0
003069,D911,Garbagna Novarese,Garbagna Novarese,GARBAGNA NOVARESE,Novara,NO,003,NOVARA,Piemonte,01,PIEMONTE,Nord-ovest,0
003070,D921,Gargallo,Gargallo,GARGALLO,Novara,NO,003,NOVARA,Piemonte,01,PIEMONTE,Nord-ovest,0
003166,M416,Gattico-Veruno,Gattico-Veruno,GATTICO VERUNO,Novara,NO,003,NOVARA,Piemonte,01,PIEMONTE,Nord-ovest,0
003073,E001,Ghemme,Ghemme,GHEMME,Novara,NO,003,NOVARA,Piemonte,01,PIEMONTE,Nord-ovest,0
003076,E120,Gozzano,Gozzano,GOZZANO,Novara,NO,003,NOVARA,Piemonte,01,PIEMONTE,Nord-ovest,0
003077,E143,Granozzo con Monticello,Granozzo con Monticello,GRANOZZO CON MONTICELLO,Novara,NO,003,NOVARA,Piemonte,01,PIEMONTE,Nord-ovest,0
003079,E177,Grignasco,Grignasco,GRIGNASCO,Novara,NO,003,NOVARA,Piemonte,01,PIEMONTE,Nord-ovest,0
003082,E314,Invorio,Invorio,INVORIO,Novara,NO,003,NOVARA,Piemonte,01,PIEMONTE,Nord-ovest,0
003083,E436,Landiona,Landiona,LANDIONA,Novara,NO,003,NOVARA,Piemonte,01,PIEMONTE,Nord-ovest,0
003084,E544,Lesa,Lesa,LESA,Novara,NO,003,NOVARA,Piemonte,01,PIEMONTE,Nord-ovest,0
003088,E803,Maggiora,Maggiora,MAGGIORA,Novara,NO,003,NOVARA,Piemonte,01,PIEMONTE,Nord-ovest,0
003090,E880,Mandello Vitta,Mandello Vitta,MANDELLO VITTA,Novara,NO,003,NOVARA,Piemonte,01,PIEMONTE,Nord-ovest,0
003091,E907,Marano Ticino,Marano Ticino,MARANO TICINO,Novara,NO,003,NOVARA,Piemonte,01,PIEMONTE,Nord-ovest,0
003093,F047,Massino Visconti,Massino Visconti,MASSINO VISCONTI,Novara,NO,003,NOVARA,Piemonte,01,PIEMONTE,Nord-ovest,0
003095,F093,Meina,Meina,MEINA,Novara,NO,003,NOVARA,Piemonte,01,PIEMONTE,Nord-ovest,0
003097,F188,Mezzomerico,Mezzomerico,MEZZOMERICO,Novara,NO,003,NOVARA,Piemonte,01,PIEMONTE,Nord-ovest,0
003098,F191,Miasino,Miasino,MIASINO,Novara,NO,003,NOVARA,Piemonte,01,PIEMONTE,Nord-ovest,0
003100,F317,Momo,Momo,MOMO,Novara,NO,003,NOVARA,Piemonte,01,PIEMONTE,Nord-ovest,0
003103,F859,Nebbiuno,Nebbiuno,NEBBIUNO,Novara,NO,003,NOVARA,Piemonte,01,PIEMONTE,Nord-ovest,0
003104,F886,Nibbiola,Nibbiola,NIBBIOLA,Novara,NO,003,NOVARA,Piemonte,01,PIEMONTE,Nord-ovest,0
003106,F952,Novara,Novara,NOVARA,Novara,NO,003,NOVARA,Piemonte,01,PIEMONTE,Nord-ovest,1
003108,G019,Oleggio,Oleggio,OLEGGIO,Novara,NO,003,NOVARA,Piemonte,01,PIEMONTE,Nord-ovest,0
003109,G020,Oleggio Castello,Oleggio Castello,OLEGGIO CASTELLO,Novara,NO,003,NOVARA,Piemonte,01,PIEMONTE,Nord-ovest,0
003112,G134,Orta San Giulio,Orta San Giulio,ORTA SAN GIULIO,Novara,NO,003,NOVARA,Piemonte,01,PIEMONTE,Nord-ovest,0
003114,G349,Paruzzaro,Paruzzaro,PARUZZARO,Novara,NO,003,NOVARA,Piemonte,01,PIEMONTE,Nord-ovest,0
003115,G421,Pella,Pella,PELLA,Novara,NO,003,NOVARA,Piemonte,01,PIEMONTE,Nord-ovest,0
003116,G520,Pettenasco,Pettenasco,PETTENASCO,Novara,NO,003,NOVARA,Piemonte,01,PIEMONTE,Nord-ovest,0
003119,G703,Pisano,Pisano,PISANO,Novara,NO,003,NOVARA,Piemonte,01,PIEMONTE,Nord-ovest,0
003120,G775,Pogno,Pogno,POGNO,Novara,NO,003,NOVARA,Piemonte,01,PIEMONTE,Nord-ovest,0
003121,G809,Pombia,Pombia,POMBIA,Novara,NO,003,NOVARA,Piemonte,01,PIEMONTE,Nord-ovest,0
003122,H001,Prato Sesia,Prato Sesia,PRATO SESIA,Novara,NO,003,NOVARA,Piemonte,01,PIEMONTE,Nord-ovest,0
003129,H213,Recetto,Recetto,RECETTO,Novara,NO,003,NOVARA,Piemonte,01,PIEMONTE,Nord-ovest,0
003130,H502,Romagnano Sesia,Romagnano Sesia,ROMAGNANO SESIA,Novara,NO,003,NOVARA,Piemonte,01,PIEMONTE,Nord-ovest,0
003131,H518,Romentino,Romentino,ROMENTINO,Novara,NO,003,NOVARA,Piemonte,01,PIEMONTE,Nord-ovest,0
003133,I025,San Maurizio d'Opaglio,San Maurizio d'Opaglio,SAN MAURIZIO D OPAGLIO,Novara,NO,003,NOVARA,Piemonte,01,PIEMONTE,Nord-ovest,0
003134,I052,San Nazzaro Sesia,San Nazzaro Sesia,SAN NAZZARO SESIA,Novara,NO,003,NOVARA,Piemonte,01,PIEMONTE,Nord-ovest,0
003135,I116,San Pietro Mosezzo,San Pietro Mosezzo,SAN PIETRO MOSEZZO,Novara,NO,003,NOVARA,Piemonte,01,PIEMONTE,Nord-ovest,0
003138,I736,Sillavengo,Sillavengo,SILLAVENGO,Novara,NO,003,NOVARA,Piemonte,01,PIEMONTE,Nord-ovest,0
003139,I767,Sizzano,Sizzano,SIZZANO,Novara,NO,003,NOVARA,Piemonte,01,PIEMONTE,Nord-ovest,0
003140,I857,Soriso,Soriso,SORISO,Novara,NO,003,NOVARA,Piemonte,01,PIEMONTE,Nord-ovest,0
003141,I880,Sozzago,Sozzago,SOZZAGO,Novara,NO,003,NOVARA,Piemonte,01,PIEMONTE,Nord-ovest,0
003143,L007,Suno,Suno,SUNO,Novara,NO,003,NOVARA,Piemonte,01,PIEMONTE,Nord-ovest,0
003144,L104,Terdobbiate,Terdobbiate,TERDOBBIATE,Novara,NO,003,NOVARA,Piemonte,01,PIEMONTE,Nord-ovest,0
003146,L223,Tornaco,Tornaco,TORNACO,Novara,NO,003,NOVARA,Piemonte,01,PIEMONTE,Nord-ovest,0
003149,L356,Trecate,Trecate,TRECATE,Novara,NO,003,NOVARA,Piemonte,01,PIEMONTE,Nord-ovest,0
003153,L668,Vaprio d'Agogna,Vaprio d'Agogna,VAPRIO D AGOGNA,Novara,NO,003,NOVARA,Piemonte,01,PIEMONTE,Nord-ovest,0
003154,L670,Varallo Pombia,Varallo Pombia,VARALLO POMBIA,Novara,NO,003,NOVARA,Piemonte,01,PIEMONTE,Nord-ovest,0
003158,L808,Vespolate,Vespolate,VESPOLATE,Novara,NO,003,NOVARA,Piemonte,01,PIEMONTE,Nord-ovest,0
003159,L847,Vicolungo,Vicolungo,VICOLUNGO,Novara,NO,003,NOVARA,Piemonte,01,PIEMONTE,Nord-ovest,0
003164,M062,Vinzaglio,Vinzaglio,VINZAGLIO,Novara,NO,003,NOVARA,Piemonte,01,PIEMONTE,Nord-ovest,0
001001,A074,Agliè,Agliè,AGLIE,Torino,TO,201,TORINO,Piemonte,01,PIEMONTE,Nord-ovest,0
001002,A109,Airasca,Airasca,AIRASCA,Torino,TO,201,TORINO,Piemonte,01,PIEMONTE,Nord-ovest,0
001003,A117,Ala di Stura,Ala di Stura,ALA DI STURA,Torino,TO,201,TORINO,Piemonte,01,PIEMONTE,Nord-ovest,0
001004,A157,Albiano d'Ivrea,Albiano d'Ivrea,ALBIANO D IVREA,Torino,TO,201,TORINO,Piemonte,01,PIEMONTE,Nord-ovest,0
001006,A218,Almese,Almese,ALMESE,Torino,TO,201,TORINO,Piemonte,01,PIEMONTE,Nord-ovest,0
001007,A221,Alpette,Alpette,ALPETTE,Torino,TO,201,TORINO,Piemonte,01,PIEMONTE,Nord-ovest,0
001008,A222,Alpignano,Alpignano,ALPIGNANO,Torino,TO,201,TORINO,Piemonte,01,PIEMONTE,Nord-ovest,0
001009,A275,Andezeno,Andezeno,ANDEZENO,Torino,TO,201,TORINO,Piemonte,01,PIEMONTE,Nord-ovest,0
001010,A282,Andrate,Andrate,ANDRATE,Torino,TO,201,TORINO,Piemonte,01,PIEMONTE,Nord-ovest,0
001011,A295,Angrogna,Angrogna,ANGROGNA,Torino,TO,201,TORINO,Piemonte,01,PIEMONTE,Nord-ovest,0
001012,A405,Arignano,Arignano,ARIGNANO,Torino,TO,201,TORINO,Piemonte,01,PIEMONTE,Nord-ovest,0
001013,A518,Avigliana,Avigliana,AVIGLIANA,Torino,TO,201,TORINO,Piemonte,01,PIEMONTE,Nord-ovest,0
001014,A525,Azeglio,Azeglio,AZEGLIO,Torino,TO,201,TORINO,Piemonte,01,PIEMONTE,Nord-ovest,0
001015,A584,Bairo,Bairo,BAIRO,Torino,TO,201,TORINO,Piemonte,01,PIEMONTE,Nord-ovest,0
001016,A587,Balangero,Balangero,BALANGERO,Torino,TO,201,TORINO,Piemonte,01,PIEMONTE,Nord-ovest,0
001017,A590,Baldissero Canavese,Baldissero Canavese,BALDISSERO CANAVESE,Torino,TO,201,TORINO,Piemonte,01,PIEMONTE,Nord-ovest,0
001018,A591,Baldissero Torinese,Baldissero Torinese,BALDISSERO TORINESE,Torino,TO,201,TORINO,Piemonte,01,PIEMONTE,Nord-ovest,0
001019,A599,Balme,Balme,BALME,Torino,TO,201,TORINO,Piemonte,01,PIEMONTE,Nord-ovest,0
001020,A607,Banchette,Banchette,BANCHETTE,Torino,TO,201,TORINO,Piemonte,01,PIEMONTE,Nord-ovest,0
001021,A625,Barbania,Barbania,BARBANIA,Torino,TO,201,TORINO,Piemonte,01,PIEMONTE,Nord-ovest,0
001022,A651,Bardonecchia,Bardonecchia,BARDONECCHIA,Torino,TO,201,TORINO,Piemonte,01,PIEMONTE,Nord-ovest,0
001023,A673,Barone Canavese,Barone Canavese,BARONE CANAVESE,Torino,TO,201,TORINO,Piemonte,01,PIEMONTE,Nord-ovest,0
001024,A734,Beinasco,Beinasco,BEINASCO,Torino,TO,201,TORINO,Piemonte,01,PIEMONTE,Nord-ovest,0
001025,A853,Bibiana,Bibiana,BIBIANA,Torino,TO,201,TORINO,Piemonte,01,PIEMONTE,Nord-ovest,0
001026,A910,Bobbio Pellice,Bobbio Pellice,BOBBIO PELLICE,Torino,TO,201,TORINO,Piemonte,01,PIEMONTE,Nord-ovest,0
001027,A941,Bollengo,Bollengo,BOLLENGO,Torino,TO,201,TORINO,Piemonte,01,PIEMONTE,Nord-ovest,0
001028,A990,Borgaro Torinese,Borgaro Torinese,BORGARO TORINESE,Torino,TO,201,TORINO,Piemonte,01,PIEMONTE,Nord-ovest,0
001029,B003,Borgiallo,Borgiallo,BORGIALLO,Torino,TO,201,TORINO,Piemonte,01,PIEMONTE,Nord-ovest,0
001030,B015,Borgofranco d'Ivrea,Borgofranco d'Ivrea,BORGOFRANCO D IVREA,Torino,TO,201,TORINO,Piemonte,01,PIEMONTE,Nord-ovest,0
001031,B021,Borgomasino,Borgomasino,BORGOMASINO,Torino,TO,201,TORINO,Piemonte,01,PIEMONTE,Nord-ovest,0
001032,B024,Borgone Susa,Borgone Susa,BORGONE SUSA,Torino,TO,201,TORINO,Piemonte,01,PIEMONTE,Nord-ovest,0
001033,B075,Bosconero,Bosconero,BOSCONERO,Torino,TO,201,TORINO,Piemonte,01,PIEMONTE,Nord-ovest,0
001034,B121,Brandizzo,Brandizzo,BRANDIZZO,Torino,TO,201,TORINO,Piemonte,01,PIEMONTE,Nord-ovest,0
001035,B171,Bricherasio,Bricherasio,BRICHERASIO,Torino,TO,201,TORINO,Piemonte,01,PIEMONTE,Nord-ovest,0
001036,B205,Brosso,Brosso,BROSSO,Torino,TO,201,TORINO,Piemonte,01,PIEMONTE,Nord-ovest,0
001037,B209,Brozolo,Brozolo,BROZOLO,Torino,TO,201,TORINO,Piemonte,01,PIEMONTE,Nord-ovest,0
001038,B216,Bruino,Bruino,BRUINO,Torino,TO,201,TORINO,Piemonte,01,PIEMONTE,Nord-ovest,0
001039,B225,Brusasco,Brusasco,BRUSASCO,Torino,TO,201,TORINO,Piemonte,01,PIEMONTE,Nord-ovest,0
001040,B232,Bruzolo,Bruzolo,BRUZOLO,Torino,TO,201,TORINO,Piemonte,01,PIEMONTE,Nord-ovest,0
001041,B278,Buriasco,Buriasco,BURIASCO,Torino,TO,201,TORINO,Piemonte,01,PIEMONTE,Nord-ovest,0
001042,B279,Burolo,Burolo,BUROLO,Torino,TO,201,TORINO,Piemonte,01,PIEMONTE,Nord-ovest,0
001043,B284,Busano,Busano,BUSANO,Torino,TO,201,TORINO,Piemonte,01,PIEMONTE,Nord-ovest,0
001044,B297,Bussoleno,Bussoleno,BUSSOLENO,Torino,TO,201,TORINO,Piemonte,01,PIEMONTE,Nord-ovest,0
001045,B305,Buttigliera Alta,Buttigliera Alta,BUTTIGLIERA ALTA,Torino,TO,201,TORINO,Piemonte,01,PIEMONTE,Nord-ovest,0
001046,B350,Cafasse,Cafasse,CAFASSE,Torino,TO,201,TORINO,Piemonte,01,PIEMONTE,Nord-ovest,0
001047,B435,Caluso,Caluso,CALUSO,Torino,TO,201,TORINO,Piemonte,01,PIEMONTE,Nord-ovest,0
001048,B462,Cambiano,Cambiano,CAMBIANO,Torino,TO,201,TORINO,Piemonte,01,PIEMONTE,Nord-ovest,0
001049,B512,Campiglione Fenile,Campiglione Fenile,CAMPIGLIONE FENILE,Torino,TO,201,TORINO,Piemonte,01,PIEMONTE,Nord-ovest,0
001050,B588,Candia Canavese,Candia Canavese,CANDIA CANAVESE,Torino,TO,201,TORINO,Piemonte,01,PIEMONTE,Nord-ovest,0
001051,B592,Candiolo,Candiolo,CANDIOLO,Torino,TO,201,TORINO,Piemonte,01,PIEMONTE,Nord-ovest,0
001052,B605,Canischio,Canischio,CANISCHIO,Torino,TO,201,TORINO,Piemonte,01,PIEMONTE,Nord-ovest,0
001053,B628,Cantalupa,Cantalupa,CANTALUPA,Torino,TO,201,TORINO,Piemonte,01,PIEMONTE,Nord-ovest,0
001054,B637,Cantoira,Cantoira,CANTOIRA,Torino,TO,201,TORINO,Piemonte,01,PIEMONTE,Nord-ovest,0
001055,B705,Caprie,Caprie,CAPRIE,Torino,TO,201,TORINO,Piemonte,01,PIEMONTE,Nord-ovest,0
001056,B733,Caravino,Caravino,CARAVINO,Torino,TO,201,TORINO,Piemonte,01,PIEMONTE,Nord-ovest,0
001057,B762,Carema,Carema,CAREMA,Torino,TO,201,TORINO,Piemonte,01,PIEMONTE,Nord-ovest,0
001058,B777,Carignano,Carignano,CARIGNANO,Torino,TO,201,TORINO,Piemonte,01,PIEMONTE,Nord-ovest,0
001059,B791,Carmagnola,Carmagnola,CARMAGNOLA,Torino,TO,201,TORINO,Piemonte,01,PIEMONTE,Nord-ovest,0
001060,B867,Casalborgone,Casalborgone,CASALBORGONE,Torino,TO,201,TORINO,Piemonte,01,PIEMONTE,Nord-ovest,0
001061,B953,Cascinette d'Ivrea,Cascinette d'Ivrea,CASCINETTE D IVREA,Torino,TO,201,TORINO,Piemonte,01,PIEMONTE,Nord-ovest,0
001062,B955,Caselette,Caselette,CASELETTE,Torino,TO,201,TORINO,Piemonte,01,PIEMONTE,Nord-ovest,0
001063,B960,Caselle Torinese,Caselle Torinese,CASELLE TORINESE,Torino,TO,201,TORINO,Piemonte,01,PIEMONTE,Nord-ovest,0
001064,C045,Castagneto Po,Castagneto Po,CASTAGNETO PO,Torino,TO,201,TORINO,Piemonte,01,PIEMONTE,Nord-ovest,0
001065,C048,Castagnole Piemonte,Castagnole Piemonte,CASTAGNOLE PIEMONTE,Torino,TO,201,TORINO,Piemonte,01,PIEMONTE,Nord-ovest,0
001066,C133,Castellamonte,Castellamonte,CASTELLAMONTE,Torino,TO,201,TORINO,Piemonte,01,PIEMONTE,Nord-ovest,0
001067,C241,Castelnuovo Nigra,Castelnuovo Nigra,CASTELNUOVO NIGRA,Torino,TO,201,TORINO,Piemonte,01,PIEMONTE,Nord-ovest,0
001068,C307,Castiglione Torinese,Castiglione Torinese,CASTIGLIONE TORINESE,Torino,TO,201,TORINO,Piemonte,01,PIEMONTE,Nord-ovest,0
001069,C369,Cavagnolo,Cavagnolo,CAVAGNOLO,Torino,TO,201,TORINO,Piemonte,01,PIEMONTE,Nord-ovest,0
001070,C404,Cavour,Cavour,CAVOUR,Torino,TO,201,TORINO,Piemonte,01,PIEMONTE,Nord-ovest,0
001071,C487,Cercenasco,Cercenasco,CERCENASCO,Torino,TO,201,TORINO,Piemonte,01,PIEMONTE,Nord-ovest,0
001072,C497,Ceres,Ceres,CERES,Torino,TO,201,TORINO,Piemonte,01,PIEMONTE,Nord-ovest,0
001073,C505,Ceresole Reale,Ceresole Reale,CERESOLE REALE,Torino,TO,201,TORINO,Piemonte,01,PIEMONTE,Nord-ovest,0
001074,C564,Cesana Torinese,Cesana Torinese,CESANA TORINESE,Torino,TO,201,TORINO,Piemonte,01,PIEMONTE,Nord-ovest,0
001075,C604,Chialamberto,Chialamberto,CHIALAMBERTO,Torino,TO,201,TORINO,Piemonte,01,PIEMONTE,Nord-ovest,0
001076,C610,Chianocco,Chianocco,CHIANOCCO,Torino,TO,201,TORINO,Piemonte,01,PIEMONTE,Nord-ovest,0
001077,C624,Chiaverano,Chiaverano,CHIAVERANO,Torino,TO,201,TORINO,Piemonte,01,PIEMONTE,Nord-ovest,0
001078,C627,Chieri,Chieri,CHIERI,Torino,TO,201,TORINO,Piemonte,01,PIEMONTE,Nord-ovest,0
001079,C629,Chiesanuova,Chiesanuova,CHIESANUOVA,Torino,TO,201,TORINO,Piemonte,01,PIEMONTE,Nord-ovest,0
001080,C639,Chiomonte,Chiomonte,CHIOMONTE,Torino,TO,201,TORINO,Piemonte,01,PIEMONTE,Nord-ovest,0
001081,C655,Chiusa di San Michele,Chiusa di San Michele,CHIUSA DI SAN MICHELE,Torino,TO,201,TORINO,Piemonte,01,PIEMONTE,Nord-ovest,0
001082,C665,Chivasso,Chivasso,CHIVASSO,Torino,TO,201,TORINO,Piemonte,01,PIEMONTE,Nord-ovest,0
001083,C679,Ciconio,Ciconio,CICONIO,Torino,TO,201,TORINO,Piemonte,01,PIEMONTE,Nord-ovest,0
001084,C711,Cintano,Cintano,CINTANO,Torino,TO,201,TORINO,Piemonte,01,PIEMONTE,Nord-ovest,0
001085,C715,Cinzano,Cinzano,CINZANO,Torino,TO,201,TORINO,Piemonte,01,PIEMONTE,Nord-ovest,0
001086,C722,Ciriè,Ciriè,CIRIE,Torino,TO,201,TORINO,Piemonte,01,PIEMONTE,Nord-ovest,0
001087,C793,Claviere,Claviere,CLAVIERE,Torino,TO,201,TORINO,Piemonte,01,PIEMONTE,Nord-ovest,0
001088,C801,Coassolo Torinese,Coassolo Torinese,COASSOLO TORINESE,Torino,TO,201,TORINO,Piemonte,01,PIEMONTE,Nord-ovest,0
001089,C803,Coazze,Coazze,COAZZE,Torino,TO,201,TORINO,Piemonte,01,PIEMONTE,Nord-ovest,0
001090,C860,Collegno,Collegno,COLLEGNO,Torino,TO,201,TORINO,Piemonte,01,PIEMONTE,Nord-ovest,0
001091,C867,Colleretto Castelnuovo,Colleretto Castelnuovo,COLLERETTO CASTELNUOVO,Torino,TO,201,TORINO,Piemonte,01,PIEMONTE,Nord-ovest,0
001092,C868,Colleretto Giacosa,Colleretto Giacosa,COLLERETTO GIACOSA,Torino,TO,201,TORINO,Piemonte,01,PIEMONTE,Nord-ovest,0
001093,C955,Condove,Condove,CONDOVE,Torino,TO,201,TORINO,Piemonte,01,PIEMONTE,Nord-ovest,0
001094,D008,Corio,Corio,CORIO,Torino,TO,201,TORINO,Piemonte,01,PIEMONTE,Nord-ovest,0
001095,D092,Cossano Canavese,Cossano Canavese,COSSANO CANAVESE,Torino,TO,201,TORINO,Piemonte,01,PIEMONTE,Nord-ovest,0
001096,D197,Cuceglio,Cuceglio,CUCEGLIO,Torino,TO,201,TORINO,Piemonte,01,PIEMONTE,Nord-ovest,0
001097,D202,Cumiana,Cumiana,CUMIANA,Torino,TO,201,TORINO,Piemonte,01,PIEMONTE,Nord-ovest,0
001098,D208,Cuorgnè,Cuorgnè,CUORGNE,Torino,TO,201,TORINO,Piemonte,01,PIEMONTE,Nord-ovest,0
001099,D373,Druento,Druento,DRUENTO,Torino,TO,201,TORINO,Piemonte,01,PIEMONTE,Nord-ovest,0
001100,D433,Exilles,Exilles,EXILLES,Torino,TO,201,TORINO,Piemonte,01,PIEMONTE,Nord-ovest,0
001101,D520,Favria,Favria,FAVRIA,Torino,TO,201,TORINO,Piemonte,01,PIEMONTE,Nord-ovest,0
001102,D524,Feletto,Feletto,FELETTO,Torino,TO,201,TORINO,Piemonte,01,PIEMONTE,Nord-ovest,0
001103,D532,Fenestrelle,Fenestrelle,FENESTRELLE,Torino,TO,201,TORINO,Piemonte,01,PIEMONTE,Nord-ovest,0
001104,D562,Fiano,Fiano,FIANO,Torino,TO,201,TORINO,Piemonte,01,PIEMONTE,Nord-ovest,0
001105,D608,Fiorano Canavese,Fiorano Canavese,FIORANO CANAVESE,Torino,TO,201,TORINO,Piemonte,01,PIEMONTE,Nord-ovest,0
001106,D646,Foglizzo,Foglizzo,FOGLIZZO,Torino,TO,201,TORINO,Piemonte,01,PIEMONTE,Nord-ovest,0
001107,D725,Forno Canavese,Forno Canavese,FORNO CANAVESE,Torino,TO,201,TORINO,Piemonte,01,PIEMONTE,Nord-ovest,0
001108,D781,Frassinetto,Frassinetto,FRASSINETTO,Torino,TO,201,TORINO,Piemonte,01,PIEMONTE,Nord-ovest,0
001109,D805,Front,Front,FRONT,Torino,TO,201,TORINO,Piemonte,01,PIEMONTE,Nord-ovest,0
001110,D812,Frossasco,Frossasco,FROSSASCO,Torino,TO,201,TORINO,Piemonte,01,PIEMONTE,Nord-ovest,0
001111,D931,Garzigliana,Garzigliana,GARZIGLIANA,Torino,TO,201,TORINO,Piemonte,01,PIEMONTE,Nord-ovest,0
001112,D933,Gassino Torinese,Gassino Torinese,GASSINO TORINESE,Torino,TO,201,TORINO,Piemonte,01,PIEMONTE,Nord-ovest,0
001113,D983,Germagnano,Germagnano,GERMAGNANO,Torino,TO,201,TORINO,Piemonte,01,PIEMONTE,Nord-ovest,0
001114,E009,Giaglione,Giaglione,GIAGLIONE,Torino,TO,201,TORINO,Piemonte,01,PIEMONTE,Nord-ovest,0
001115,E020,Giaveno,Giaveno,GIAVENO,Torino,TO,201,TORINO,Piemonte,01,PIEMONTE,Nord-ovest,0
001116,E067,Givoletto,Givoletto,GIVOLETTO,Torino,TO,201,TORINO,Piemonte,01,PIEMONTE,Nord-ovest,0
001117,E154,Gravere,Gravere,GRAVERE,Torino,TO,201,TORINO,Piemonte,01,PIEMONTE,Nord-ovest,0
001118,E199,Groscavallo,Groscavallo,GROSCAVALLO,Torino,TO,201,TORINO,Piemonte,01,PIEMONTE,Nord-ovest,0
001119,E203,Grosso,Grosso,GROSSO,Torino,TO,201,TORINO,Piemonte,01,PIEMONTE,Nord-ovest,0
001120,E216,Grugliasco,Grugliasco,GRUGLIASCO,Torino,TO,201,TORINO,Piemonte,01,PIEMONTE,Nord-ovest,0
001121,E301,Ingria,Ingria,INGRIA,Torino,TO,201,TORINO,Piemonte,01,PIEMONTE,Nord-ovest,0
001122,E311,Inverso Pinasca,Inverso Pinasca,INVERSO PINASCA,Torino,TO,201,TORINO,Piemonte,01,PIEMONTE,Nord-ovest,0
001123,E345,Isolabella,Isolabella,ISOLABELLA,Torino,TO,201,TORINO,Piemonte,01,PIEMONTE,Nord-ovest,0
001124,E368,Issiglio,Issiglio,ISSIGLIO,Torino,TO,201,TORINO,Piemonte,01,PIEMONTE,Nord-ovest,0
001125,E379,Ivrea,Ivrea,IVREA,Torino,TO,201,TORINO,Piemonte,01,PIEMONTE,Nord-ovest,0
001126,E394,La Cassa,La Cassa,LA CASSA,Torino,TO,201,TORINO,Piemonte,01,PIEMONTE,Nord-ovest,0
001127,E423,La Loggia,La Loggia,LA LOGGIA,Torino,TO,201,TORINO,Piemonte,01,PIEMONTE,Nord-ovest,0
001128,E445,Lanzo Torinese,Lanzo Torinese,LANZO TORINESE,Torino,TO,201,TORINO,Piemonte,01,PIEMONTE,Nord-ovest,0
001129,E484,Lauriano,Lauriano,LAURIANO,Torino,TO,201,TORINO,Piemonte,01,PIEMONTE,Nord-ovest,0
001130,E518,Leini,Leini,LEINI,Torino,TO,201,TORINO,Piemonte,01,PIEMONTE,Nord-ovest,0
001131,E520,Lemie,Lemie,LEMIE,Torino,TO,201,TORINO,Piemonte,01,PIEMONTE,Nord-ovest,0
001132,E551,Lessolo,Lessolo,LESSOLO,Torino,TO,201,TORINO,Piemonte,01,PIEMONTE,Nord-ovest,0
001133,E566,Levone,Levone,LEVONE,Torino,TO,201,TORINO,Piemonte,01,PIEMONTE,Nord-ovest,0
001134,E635,Locana,Locana,LOCANA,Torino,TO,201,TORINO,Piemonte,01,PIEMONTE,Nord-ovest,0
001135,E660,Lombardore,Lombardore,LOMBARDORE,Torino,TO,201,TORINO,Piemonte,01,PIEMONTE,Nord-ovest,0
001136,E661,Lombriasco,Lombriasco,LOMBRIASCO,Torino,TO,201,TORINO,Piemonte,01,PIEMONTE,Nord-ovest,0
001137,E683,Loranzè,Loranzè,LORANZE,Torino,TO,201,TORINO,Piemonte,01,PIEMONTE,Nord-ovest,0
001139,E758,Luserna San Giovanni,Luserna San Giovanni,LUSERNA SAN GIOVANNI,Torino,TO,201,TORINO,Piemonte,01,PIEMONTE,Nord-ovest,0
001140,E759,Lusernetta,Lusernetta,LUSERNETTA,Torino,TO,201,TORINO,Piemonte,01,PIEMONTE,Nord-ovest,0
001141,E763,Lusigliè,Lusigliè,LUSIGLIE,Torino,TO,201,TORINO,Piemonte,01,PIEMONTE,Nord-ovest,0
001142,E782,Macello,Macello,MACELLO,Torino,TO,201,TORINO,Piemonte,01,PIEMONTE,Nord-ovest,0
001143,E817,Maglione,Maglione,MAGLIONE,Torino,TO,201,TORINO,Piemonte,01,PIEMONTE,Nord-ovest,0
001316,M316,Mappano,Mappano,MAPPANO,Torino,TO,201,TORINO,Piemonte,01,PIEMONTE,Nord-ovest,0
001144,E941,Marentino,Marentino,MARENTINO,Torino,TO,201,TORINO,Piemonte,01,PIEMONTE,Nord-ovest,0
001145,F041,Massello,Massello,MASSELLO,Torino,TO,201,TORINO,Piemonte,01,PIEMONTE,Nord-ovest,0
001146,F053,Mathi,Mathi,MATHI,Torino,TO,201,TORINO,Piemonte,01,PIEMONTE,Nord-ovest,0
001147,F058,Mattie,Mattie,MATTIE,Torino,TO,201,TORINO,Piemonte,01,PIEMONTE,Nord-ovest,0
001148,F067,Mazzè,Mazzè,MAZZE,Torino,TO,201,TORINO,Piemonte,01,PIEMONTE,Nord-ovest,0
001149,F074,Meana di Susa,Meana di Susa,MEANA DI SUSA,Torino,TO,201,TORINO,Piemonte,01,PIEMONTE,Nord-ovest,0
001150,F140,Mercenasco,Mercenasco,MERCENASCO,Torino,TO,201,TORINO,Piemonte,01,PIEMONTE,Nord-ovest,0
001152,F182,Mezzenile,Mezzenile,MEZZENILE,Torino,TO,201,TORINO,Piemonte,01,PIEMONTE,Nord-ovest,0
001153,F315,Mombello di Torino,Mombello di Torino,MOMBELLO DI TORINO,Torino,TO,201,TORINO,Piemonte,01,PIEMONTE,Nord-ovest,0
001154,F318,Mompantero,Mompantero,MOMPANTERO,Torino,TO,201,TORINO,Piemonte,01,PIEMONTE,Nord-ovest,0
001155,F327,Monastero di Lanzo,Monastero di Lanzo,MONASTERO DI LANZO,Torino,TO,201,TORINO,Piemonte,01,PIEMONTE,Nord-ovest,0
001156,F335,Moncalieri,Moncalieri,MONCALIERI,Torino,TO,201,TORINO,Piemonte,01,PIEMONTE,Nord-ovest,0
001157,D553,Moncenisio,Moncenisio,MONCENISIO,Torino,TO,201,TORINO,Piemonte,01,PIEMONTE,Nord-ovest,0
001158,F407,Montaldo Torinese,Montaldo Torinese,MONTALDO TORINESE,Torino,TO,201,TORINO,Piemonte,01,PIEMONTE,Nord-ovest,0
001159,F411,Montalenghe,Montalenghe,MONTALENGHE,Torino,TO,201,TORINO,Piemonte,01,PIEMONTE,Nord-ovest,0
001160,F420,Montalto Dora,Montalto Dora,MONTALTO DORA,Torino,TO,201,TORINO,Piemonte,01,PIEMONTE,Nord-ovest,0
001161,F422,Montanaro,Montanaro,MONTANARO,Torino,TO,201,TORINO,Piemonte,01,PIEMONTE,Nord-ovest,0
001162,F651,Monteu da Po,Monteu da Po,MONTEU DA PO,Torino,TO,201,TORINO,Piemonte,01,PIEMONTE,Nord-ovest,0
001163,F733,Moriondo Torinese,Moriondo Torinese,MORIONDO TORINESE,Torino,TO,201,TORINO,Piemonte,01,PIEMONTE,Nord-ovest,0
001164,F889,Nichelino,Nichelino,NICHELINO,Torino,TO,201,TORINO,Piemonte,01,PIEMONTE,Nord-ovest,0
001165,F906,Noasca,Noasca,NOASCA,Torino,TO,201,TORINO,Piemonte,01,PIEMONTE,Nord-ovest,0
001166,F925,Nole,Nole,NOLE,Torino,TO,201,TORINO,Piemonte,01,PIEMONTE,Nord-ovest,0
001167,F927,Nomaglio,Nomaglio,NOMAGLIO,Torino,TO,201,TORINO,Piemonte,01,PIEMONTE,Nord-ovest,0
001169,F948,Novalesa,Novalesa,NOVALESA,Torino,TO,201,TORINO,Piemonte,01,PIEMONTE,Nord-ovest,0
001170,G010,Oglianico,Oglianico,OGLIANICO,Torino,TO,201,TORINO,Piemonte,01,PIEMONTE,Nord-ovest,0
001171,G087,Orbassano,Orbassano,ORBASSANO,Torino,TO,201,TORINO,Piemonte,01,PIEMONTE,Nord-ovest,0
001172,G109,Orio Canavese,Orio Canavese,ORIO CANAVESE,Torino,TO,201,TORINO,Piemonte,01,PIEMONTE,Nord-ovest,0
001173,G151,Osasco,Osasco,OSASCO,Torino,TO,201,TORINO,Piemonte,01,PIEMONTE,Nord-ovest,0
001174,G152,Osasio,Osasio,OSASIO,Torino,TO,201,TORINO,Piemonte,01,PIEMONTE,Nord-ovest,0
001175,G196,Oulx,Oulx,OULX,Torino,TO,201,TORINO,Piemonte,01,PIEMONTE,Nord-ovest,0
001176,G202,Ozegna,Ozegna,OZEGNA,Torino,TO,201,TORINO,Piemonte,01,PIEMONTE,Nord-ovest,0
001177,G262,Palazzo Canavese,Palazzo Canavese,PALAZZO CANAVESE,Torino,TO,201,TORINO,Piemonte,01,PIEMONTE,Nord-ovest,0
001178,G303,Pancalieri,Pancalieri,PANCALIERI,Torino,TO,201,TORINO,Piemonte,01,PIEMONTE,Nord-ovest,0
001179,G330,Parella,Parella,PARELLA,Torino,TO,201,TORINO,Piemonte,01,PIEMONTE,Nord-ovest,0
001180,G387,Pavarolo,Pavarolo,PAVAROLO,Torino,TO,201,TORINO,Piemonte,01,PIEMONTE,Nord-ovest,0
001181,G392,Pavone Canavese,Pavone Canavese,PAVONE CANAVESE,Torino,TO,201,TORINO,Piemonte,01,PIEMONTE,Nord-ovest,0
001183,G398,Pecetto Torinese,Pecetto Torinese,PECETTO TORINESE,Torino,TO,201,TORINO,Piemonte,01,PIEMONTE,Nord-ovest,0
001184,G463,Perosa Argentina,Perosa Argentina,PEROSA ARGENTINA,Torino,TO,201,TORINO,Piemonte,01,PIEMONTE,Nord-ovest,0
001185,G462,Perosa Canavese,Perosa Canavese,PEROSA CANAVESE,Torino,TO,201,TORINO,Piemonte,01,PIEMONTE,Nord-ovest,0
001186,G465,Perrero,Perrero,PERRERO,Torino,TO,201,TORINO,Piemonte,01,PIEMONTE,Nord-ovest,0
001187,G477,Pertusio,Pertusio,PERTUSIO,Torino,TO,201,TORINO,Piemonte,01,PIEMONTE,Nord-ovest,0
001188,G505,Pessinetto,Pessinetto,PESSINETTO,Torino,TO,201,TORINO,Piemonte,01,PIEMONTE,Nord-ovest,0
001189,G559,Pianezza,Pianezza,PIANEZZA,Torino,TO,201,TORINO,Piemonte,01,PIEMONTE,Nord-ovest,0
001190,G672,Pinasca,Pinasca,PINASCA,Torino,TO,201,TORINO,Piemonte,01,PIEMONTE,Nord-ovest,0
001191,G674,Pinerolo,Pinerolo,PINEROLO,Torino,TO,201,TORINO,Piemonte,01,PIEMONTE,Nord-ovest,0
001192,G678,Pino Torinese,Pino Torinese,PINO TORINESE,Torino,TO,201,TORINO,Piemonte,01,PIEMONTE,Nord-ovest,0
001193,G684,Piobesi Torinese,Piobesi Torinese,PIOBESI TORINESE,Torino,TO,201,TORINO,Piemonte,01,PIEMONTE,Nord-ovest,0
001194,G691,Piossasco,Piossasco,PIOSSASCO,Torino,TO,201,TORINO,Piemonte,01,PIEMONTE,Nord-ovest,0
001195,G705,Piscina,Piscina,PISCINA,Torino,TO,201,TORINO,Piemonte,01,PIEMONTE,Nord-ovest,0
001196,G719,Piverone,Piverone,PIVERONE,Torino,TO,201,TORINO,Piemonte,01,PIEMONTE,Nord-ovest,0
001197,G777,Poirino,Poirino,POIRINO,Torino,TO,201,TORINO,Piemonte,01,PIEMONTE,Nord-ovest,0
001198,G805,Pomaretto,Pomaretto,POMARETTO,Torino,TO,201,TORINO,Piemonte,01,PIEMONTE,Nord-ovest,0
001199,G826,Pont Canavese,Pont Canavese,PONT CANAVESE,Torino,TO,201,TORINO,Piemonte,01,PIEMONTE,Nord-ovest,0
001200,G900,Porte,Porte,PORTE,Torino,TO,201,TORINO,Piemonte,01,PIEMONTE,Nord-ovest,0
001201,G973,Pragelato,Pragelato,PRAGELATO,Torino,TO,201,TORINO,Piemonte,01,PIEMONTE,Nord-ovest,0
001202,G978,Prali,Prali,PRALI,Torino,TO,201,TORINO,Piemonte,01,PIEMONTE,Nord-ovest,0
001203,G979,Pralormo,Pralormo,PRALORMO,Torino,TO,201,TORINO,Piemonte,01,PIEMONTE,Nord-ovest,0
001204,G982,Pramollo,Pramollo,PRAMOLLO,Torino,TO,201,TORINO,Piemonte,01,PIEMONTE,Nord-ovest,0
001205,G986,Prarostino,Prarostino,PRAROSTINO,Torino,TO,201,TORINO,Piemonte,01,PIEMONTE,Nord-ovest,0
001206,G988,Prascorsano,Prascorsano,PRASCORSANO,Torino,TO,201,TORINO,Piemonte,01,PIEMONTE,Nord-ovest,0
001207,G997,Pratiglione,Pratiglione,PRATIGLIONE,Torino,TO,201,TORINO,Piemonte,01,PIEMONTE,Nord-ovest,0
001208,H100,Quagliuzzo,Quagliuzzo,QUAGLIUZZO,Torino,TO,201,TORINO,Piemonte,01,PIEMONTE,Nord-ovest,0
001209,H120,Quassolo,Quassolo,QUASSOLO,Torino,TO,201,TORINO,Piemonte,01,PIEMONTE,Nord-ovest,0
001210,H127,Quincinetto,Quincinetto,QUINCINETTO,Torino,TO,201,TORINO,Piemonte,01,PIEMONTE,Nord-ovest,0
001211,H207,Reano,Reano,REANO,Torino,TO,201,TORINO,Piemonte,01,PIEMONTE,Nord-ovest,0
001212,H270,Ribordone,Ribordone,RIBORDONE,Torino,TO,201,TORINO,Piemonte,01,PIEMONTE,Nord-ovest,0
001215,H337,Riva presso Chieri,Riva presso Chieri,RIVA PRESSO CHIERI,Torino,TO,201,TORINO,Piemonte,01,PIEMONTE,Nord-ovest,0
001213,H333,Rivalba,Rivalba,RIVALBA,Torino,TO,201,TORINO,Piemonte,01,PIEMONTE,Nord-ovest,0
001214,H335,Rivalta di Torino,Rivalta di Torino,RIVALTA DI TORINO,Torino,TO,201,TORINO,Piemonte,01,PIEMONTE,Nord-ovest,0
001216,H338,Rivara,Rivara,RIVARA,Torino,TO,201,TORINO,Piemonte,01,PIEMONTE,Nord-ovest,0
001217,H340,Rivarolo Canavese,Rivarolo Canavese,RIVAROLO CANAVESE,Torino,TO,201,TORINO,Piemonte,01,PIEMONTE,Nord-ovest,0
001218,H344,Rivarossa,Rivarossa,RIVAROSSA,Torino,TO,201,TORINO,Piemonte,01,PIEMONTE,Nord-ovest,0
001219,H355,Rivoli,Rivoli,RIVOLI,Torino,TO,201,TORINO,Piemonte,01,PIEMONTE,Nord-ovest,0
001220,H367,Robassomero,Robassomero,ROBASSOMERO,Torino,TO,201,TORINO,Piemonte,01,PIEMONTE,Nord-ovest,0
001221,H386,Rocca Canavese,Rocca Canavese,ROCCA CANAVESE,Torino,TO,201,TORINO,Piemonte,01,PIEMONTE,Nord-ovest,0
001222,H498,Roletto,Roletto,ROLETTO,Torino,TO,201,TORINO,Piemonte,01,PIEMONTE,Nord-ovest,0
001223,H511,Romano Canavese,Romano Canavese,ROMANO CANAVESE,Torino,TO,201,TORINO,Piemonte,01,PIEMONTE,Nord-ovest,0
001224,H539,Ronco Canavese,Ronco Canavese,RONCO CANAVESE,Torino,TO,201,TORINO,Piemonte,01,PIEMONTE,Nord-ovest,0
001225,H547,Rondissone,Rondissone,RONDISSONE,Torino,TO,201,TORINO,Piemonte,01,PIEMONTE,Nord-ovest,0
001226,H554,Rorà,Rorà,RORA,Torino,TO,201,TORINO,Piemonte,01,PIEMONTE,Nord-ovest,0
001228,H583,Rosta,Rosta,ROSTA,Torino,TO,201,TORINO,Piemonte,01,PIEMONTE,Nord-ovest,0
001227,H555,Roure,Roure,ROURE,Torino,TO,201,TORINO,Piemonte,01,PIEMONTE,Nord-ovest,0
001229,H627,Rubiana,Rubiana,RUBIANA,Torino,TO,201,TORINO,Piemonte,01,PIEMONTE,Nord-ovest,0
001230,H631,Rueglio,Rueglio,RUEGLIO,Torino,TO,201,TORINO,Piemonte,01,PIEMONTE,Nord-ovest,0
001231,H691,Salassa,Salassa,SALASSA,Torino,TO,201,TORINO,Piemonte,01,PIEMONTE,Nord-ovest,0
001232,H684,Salbertrand,Salbertrand,SALBERTRAND,Torino,TO,201,TORINO,Piemonte,01,PIEMONTE,Nord-ovest,0
001233,H702,Salerano Canavese,Salerano Canavese,SALERANO CANAVESE,Torino,TO,201,TORINO,Piemonte,01,PIEMONTE,Nord-ovest,0
001234,H734,Salza di Pinerolo,Salza di Pinerolo,SALZA DI PINEROLO,Torino,TO,201,TORINO,Piemonte,01,PIEMONTE,Nord-ovest,0
001235,H753,Samone,Samone,SAMONE,Torino,TO,201,TORINO,Piemonte,01,PIEMONTE,Nord-ovest,0
001236,H775,San Benigno Canavese,San Benigno Canavese,SAN BENIGNO CANAVESE,Torino,TO,201,TORINO,Piemonte,01,PIEMONTE,Nord-ovest,0
001237,H789,San Carlo Canavese,San Carlo Canavese,SAN CARLO CANAVESE,Torino,TO,201,TORINO,Piemonte,01,PIEMONTE,Nord-ovest,0
001238,H804,San Colombano Belmonte,San Colombano Belmonte,SAN COLOMBANO BELMONTE,Torino,TO,201,TORINO,Piemonte,01,PIEMONTE,Nord-ovest,0
001239,H820,San Didero,San Didero,SAN DIDERO,Torino,TO,201,TORINO,Piemonte,01,PIEMONTE,Nord-ovest,0
001240,H847,San Francesco al Campo,San Francesco al Campo,SAN FRANCESCO AL CAMPO,Torino,TO,201,TORINO,Piemonte,01,PIEMONTE,Nord-ovest,0
001242,H862,San Germano Chisone,San Germano Chisone,SAN GERMANO CHISONE,Torino,TO,201,TORINO,Piemonte,01,PIEMONTE,Nord-ovest,0
001243,H873,San Gillio,San Gillio,SAN GILLIO,Torino,TO,201,TORINO,Piemonte,01,PIEMONTE,Nord-ovest,0
001244,H890,San Giorgio Canavese,San Giorgio Canavese,SAN GIORGIO CANAVESE,Torino,TO,201,TORINO,Piemonte,01,PIEMONTE,Nord-ovest,0
001245,H900,San Giorio di Susa,San Giorio di Susa,SAN GIORIO DI SUSA,Torino,TO,201,TORINO,Piemonte,01,PIEMONTE,Nord-ovest,0
001246,H936,San Giusto Canavese,San Giusto Canavese,SAN GIUSTO CANAVESE,Torino,TO,201,TORINO,Piemonte,01,PIEMONTE,Nord-ovest,0
001247,H997,San Martino Canavese,San Martino Canavese,SAN MARTINO CANAVESE,Torino,TO,201,TORINO,Piemonte,01,PIEMONTE,Nord-ovest,0
001248,I024,San Maurizio Canavese,San Maurizio Canavese,SAN MAURIZIO CANAVESE,Torino,TO,201,TORINO,Piemonte,01,PIEMONTE,Nord-ovest,0
001249,I030,San Mauro Torinese,San Mauro Torinese,SAN MAURO TORINESE,Torino,TO,201,TORINO,Piemonte,01,PIEMONTE,Nord-ovest,0
001250,I090,San Pietro Val Lemina,San Pietro Val Lemina,SAN PIETRO VAL LEMINA,Torino,TO,201,TORINO,Piemonte,01,PIEMONTE,Nord-ovest,0
001251,I126,San Ponso,San Ponso,SAN PONSO,Torino,TO,201,TORINO,Piemonte,01,PIEMONTE,Nord-ovest,0
001252,I137,San Raffaele Cimena,San Raffaele Cimena,SAN RAFFAELE CIMENA,Torino,TO,201,TORINO,Piemonte,01,PIEMONTE,Nord-ovest,0
001253,I152,San Sebastiano da Po,San Sebastiano da Po,SAN SEBASTIANO DA PO,Torino,TO,201,TORINO,Piemonte,01,PIEMONTE,Nord-ovest,0
001254,I154,San Secondo di Pinerolo,San Secondo di Pinerolo,SAN SECONDO DI PINEROLO,Torino,TO,201,TORINO,Piemonte,01,PIEMONTE,Nord-ovest,0
001241,H855,Sangano,Sangano,SANGANO,Torino,TO,201,TORINO,Piemonte,01,PIEMONTE,Nord-ovest,0
001255,I258,Sant'Ambrogio di Torino,Sant'Ambrogio di Torino,SANT AMBROGIO DI TORINO,Torino,TO,201,TORINO,Piemonte,01,PIEMONTE,Nord-ovest,0
001256,I296,Sant'Antonino di Susa,Sant'Antonino di Susa,SANT ANTONINO DI SUSA,Torino,TO,201,TORINO,Piemonte,01,PIEMONTE,Nord-ovest,0
001257,I327,Santena,Santena,SANTENA,Torino,TO,201,TORINO,Piemonte,01,PIEMONTE,Nord-ovest,0
001259,I466,Sauze d'Oulx,Sauze d'Oulx,SAUZE D OULX,Torino,TO,201,TORINO,Piemonte,01,PIEMONTE,Nord-ovest,0
001258,I465,Sauze di Cesana,Sauze di Cesana,SAUZE DI CESANA,Torino,TO,201,TORINO,Piemonte,01,PIEMONTE,Nord-ovest,0
001260,I490,Scalenghe,Scalenghe,SCALENGHE,Torino,TO,201,TORINO,Piemonte,01,PIEMONTE,Nord-ovest,0
001261,I511,Scarmagno,Scarmagno,SCARMAGNO,Torino,TO,201,TORINO,Piemonte,01,PIEMONTE,Nord-ovest,0
001262,I539,Sciolze,Sciolze,SCIOLZE,Torino,TO,201,TORINO,Piemonte,01,PIEMONTE,Nord-ovest,0
001263,I692,Sestriere,Sestriere,SESTRIERE,Torino,TO,201,TORINO,Piemonte,01,PIEMONTE,Nord-ovest,0
001264,I701,Settimo Rottaro,Settimo Rottaro,SETTIMO ROTTARO,Torino,TO,201,TORINO,Piemonte,01,PIEMONTE,Nord-ovest,0
001265,I703,Settimo Torinese,Settimo Torinese,SETTIMO TORINESE,Torino,TO,201,TORINO,Piemonte,01,PIEMONTE,Nord-ovest,0
001266,I702,Settimo Vittone,Settimo Vittone,SETTIMO VITTONE,Torino,TO,201,TORINO,Piemonte,01,PIEMONTE,Nord-ovest,0
001267,I886,Sparone,Sparone,SPARONE,Torino,TO,201,TORINO,Piemonte,01,PIEMONTE,Nord-ovest,0
001268,I969,Strambinello,Strambinello,STRAMBINELLO,Torino,TO,201,TORINO,Piemonte,01,PIEMONTE,Nord-ovest,0
001269,I970,Strambino,Strambino,STRAMBINO,Torino,TO,201,TORINO,Piemonte,01,PIEMONTE,Nord-ovest,0
001270,L013,Susa,Susa,SUSA,Torino,TO,201,TORINO,Piemonte,01,PIEMONTE,Nord-ovest,0
001271,L066,Tavagnasco,Tavagnasco,TAVAGNASCO,Torino,TO,201,TORINO,Piemonte,01,PIEMONTE,Nord-ovest,0
001272,L219,Torino,Torino,TORINO,Torino,TO,201,TORINO,Piemonte,01,PIEMONTE,Nord-ovest,1
001273,L238,Torrazza Piemonte,Torrazza Piemonte,TORRAZZA PIEMONTE,Torino,TO,201,TORINO,Piemonte,01,PIEMONTE,Nord-ovest,0
001274,L247,Torre Canavese,Torre Canavese,TORRE CANAVESE,Torino,TO,201,TORINO,Piemonte,01,PIEMONTE,Nord-ovest,0
001275,L277,Torre Pellice,Torre Pellice,TORRE PELLICE,Torino,TO,201,TORINO,Piemonte,01,PIEMONTE,Nord-ovest,0
001276,L327,Trana,Trana,TRANA,Torino,TO,201,TORINO,Piemonte,01,PIEMONTE,Nord-ovest,0
001278,L345,Traversella,Traversella,TRAVERSELLA,Torino,TO,201,TORINO,Piemonte,01,PIEMONTE,Nord-ovest,0
001279,L340,Traves,Traves,TRAVES,Torino,TO,201,TORINO,Piemonte,01,PIEMONTE,Nord-ovest,0
001280,L445,Trofarello,Trofarello,TROFARELLO,Torino,TO,201,TORINO,Piemonte,01,PIEMONTE,Nord-ovest,0
001281,L515,Usseaux,Usseaux,USSEAUX,Torino,TO,201,TORINO,Piemonte,01,PIEMONTE,Nord-ovest,0
001282,L516,Usseglio,Usseglio,USSEGLIO,Torino,TO,201,TORINO,Piemonte,01,PIEMONTE,Nord-ovest,0
001283,L538,Vaie,Vaie,VAIE,Torino,TO,201,TORINO,Piemonte,01,PIEMONTE,Nord-ovest,0
001284,L555,Val della Torre,Val della Torre,VAL DELLA TORRE,Torino,TO,201,TORINO,Piemonte,01,PIEMONTE,Nord-ovest,0
001317,M405,Val di Chy,Val di Chy,VAL DI CHY,Torino,TO,201,TORINO,Piemonte,01,PIEMONTE,Nord-ovest,0
001318,M415,Valchiusa,Valchiusa,VALCHIUSA,Torino,TO,201,TORINO,Piemonte,01,PIEMONTE,Nord-ovest,0
001285,L578,Valgioie,Valgioie,VALGIOIE,Torino,TO,201,TORINO,Piemonte,01,PIEMONTE,Nord-ovest,0
001286,L629,Vallo Torinese,Vallo Torinese,VALLO TORINESE,Torino,TO,201,TORINO,Piemonte,01,PIEMONTE,Nord-ovest,0
001287,L644,Valperga,Valperga,VALPERGA,Torino,TO,201,TORINO,Piemonte,01,PIEMONTE,Nord-ovest,0
001288,B510,Valprato Soana,Valprato Soana,VALPRATO SOANA,Torino,TO,201,TORINO,Piemonte,01,PIEMONTE,Nord-ovest,0
001289,L685,Varisella,Varisella,VARISELLA,Torino,TO,201,TORINO,Piemonte,01,PIEMONTE,Nord-ovest,0
001290,L698,Vauda Canavese,Vauda Canavese,VAUDA CANAVESE,Torino,TO,201,TORINO,Piemonte,01,PIEMONTE,Nord-ovest,0
001292,L727,Venaria Reale,Venaria Reale,VENARIA REALE,Torino,TO,201,TORINO,Piemonte,01,PIEMONTE,Nord-ovest,0
001291,L726,Venaus,Venaus,VENAUS,Torino,TO,201,TORINO,Piemonte,01,PIEMONTE,Nord-ovest,0
001293,L779,Verolengo,Verolengo,VEROLENGO,Torino,TO,201,TORINO,Piemonte,01,PIEMONTE,Nord-ovest,0
001294,L787,Verrua Savoia,Verrua Savoia,VERRUA SAVOIA,Torino,TO,201,TORINO,Piemonte,01,PIEMONTE,Nord-ovest,0
001295,L811,Vestignè,Vestignè,VESTIGNE,Torino,TO,201,TORINO,Piemonte,01,PIEMONTE,Nord-ovest,0
001296,L830,Vialfrè,Vialfrè,VIALFRE,Torino,TO,201,TORINO,Piemonte,01,PIEMONTE,Nord-ovest,0
001298,L857,Vidracco,Vidracco,VIDRACCO,Torino,TO,201,TORINO,Piemonte,01,PIEMONTE,Nord-ovest,0
001299,L898,Vigone,Vigone,VIGONE,Torino,TO,201,TORINO,Piemonte,01,PIEMONTE,Nord-ovest,0
001300,L948,Villafranca Piemonte,Villafranca Piemonte,VILLAFRANCA PIEMONTE,Torino,TO,201,TORINO,Piemonte,01,PIEMONTE,Nord-ovest,0
001301,L982,Villanova Canavese,Villanova Canavese,VILLANOVA CANAVESE,Torino,TO,201,TORINO,Piemonte,01,PIEMONTE,Nord-ovest,0
001303,L999,Villar Dora,Villar Dora,VILLAR DORA,Torino,TO,201,TORINO,Piemonte,01,PIEMONTE,Nord-ovest,0
001305,M007,Villar Focchiardo,Villar Focchiardo,VILLAR FOCCHIARDO,Torino,TO,201,TORINO,Piemonte,01,PIEMONTE,Nord-ovest,0
001306,M013,Villar Pellice,Villar Pellice,VILLAR PELLICE,Torino,TO,201,TORINO,Piemonte,01,PIEMONTE,Nord-ovest,0
001307,M014,Villar Perosa,Villar Perosa,VILLAR PEROSA,Torino,TO,201,TORINO,Piemonte,01,PIEMONTE,Nord-ovest,0
001302,M002,Villarbasse,Villarbasse,VILLARBASSE,Torino,TO,201,TORINO,Piemonte,01,PIEMONTE,Nord-ovest,0
001304,M004,Villareggia,Villareggia,VILLAREGGIA,Torino,TO,201,TORINO,Piemonte,01,PIEMONTE,Nord-ovest,0
001308,M027,Villastellone,Villastellone,VILLASTELLONE,Torino,TO,201,TORINO,Piemonte,01,PIEMONTE,Nord-ovest,0
001309,M060,Vinovo,Vinovo,VINOVO,Torino,TO,201,TORINO,Piemonte,01,PIEMONTE,Nord-ovest,0
001310,M069,Virle Piemonte,Virle Piemonte,VIRLE PIEMONTE,Torino,TO,201,TORINO,Piemonte,01,PIEMONTE,Nord-ovest,0
001311,M071,Vische,Vische,VISCHE,Torino,TO,201,TORINO,Piemonte,01,PIEMONTE,Nord-ovest,0
001312,M080,Vistrorio,Vistrorio,VISTRORIO,Torino,TO,201,TORINO,Piemonte,01,PIEMONTE,Nord-ovest,0
001313,M094,Viù,Viù,VIU,Torino,TO,201,TORINO,Piemonte,01,PIEMONTE,Nord-ovest,0
001314,M122,Volpiano,Volpiano,VOLPIANO,Torino,TO,201,TORINO,Piemonte,01,PIEMONTE,Nord-ovest,0
001315,M133,Volvera,Volvera,VOLVERA,Torino,TO,201,TORINO,Piemonte,01,PIEMONTE,Nord-ovest,0
001168,F931,,,,Torino,TO,201,TORINO,Piemonte,01,PIEMONTE,Nord-ovest,0
103001,A317,Antrona Schieranco,Antrona Schieranco,ANTRONA SCHIERANCO,Verbano-Cusio-Ossola,VB,103,VERBANO CUSIO OSSOLA,Piemonte,01,PIEMONTE,Nord-ovest,0
103002,A325,Anzola d'Ossola,Anzola d'Ossola,ANZOLA D OSSOLA,Verbano-Cusio-Ossola,VB,103,VERBANO CUSIO OSSOLA,Piemonte,01,PIEMONTE,Nord-ovest,0
103003,A409,Arizzano,Arizzano,ARIZZANO,Verbano-Cusio-Ossola,VB,103,VERBANO CUSIO OSSOLA,Piemonte,01,PIEMONTE,Nord-ovest,0
103004,A427,Arola,Arola,AROLA,Verbano-Cusio-Ossola,VB,103,VERBANO CUSIO OSSOLA,Piemonte,01,PIEMONTE,Nord-ovest,0
103005,A497,Aurano,Aurano,AURANO,Verbano-Cusio-Ossola,VB,103,VERBANO CUSIO OSSOLA,Piemonte,01,PIEMONTE,Nord-ovest,0
103006,A534,Baceno,Baceno,BACENO,Verbano-Cusio-Ossola,VB,103,VERBANO CUSIO OSSOLA,Piemonte,01,PIEMONTE,Nord-ovest,0
103007,A610,Bannio Anzino,Bannio Anzino,BANNIO ANZINO,Verbano-Cusio-Ossola,VB,103,VERBANO CUSIO OSSOLA,Piemonte,01,PIEMONTE,Nord-ovest,0
103008,A725,Baveno,Baveno,BAVENO,Verbano-Cusio-Ossola,VB,103,VERBANO CUSIO OSSOLA,Piemonte,01,PIEMONTE,Nord-ovest,0
103009,A733,Bee,Bee,BEE,Verbano-Cusio-Ossola,VB,103,VERBANO CUSIO OSSOLA,Piemonte,01,PIEMONTE,Nord-ovest,0
103010,A742,Belgirate,Belgirate,BELGIRATE,Verbano-Cusio-Ossola,VB,103,VERBANO CUSIO OSSOLA,Piemonte,01,PIEMONTE,Nord-ovest,0
103011,A834,Beura-Cardezza,Beura-Cardezza,BEURA CARDEZZA,Verbano-Cusio-Ossola,VB,103,VERBANO CUSIO OSSOLA,Piemonte,01,PIEMONTE,Nord-ovest,0
103012,A925,Bognanco,Bognanco,BOGNANCO,Verbano-Cusio-Ossola,VB,103,VERBANO CUSIO OSSOLA,Piemonte,01,PIEMONTE,Nord-ovest,0
103078,M370,Borgomezzavalle,Borgomezzavalle,BORGOMEZZAVALLE,Verbano-Cusio-Ossola,VB,103,VERBANO CUSIO OSSOLA,Piemonte,01,PIEMONTE,Nord-ovest,0
103013,B207,Brovello-Carpugnino,Brovello-Carpugnino,BROVELLO CARPUGNINO,Verbano-Cusio-Ossola,VB,103,VERBANO CUSIO OSSOLA,Piemonte,01,PIEMONTE,Nord-ovest,0
103014,B380,Calasca-Castiglione,Calasca-Castiglione,CALASCA CASTIGLIONE,Verbano-Cusio-Ossola,VB,103,VERBANO CUSIO OSSOLA,Piemonte,01,PIEMONTE,Nord-ovest,0
103015,B463,Cambiasca,Cambiasca,CAMBIASCA,Verbano-Cusio-Ossola,VB,103,VERBANO CUSIO OSSOLA,Piemonte,01,PIEMONTE,Nord-ovest,0
103016,B610,Cannero Riviera,Cannero Riviera,CANNERO RIVIERA,Verbano-Cusio-Ossola,VB,103,VERBANO CUSIO OSSOLA,Piemonte,01,PIEMONTE,Nord-ovest,0
103017,B615,Cannobio,Cannobio,CANNOBIO,Verbano-Cusio-Ossola,VB,103,VERBANO CUSIO OSSOLA,Piemonte,01,PIEMONTE,Nord-ovest,0
103018,B694,Caprezzo,Caprezzo,CAPREZZO,Verbano-Cusio-Ossola,VB,103,VERBANO CUSIO OSSOLA,Piemonte,01,PIEMONTE,Nord-ovest,0
103019,B876,Casale Corte Cerro,Casale Corte Cerro,CASALE CORTE CERRO,Verbano-Cusio-Ossola,VB,103,VERBANO CUSIO OSSOLA,Piemonte,01,PIEMONTE,Nord-ovest,0
103021,C478,Ceppo Morelli,Ceppo Morelli,CEPPO MORELLI,Verbano-Cusio-Ossola,VB,103,VERBANO CUSIO OSSOLA,Piemonte,01,PIEMONTE,Nord-ovest,0
103022,C567,Cesara,Cesara,CESARA,Verbano-Cusio-Ossola,VB,103,VERBANO CUSIO OSSOLA,Piemonte,01,PIEMONTE,Nord-ovest,0
103023,D099,Cossogno,Cossogno,COSSOGNO,Verbano-Cusio-Ossola,VB,103,VERBANO CUSIO OSSOLA,Piemonte,01,PIEMONTE,Nord-ovest,0
103024,D134,Craveggia,Craveggia,CRAVEGGIA,Verbano-Cusio-Ossola,VB,103,VERBANO CUSIO OSSOLA,Piemonte,01,PIEMONTE,Nord-ovest,0
103025,D168,Crevoladossola,Crevoladossola,CREVOLADOSSOLA,Verbano-Cusio-Ossola,VB,103,VERBANO CUSIO OSSOLA,Piemonte,01,PIEMONTE,Nord-ovest,0
103026,D177,Crodo,Crodo,CRODO,Verbano-Cusio-Ossola,VB,103,VERBANO CUSIO OSSOLA,Piemonte,01,PIEMONTE,Nord-ovest,0
103028,D332,Domodossola,Domodossola,DOMODOSSOLA,Verbano-Cusio-Ossola,VB,103,VERBANO CUSIO OSSOLA,Piemonte,01,PIEMONTE,Nord-ovest,0
103029,D374,Druogno,Druogno,DRUOGNO,Verbano-Cusio-Ossola,VB,103,VERBANO CUSIO OSSOLA,Piemonte,01,PIEMONTE,Nord-ovest,0
103031,D706,Formazza,Formazza,FORMAZZA,Verbano-Cusio-Ossola,VB,103,VERBANO CUSIO OSSOLA,Piemonte,01,PIEMONTE,Nord-ovest,0
103032,D984,Germagno,Germagno,GERMAGNO,Verbano-Cusio-Ossola,VB,103,VERBANO CUSIO OSSOLA,Piemonte,01,PIEMONTE,Nord-ovest,0
103033,E003,Ghiffa,Ghiffa,GHIFFA,Verbano-Cusio-Ossola,VB,103,VERBANO CUSIO OSSOLA,Piemonte,01,PIEMONTE,Nord-ovest,0
103034,E028,Gignese,Gignese,GIGNESE,Verbano-Cusio-Ossola,VB,103,VERBANO CUSIO OSSOLA,Piemonte,01,PIEMONTE,Nord-ovest,0
103035,E153,Gravellona Toce,Gravellona Toce,GRAVELLONA TOCE,Verbano-Cusio-Ossola,VB,103,VERBANO CUSIO OSSOLA,Piemonte,01,PIEMONTE,Nord-ovest,0
103036,E269,Gurro,Gurro,GURRO,Verbano-Cusio-Ossola,VB,103,VERBANO CUSIO OSSOLA,Piemonte,01,PIEMONTE,Nord-ovest,0
103037,E304,Intragna,Intragna,INTRAGNA,Verbano-Cusio-Ossola,VB,103,VERBANO CUSIO OSSOLA,Piemonte,01,PIEMONTE,Nord-ovest,0
103038,E685,Loreglia,Loreglia,LOREGLIA,Verbano-Cusio-Ossola,VB,103,VERBANO CUSIO OSSOLA,Piemonte,01,PIEMONTE,Nord-ovest,0
103039,E790,Macugnaga,Macugnaga,MACUGNAGA,Verbano-Cusio-Ossola,VB,103,VERBANO CUSIO OSSOLA,Piemonte,01,PIEMONTE,Nord-ovest,0
103040,E795,Madonna del Sasso,Madonna del Sasso,MADONNA DEL SASSO,Verbano-Cusio-Ossola,VB,103,VERBANO CUSIO OSSOLA,Piemonte,01,PIEMONTE,Nord-ovest,0
103041,E853,Malesco,Malesco,MALESCO,Verbano-Cusio-Ossola,VB,103,VERBANO CUSIO OSSOLA,Piemonte,01,PIEMONTE,Nord-ovest,0
103042,F010,Masera,Masera,MASERA,Verbano-Cusio-Ossola,VB,103,VERBANO CUSIO OSSOLA,Piemonte,01,PIEMONTE,Nord-ovest,0
103043,F048,Massiola,Massiola,MASSIOLA,Verbano-Cusio-Ossola,VB,103,VERBANO CUSIO OSSOLA,Piemonte,01,PIEMONTE,Nord-ovest,0
103044,F146,Mergozzo,Mergozzo,MERGOZZO,Verbano-Cusio-Ossola,VB,103,VERBANO CUSIO OSSOLA,Piemonte,01,PIEMONTE,Nord-ovest,0
103045,F192,Miazzina,Miazzina,MIAZZINA,Verbano-Cusio-Ossola,VB,103,VERBANO CUSIO OSSOLA,Piemonte,01,PIEMONTE,Nord-ovest,0
103046,F483,Montecrestese,Montecrestese,MONTECRESTESE,Verbano-Cusio-Ossola,VB,103,VERBANO CUSIO OSSOLA,Piemonte,01,PIEMONTE,Nord-ovest,0
103047,F639,Montescheno,Montescheno,MONTESCHENO,Verbano-Cusio-Ossola,VB,103,VERBANO CUSIO OSSOLA,Piemonte,01,PIEMONTE,Nord-ovest,0
103048,F932,Nonio,Nonio,NONIO,Verbano-Cusio-Ossola,VB,103,VERBANO CUSIO OSSOLA,Piemonte,01,PIEMONTE,Nord-ovest,0
103049,G007,Oggebbio,Oggebbio,OGGEBBIO,Verbano-Cusio-Ossola,VB,103,VERBANO CUSIO OSSOLA,Piemonte,01,PIEMONTE,Nord-ovest,0
103050,G062,Omegna,Omegna,OMEGNA,Verbano-Cusio-Ossola,VB,103,VERBANO CUSIO OSSOLA,Piemonte,01,PIEMONTE,Nord-ovest,0
103051,G117,Ornavasso,Ornavasso,ORNAVASSO,Verbano-Cusio-Ossola,VB,103,VERBANO CUSIO OSSOLA,Piemonte,01,PIEMONTE,Nord-ovest,0
103052,G280,Pallanzeno,Pallanzeno,PALLANZENO,Verbano-Cusio-Ossola,VB,103,VERBANO CUSIO OSSOLA,Piemonte,01,PIEMONTE,Nord-ovest,0
103053,G600,Piedimulera,Piedimulera,PIEDIMULERA,Verbano-Cusio-Ossola,VB,103,VERBANO CUSIO OSSOLA,Piemonte,01,PIEMONTE,Nord-ovest,0
103054,G658,Pieve Vergonte,Pieve Vergonte,PIEVE VERGONTE,Verbano-Cusio-Ossola,VB,103,VERBANO CUSIO OSSOLA,Piemonte,01,PIEMONTE,Nord-ovest,0
103055,H030,Premeno,Premeno,PREMENO,Verbano-Cusio-Ossola,VB,103,VERBANO CUSIO OSSOLA,Piemonte,01,PIEMONTE,Nord-ovest,0
103056,H033,Premia,Premia,PREMIA,Verbano-Cusio-Ossola,VB,103,VERBANO CUSIO OSSOLA,Piemonte,01,PIEMONTE,Nord-ovest,0
103057,H037,Premosello-Chiovenda,Premosello-Chiovenda,PREMOSELLO CHIOVENDA,Verbano-Cusio-Ossola,VB,103,VERBANO CUSIO OSSOLA,Piemonte,01,PIEMONTE,Nord-ovest,0
103058,H106,Quarna Sopra,Quarna Sopra,QUARNA SOPRA,Verbano-Cusio-Ossola,VB,103,VERBANO CUSIO OSSOLA,Piemonte,01,PIEMONTE,Nord-ovest,0
103059,H107,Quarna Sotto,Quarna Sotto,QUARNA SOTTO,Verbano-Cusio-Ossola,VB,103,VERBANO CUSIO OSSOLA,Piemonte,01,PIEMONTE,Nord-ovest,0
103060,H203,Re,Re,RE,Verbano-Cusio-Ossola,VB,103,VERBANO CUSIO OSSOLA,Piemonte,01,PIEMONTE,Nord-ovest,0
103061,H777,San Bernardino Verbano,San Bernardino Verbano,SAN BERNARDINO VERBANO,Verbano-Cusio-Ossola,VB,103,VERBANO CUSIO OSSOLA,Piemonte,01,PIEMONTE,Nord-ovest,0
103062,I249,Santa Maria Maggiore,Santa Maria Maggiore,SANTA MARIA MAGGIORE,Verbano-Cusio-Ossola,VB,103,VERBANO CUSIO OSSOLA,Piemonte,01,PIEMONTE,Nord-ovest,0
103064,I976,Stresa,Stresa,STRESA,Verbano-Cusio-Ossola,VB,103,VERBANO CUSIO OSSOLA,Piemonte,01,PIEMONTE,Nord-ovest,0
103065,L187,Toceno,Toceno,TOCENO,Verbano-Cusio-Ossola,VB,103,VERBANO CUSIO OSSOLA,Piemonte,01,PIEMONTE,Nord-ovest,0
103066,L333,Trarego Viggiona,Trarego Viggiona,TRAREGO VIGGIONA,Verbano-Cusio-Ossola,VB,103,VERBANO CUSIO OSSOLA,Piemonte,01,PIEMONTE,Nord-ovest,0
103067,L336,Trasquera,Trasquera,TRASQUERA,Verbano-Cusio-Ossola,VB,103,VERBANO CUSIO OSSOLA,Piemonte,01,PIEMONTE,Nord-ovest,0
103068,L450,Trontano,Trontano,TRONTANO,Verbano-Cusio-Ossola,VB,103,VERBANO CUSIO OSSOLA,Piemonte,01,PIEMONTE,Nord-ovest,0
103079,M404,Valle Cannobina,Valle Cannobina,VALLE CANNOBINA,Verbano-Cusio-Ossola,VB,103,VERBANO CUSIO OSSOLA,Piemonte,01,PIEMONTE,Nord-ovest,0
103069,L651,Valstrona,Valstrona,VALSTRONA,Verbano-Cusio-Ossola,VB,103,VERBANO CUSIO OSSOLA,Piemonte,01,PIEMONTE,Nord-ovest,0
103070,L666,Vanzone con San Carlo,Vanzone con San Carlo,VANZONE CON SAN CARLO,Verbano-Cusio-Ossola,VB,103,VERBANO CUSIO OSSOLA,Piemonte,01,PIEMONTE,Nord-ovest,0
103071,L691,Varzo,Varzo,VARZO,Verbano-Cusio-Ossola,VB,103,VERBANO CUSIO OSSOLA,Piemonte,01,PIEMONTE,Nord-ovest,0
103072,L746,Verbania,Verbania,VERBANIA,Verbano-Cusio-Ossola,VB,103,VERBANO CUSIO OSSOLA,Piemonte,01,PIEMONTE,Nord-ovest,1
103074,L889,Vignone,Vignone,VIGNONE,Verbano-Cusio-Ossola,VB,103,VERBANO CUSIO OSSOLA,Piemonte,01,PIEMONTE,Nord-ovest,0
103075,L906,Villadossola,Villadossola,VILLADOSSOLA,Verbano-Cusio-Ossola,VB,103,VERBANO CUSIO OSSOLA,Piemonte,01,PIEMONTE,Nord-ovest,0
103076,M042,Villette,Villette,VILLETTE,Verbano-Cusio-Ossola,VB,103,VERBANO CUSIO OSSOLA,Piemonte,01,PIEMONTE,Nord-ovest,0
103077,M111,Vogogna,Vogogna,VOGOGNA,Verbano-Cusio-Ossola,VB,103,VERBANO CUSIO OSSOLA,Piemonte,01,PIEMONTE,Nord-ovest,0
002002,A119,Alagna Valsesia,Alagna Valsesia,ALAGNA VALSESIA,Vercelli,VC,002,VERCELLI,Piemonte,01,PIEMONTE,Nord-ovest,0
002003,A130,Albano Vercellese,Albano Vercellese,ALBANO VERCELLESE,Vercelli,VC,002,VERCELLI,Piemonte,01,PIEMONTE,Nord-ovest,0
002004,A198,Alice Castello,Alice Castello,ALICE CASTELLO,Vercelli,VC,002,VERCELLI,Piemonte,01,PIEMONTE,Nord-ovest,0
002170,M389,Alto Sermenza,Alto Sermenza,ALTO SERMENZA,Vercelli,VC,002,VERCELLI,Piemonte,01,PIEMONTE,Nord-ovest,0
002006,A358,Arborio,Arborio,ARBORIO,Vercelli,VC,002,VERCELLI,Piemonte,01,PIEMONTE,Nord-ovest,0
002007,A466,Asigliano Vercellese,Asigliano Vercellese,ASIGLIANO VERCELLESE,Vercelli,VC,002,VERCELLI,Piemonte,01,PIEMONTE,Nord-ovest,0
002008,A600,Balmuccia,Balmuccia,BALMUCCIA,Vercelli,VC,002,VERCELLI,Piemonte,01,PIEMONTE,Nord-ovest,0
002009,A601,Balocco,Balocco,BALOCCO,Vercelli,VC,002,VERCELLI,Piemonte,01,PIEMONTE,Nord-ovest,0
002011,A847,Bianzè,Bianzè,BIANZE,Vercelli,VC,002,VERCELLI,Piemonte,01,PIEMONTE,Nord-ovest,0
002014,A914,Boccioleto,Boccioleto,BOCCIOLETO,Vercelli,VC,002,VERCELLI,Piemonte,01,PIEMONTE,Nord-ovest,0
002017,B046,Borgo Vercelli,Borgo Vercelli,BORGO VERCELLI,Vercelli,VC,002,VERCELLI,Piemonte,01,PIEMONTE,Nord-ovest,0
002015,B009,Borgo d'Ale,Borgo d'Ale,BORGO D ALE,Vercelli,VC,002,VERCELLI,Piemonte,01,PIEMONTE,Nord-ovest,0
002016,B041,Borgosesia,Borgosesia,BORGOSESIA,Vercelli,VC,002,VERCELLI,Piemonte,01,PIEMONTE,Nord-ovest,0
002021,B280,Buronzo,Buronzo,BURONZO,Vercelli,VC,002,VERCELLI,Piemonte,01,PIEMONTE,Nord-ovest,0
002025,B505,Campertogno,Campertogno,CAMPERTOGNO,Vercelli,VC,002,VERCELLI,Piemonte,01,PIEMONTE,Nord-ovest,0
002029,B752,Carcoforo,Carcoforo,CARCOFORO,Vercelli,VC,002,VERCELLI,Piemonte,01,PIEMONTE,Nord-ovest,0
002030,B767,Caresana,Caresana,CARESANA,Vercelli,VC,002,VERCELLI,Piemonte,01,PIEMONTE,Nord-ovest,0
002031,B768,Caresanablot,Caresanablot,CARESANABLOT,Vercelli,VC,002,VERCELLI,Piemonte,01,PIEMONTE,Nord-ovest,0
002032,B782,Carisio,Carisio,CARISIO,Vercelli,VC,002,VERCELLI,Piemonte,01,PIEMONTE,Nord-ovest,0
002033,B928,Casanova Elvo,Casanova Elvo,CASANOVA ELVO,Vercelli,VC,002,VERCELLI,Piemonte,01,PIEMONTE,Nord-ovest,0
002171,M398,Cellio con Breia,Cellio con Breia,CELLIO CON BREIA,Vercelli,VC,002,VERCELLI,Piemonte,01,PIEMONTE,Nord-ovest,0
002041,C548,Cervatto,Cervatto,CERVATTO,Vercelli,VC,002,VERCELLI,Piemonte,01,PIEMONTE,Nord-ovest,0
002042,C680,Cigliano,Cigliano,CIGLIANO,Vercelli,VC,002,VERCELLI,Piemonte,01,PIEMONTE,Nord-ovest,0
002043,C757,Civiasco,Civiasco,CIVIASCO,Vercelli,VC,002,VERCELLI,Piemonte,01,PIEMONTE,Nord-ovest,0
002045,C884,Collobiano,Collobiano,COLLOBIANO,Vercelli,VC,002,VERCELLI,Piemonte,01,PIEMONTE,Nord-ovest,0
002047,D113,Costanzana,Costanzana,COSTANZANA,Vercelli,VC,002,VERCELLI,Piemonte,01,PIEMONTE,Nord-ovest,0
002048,D132,Cravagliana,Cravagliana,CRAVAGLIANA,Vercelli,VC,002,VERCELLI,Piemonte,01,PIEMONTE,Nord-ovest,0
002049,D154,Crescentino,Crescentino,CRESCENTINO,Vercelli,VC,002,VERCELLI,Piemonte,01,PIEMONTE,Nord-ovest,0
002052,D187,Crova,Crova,CROVA,Vercelli,VC,002,VERCELLI,Piemonte,01,PIEMONTE,Nord-ovest,0
002054,D281,Desana,Desana,DESANA,Vercelli,VC,002,VERCELLI,Piemonte,01,PIEMONTE,Nord-ovest,0
002057,D641,Fobello,Fobello,FOBELLO,Vercelli,VC,002,VERCELLI,Piemonte,01,PIEMONTE,Nord-ovest,0
002058,D676,Fontanetto Po,Fontanetto Po,FONTANETTO PO,Vercelli,VC,002,VERCELLI,Piemonte,01,PIEMONTE,Nord-ovest,0
002059,D712,Formigliana,Formigliana,FORMIGLIANA,Vercelli,VC,002,VERCELLI,Piemonte,01,PIEMONTE,Nord-ovest,0
002061,D938,Gattinara,Gattinara,GATTINARA,Vercelli,VC,002,VERCELLI,Piemonte,01,PIEMONTE,Nord-ovest,0
002062,E007,Ghislarengo,Ghislarengo,GHISLARENGO,Vercelli,VC,002,VERCELLI,Piemonte,01,PIEMONTE,Nord-ovest,0
002065,E163,Greggio,Greggio,GREGGIO,Vercelli,VC,002,VERCELLI,Piemonte,01,PIEMONTE,Nord-ovest,0
002066,E237,Guardabosone,Guardabosone,GUARDABOSONE,Vercelli,VC,002,VERCELLI,Piemonte,01,PIEMONTE,Nord-ovest,0
002067,E433,Lamporo,Lamporo,LAMPORO,Vercelli,VC,002,VERCELLI,Piemonte,01,PIEMONTE,Nord-ovest,0
002068,E528,Lenta,Lenta,LENTA,Vercelli,VC,002,VERCELLI,Piemonte,01,PIEMONTE,Nord-ovest,0
002070,E583,Lignana,Lignana,LIGNANA,Vercelli,VC,002,VERCELLI,Piemonte,01,PIEMONTE,Nord-ovest,0
002071,E626,Livorno Ferraris,Livorno Ferraris,LIVORNO FERRARIS,Vercelli,VC,002,VERCELLI,Piemonte,01,PIEMONTE,Nord-ovest,0
002072,E711,Lozzolo,Lozzolo,LOZZOLO,Vercelli,VC,002,VERCELLI,Piemonte,01,PIEMONTE,Nord-ovest,0
002078,F297,Mollia,Mollia,MOLLIA,Vercelli,VC,002,VERCELLI,Piemonte,01,PIEMONTE,Nord-ovest,0
002079,F342,Moncrivello,Moncrivello,MONCRIVELLO,Vercelli,VC,002,VERCELLI,Piemonte,01,PIEMONTE,Nord-ovest,0
002082,F774,Motta de' Conti,Motta de' Conti,MOTTA DE CONTI,Vercelli,VC,002,VERCELLI,Piemonte,01,PIEMONTE,Nord-ovest,0
002088,G016,Olcenengo,Olcenengo,OLCENENGO,Vercelli,VC,002,VERCELLI,Piemonte,01,PIEMONTE,Nord-ovest,0
002089,G018,Oldenico,Oldenico,OLDENICO,Vercelli,VC,002,VERCELLI,Piemonte,01,PIEMONTE,Nord-ovest,0
002090,G266,Palazzolo Vercellese,Palazzolo Vercellese,PALAZZOLO VERCELLESE,Vercelli,VC,002,VERCELLI,Piemonte,01,PIEMONTE,Nord-ovest,0
002091,G471,Pertengo,Pertengo,PERTENGO,Vercelli,VC,002,VERCELLI,Piemonte,01,PIEMONTE,Nord-ovest,0
002093,G528,Pezzana,Pezzana,PEZZANA,Vercelli,VC,002,VERCELLI,Piemonte,01,PIEMONTE,Nord-ovest,0
002096,G666,Pila,Pila,PILA,Vercelli,VC,002,VERCELLI,Piemonte,01,PIEMONTE,Nord-ovest,0
002097,G685,Piode,Piode,PIODE,Vercelli,VC,002,VERCELLI,Piemonte,01,PIEMONTE,Nord-ovest,0
002102,G940,Postua,Postua,POSTUA,Vercelli,VC,002,VERCELLI,Piemonte,01,PIEMONTE,Nord-ovest,0
002104,G985,Prarolo,Prarolo,PRAROLO,Vercelli,VC,002,VERCELLI,Piemonte,01,PIEMONTE,Nord-ovest,0
002107,H108,Quarona,Quarona,QUARONA,Vercelli,VC,002,VERCELLI,Piemonte,01,PIEMONTE,Nord-ovest,0
002108,H132,Quinto Vercellese,Quinto Vercellese,QUINTO VERCELLESE,Vercelli,VC,002,VERCELLI,Piemonte,01,PIEMONTE,Nord-ovest,0
002110,H188,Rassa,Rassa,RASSA,Vercelli,VC,002,VERCELLI,Piemonte,01,PIEMONTE,Nord-ovest,0
002113,H293,Rimella,Rimella,RIMELLA,Vercelli,VC,002,VERCELLI,Piemonte,01,PIEMONTE,Nord-ovest,0
002115,H346,Rive,Rive,RIVE,Vercelli,VC,002,VERCELLI,Piemonte,01,PIEMONTE,Nord-ovest,0
002116,H365,Roasio,Roasio,ROASIO,Vercelli,VC,002,VERCELLI,Piemonte,01,PIEMONTE,Nord-ovest,0
002118,H549,Ronsecco,Ronsecco,RONSECCO,Vercelli,VC,002,VERCELLI,Piemonte,01,PIEMONTE,Nord-ovest,0
002121,H577,Rossa,Rossa,ROSSA,Vercelli,VC,002,VERCELLI,Piemonte,01,PIEMONTE,Nord-ovest,0
002122,H364,Rovasenda,Rovasenda,ROVASENDA,Vercelli,VC,002,VERCELLI,Piemonte,01,PIEMONTE,Nord-ovest,0
002126,H690,Salasco,Salasco,SALASCO,Vercelli,VC,002,VERCELLI,Piemonte,01,PIEMONTE,Nord-ovest,0
002127,H707,Sali Vercellese,Sali Vercellese,SALI VERCELLESE,Vercelli,VC,002,VERCELLI,Piemonte,01,PIEMONTE,Nord-ovest,0
002128,H725,Saluggia,Saluggia,SALUGGIA,Vercelli,VC,002,VERCELLI,Piemonte,01,PIEMONTE,Nord-ovest,0
002131,H861,San Germano Vercellese,San Germano Vercellese,SAN GERMANO VERCELLESE,Vercelli,VC,002,VERCELLI,Piemonte,01,PIEMONTE,Nord-ovest,0
002035,B952,San Giacomo Vercellese,San Giacomo Vercellese,SAN GIACOMO VERCELLESE,Vercelli,VC,002,VERCELLI,Piemonte,01,PIEMONTE,Nord-ovest,0
002133,I337,Santhià,Santhià,SANTHIA,Vercelli,VC,002,VERCELLI,Piemonte,01,PIEMONTE,Nord-ovest,0
002134,I544,Scopa,Scopa,SCOPA,Vercelli,VC,002,VERCELLI,Piemonte,01,PIEMONTE,Nord-ovest,0
002135,I545,Scopello,Scopello,SCOPELLO,Vercelli,VC,002,VERCELLI,Piemonte,01,PIEMONTE,Nord-ovest,0
002137,I663,Serravalle Sesia,Serravalle Sesia,SERRAVALLE SESIA,Vercelli,VC,002,VERCELLI,Piemonte,01,PIEMONTE,Nord-ovest,0
002142,I984,Stroppiana,Stroppiana,STROPPIANA,Vercelli,VC,002,VERCELLI,Piemonte,01,PIEMONTE,Nord-ovest,0
002147,L420,Tricerro,Tricerro,TRICERRO,Vercelli,VC,002,VERCELLI,Piemonte,01,PIEMONTE,Nord-ovest,0
002148,L429,Trino,Trino,TRINO,Vercelli,VC,002,VERCELLI,Piemonte,01,PIEMONTE,Nord-ovest,0
002150,L451,Tronzano Vercellese,Tronzano Vercellese,TRONZANO VERCELLESE,Vercelli,VC,002,VERCELLI,Piemonte,01,PIEMONTE,Nord-ovest,0
002152,L566,Valduggia,Valduggia,VALDUGGIA,Vercelli,VC,002,VERCELLI,Piemonte,01,PIEMONTE,Nord-ovest,0
002156,L669,Varallo,Varallo,VARALLO,Vercelli,VC,002,VERCELLI,Piemonte,01,PIEMONTE,Nord-ovest,0
002158,L750,Vercelli,Vercelli,VERCELLI,Vercelli,VC,002,VERCELLI,Piemonte,01,PIEMONTE,Nord-ovest,1
002163,M003,Villarboit,Villarboit,VILLARBOIT,Vercelli,VC,002,VERCELLI,Piemonte,01,PIEMONTE,Nord-ovest,0
002164,M028,Villata,Villata,VILLATA,Vercelli,VC,002,VERCELLI,Piemonte,01,PIEMONTE,Nord-ovest,0
002166,M106,Vocca,Vocca,VOCCA,Vercelli,VC,002,VERCELLI,Piemonte,01,PIEMONTE,Nord-ovest,0
072001,A048,Acquaviva delle Fonti,Acquaviva delle Fonti,ACQUAVIVA DELLE FONTI,Bari,BA,272,BARI,Puglia,16,PUGLIA,Sud,0
072002,A055,Adelfia,Adelfia,ADELFIA,Bari,BA,272,BARI,Puglia,16,PUGLIA,Sud,0
072003,A149,Alberobello,Alberobello,ALBEROBELLO,Bari,BA,272,BARI,Puglia,16,PUGLIA,Sud,0
072004,A225,Altamura,Altamura,ALTAMURA,Bari,BA,272,BARI,Puglia,16,PUGLIA,Sud,0
072006,A662,Bari,Bari,BARI,Bari,BA,272,BARI,Puglia,16,PUGLIA,Sud,1
072008,A874,Binetto,Binetto,BINETTO,Bari,BA,272,BARI,Puglia,16,PUGLIA,Sud,0
072010,A892,Bitetto,Bitetto,BITETTO,Bari,BA,272,BARI,Puglia,16,PUGLIA,Sud,0
072011,A893,Bitonto,Bitonto,BITONTO,Bari,BA,272,BARI,Puglia,16,PUGLIA,Sud,0
072012,A894,Bitritto,Bitritto,BITRITTO,Bari,BA,272,BARI,Puglia,16,PUGLIA,Sud,0
072014,B716,Capurso,Capurso,CAPURSO,Bari,BA,272,BARI,Puglia,16,PUGLIA,Sud,0
072015,B923,Casamassima,Casamassima,CASAMASSIMA,Bari,BA,272,BARI,Puglia,16,PUGLIA,Sud,0
072016,B998,Cassano delle Murge,Cassano delle Murge,CASSANO DELLE MURGE,Bari,BA,272,BARI,Puglia,16,PUGLIA,Sud,0
072017,C134,Castellana Grotte,Castellana Grotte,CASTELLANA GROTTE,Bari,BA,272,BARI,Puglia,16,PUGLIA,Sud,0
072018,C436,Cellamare,Cellamare,CELLAMARE,Bari,BA,272,BARI,Puglia,16,PUGLIA,Sud,0
072019,C975,Conversano,Conversano,CONVERSANO,Bari,BA,272,BARI,Puglia,16,PUGLIA,Sud,0
072020,C983,Corato,Corato,CORATO,Bari,BA,272,BARI,Puglia,16,PUGLIA,Sud,0
072021,E038,Gioia del Colle,Gioia del Colle,GIOIA DEL COLLE,Bari,BA,272,BARI,Puglia,16,PUGLIA,Sud,0
072022,E047,Giovinazzo,Giovinazzo,GIOVINAZZO,Bari,BA,272,BARI,Puglia,16,PUGLIA,Sud,0
072023,E155,Gravina in Puglia,Gravina in Puglia,GRAVINA IN PUGLIA,Bari,BA,272,BARI,Puglia,16,PUGLIA,Sud,0
072024,E223,Grumo Appula,Grumo Appula,GRUMO APPULA,Bari,BA,272,BARI,Puglia,16,PUGLIA,Sud,0
072025,E645,Locorotondo,Locorotondo,LOCOROTONDO,Bari,BA,272,BARI,Puglia,16,PUGLIA,Sud,0
072027,F262,Modugno,Modugno,MODUGNO,Bari,BA,272,BARI,Puglia,16,PUGLIA,Sud,0
072028,F280,Mola di Bari,Mola di Bari,MOLA DI BARI,Bari,BA,272,BARI,Puglia,16,PUGLIA,Sud,0
072029,F284,Molfetta,Molfetta,MOLFETTA,Bari,BA,272,BARI,Puglia,16,PUGLIA,Sud,0
072030,F376,Monopoli,Monopoli,MONOPOLI,Bari,BA,272,BARI,Puglia,16,PUGLIA,Sud,0
072031,F915,Noci,Noci,NOCI,Bari,BA,272,BARI,Puglia,16,PUGLIA,Sud,0
072032,F923,Noicattaro,Noicattaro,NOICATTARO,Bari,BA,272,BARI,Puglia,16,PUGLIA,Sud,0
072033,G291,Palo del Colle,Palo del Colle,PALO DEL COLLE,Bari,BA,272,BARI,Puglia,16,PUGLIA,Sud,0
072034,G769,Poggiorsini,Poggiorsini,POGGIORSINI,Bari,BA,272,BARI,Puglia,16,PUGLIA,Sud,0
072035,G787,Polignano a Mare,Polignano a Mare,POLIGNANO A MARE,Bari,BA,272,BARI,Puglia,16,PUGLIA,Sud,0
072036,H096,Putignano,Putignano,PUTIGNANO,Bari,BA,272,BARI,Puglia,16,PUGLIA,Sud,0
072037,H643,Rutigliano,Rutigliano,RUTIGLIANO,Bari,BA,272,BARI,Puglia,16,PUGLIA,Sud,0
072038,H645,Ruvo di Puglia,Ruvo di Puglia,RUVO DI PUGLIA,Bari,BA,272,BARI,Puglia,16,PUGLIA,Sud,0
072039,H749,Sammichele di Bari,Sammichele di Bari,SAMMICHELE DI BARI,Bari,BA,272,BARI,Puglia,16,PUGLIA,Sud,0
072040,I053,Sannicandro di Bari,Sannicandro di Bari,SANNICANDRO DI BARI,Bari,BA,272,BARI,Puglia,16,PUGLIA,Sud,0
072041,I330,Santeramo in Colle,Santeramo in Colle,SANTERAMO IN COLLE,Bari,BA,272,BARI,Puglia,16,PUGLIA,Sud,0
072043,L109,Terlizzi,Terlizzi,TERLIZZI,Bari,BA,272,BARI,Puglia,16,PUGLIA,Sud,0
072044,L220,Toritto,Toritto,TORITTO,Bari,BA,272,BARI,Puglia,16,PUGLIA,Sud,0
072046,L425,Triggiano,Triggiano,TRIGGIANO,Bari,BA,272,BARI,Puglia,16,PUGLIA,Sud,0
072047,L472,Turi,Turi,TURI,Bari,BA,272,BARI,Puglia,16,PUGLIA,Sud,0
072048,L571,Valenzano,Valenzano,VALENZANO,Bari,BA,272,BARI,Puglia,16,PUGLIA,Sud,0
110001,A285,Andria,Andria,ANDRIA,Barletta-Andria-Trani,BT,110,BARLETTA ANDRIA TRANI,Puglia,16,PUGLIA,Sud,1
110002,A669,Barletta,Barletta,BARLETTA,Barletta-Andria-Trani,BT,110,BARLETTA ANDRIA TRANI,Puglia,16,PUGLIA,Sud,1
110003,A883,Bisceglie,Bisceglie,BISCEGLIE,Barletta-Andria-Trani,BT,110,BARLETTA ANDRIA TRANI,Puglia,16,PUGLIA,Sud,0
110004,B619,Canosa di Puglia,Canosa di Puglia,CANOSA DI PUGLIA,Barletta-Andria-Trani,BT,110,BARLETTA ANDRIA TRANI,Puglia,16,PUGLIA,Sud,0
110005,E946,Margherita di Savoia,Margherita di Savoia,MARGHERITA DI SAVOIA,Barletta-Andria-Trani,BT,110,BARLETTA ANDRIA TRANI,Puglia,16,PUGLIA,Sud,0
110006,F220,Minervino Murge,Minervino Murge,MINERVINO MURGE,Barletta-Andria-Trani,BT,110,BARLETTA ANDRIA TRANI,Puglia,16,PUGLIA,Sud,0
110007,H839,San Ferdinando di Puglia,San Ferdinando di Puglia,SAN FERDINANDO DI PUGLIA,Barletta-Andria-Trani,BT,110,BARLETTA ANDRIA TRANI,Puglia,16,PUGLIA,Sud,0
110008,I907,Spinazzola,Spinazzola,SPINAZZOLA,Barletta-Andria-Trani,BT,110,BARLETTA ANDRIA TRANI,Puglia,16,PUGLIA,Sud,0
110009,L328,Trani,Trani,TRANI,Barletta-Andria-Trani,BT,110,BARLETTA ANDRIA TRANI,Puglia,16,PUGLIA,Sud,1
110010,B915,Trinitapoli,Trinitapoli,TRINITAPOLI,Barletta-Andria-Trani,BT,110,BARLETTA ANDRIA TRANI,Puglia,16,PUGLIA,Sud,0
074001,B180,Brindisi,Brindisi,BRINDISI,Brindisi,BR,074,BRINDISI,Puglia,16,PUGLIA,Sud,1
074002,B809,Carovigno,Carovigno,CAROVIGNO,Brindisi,BR,074,BRINDISI,Puglia,16,PUGLIA,Sud,0
074003,C424,Ceglie Messapica,Ceglie Messapica,CEGLIE MESSAPICA,Brindisi,BR,074,BRINDISI,Puglia,16,PUGLIA,Sud,0
074004,C448,Cellino San Marco,Cellino San Marco,CELLINO SAN MARCO,Brindisi,BR,074,BRINDISI,Puglia,16,PUGLIA,Sud,0
074005,C741,Cisternino,Cisternino,CISTERNINO,Brindisi,BR,074,BRINDISI,Puglia,16,PUGLIA,Sud,0
074006,D422,Erchie,Erchie,ERCHIE,Brindisi,BR,074,BRINDISI,Puglia,16,PUGLIA,Sud,0
074007,D508,Fasano,Fasano,FASANO,Brindisi,BR,074,BRINDISI,Puglia,16,PUGLIA,Sud,0
074008,D761,Francavilla Fontana,Francavilla Fontana,FRANCAVILLA FONTANA,Brindisi,BR,074,BRINDISI,Puglia,16,PUGLIA,Sud,0
074009,E471,Latiano,Latiano,LATIANO,Brindisi,BR,074,BRINDISI,Puglia,16,PUGLIA,Sud,0
074010,F152,Mesagne,Mesagne,MESAGNE,Brindisi,BR,074,BRINDISI,Puglia,16,PUGLIA,Sud,0
074011,G098,Oria,Oria,ORIA,Brindisi,BR,074,BRINDISI,Puglia,16,PUGLIA,Sud,0
074012,G187,Ostuni,Ostuni,OSTUNI,Brindisi,BR,074,BRINDISI,Puglia,16,PUGLIA,Sud,0
074013,H822,San Donaci,San Donaci,SAN DONACI,Brindisi,BR,074,BRINDISI,Puglia,16,PUGLIA,Sud,0
074014,I045,San Michele Salentino,San Michele Salentino,SAN MICHELE SALENTINO,Brindisi,BR,074,BRINDISI,Puglia,16,PUGLIA,Sud,0
074015,I066,San Pancrazio Salentino,San Pancrazio Salentino,SAN PANCRAZIO SALENTINO,Brindisi,BR,074,BRINDISI,Puglia,16,PUGLIA,Sud,0
074016,I119,San Pietro Vernotico,San Pietro Vernotico,SAN PIETRO VERNOTICO,Brindisi,BR,074,BRINDISI,Puglia,16,PUGLIA,Sud,0
074017,I396,San Vito dei Normanni,San Vito dei Normanni,SAN VITO DEI NORMANNI,Brindisi,BR,074,BRINDISI,Puglia,16,PUGLIA,Sud,0
074018,L213,Torchiarolo,Torchiarolo,TORCHIAROLO,Brindisi,BR,074,BRINDISI,Puglia,16,PUGLIA,Sud,0
074019,L280,Torre Santa Susanna,Torre Santa Susanna,TORRE SANTA SUSANNA,Brindisi,BR,074,BRINDISI,Puglia,16,PUGLIA,Sud,0
074020,L920,Villa Castelli,Villa Castelli,VILLA CASTELLI,Brindisi,BR,074,BRINDISI,Puglia,16,PUGLIA,Sud,0
071001,A015,Accadia,Accadia,ACCADIA,Foggia,FG,071,FOGGIA,Puglia,16,PUGLIA,Sud,0
071002,A150,Alberona,Alberona,ALBERONA,Foggia,FG,071,FOGGIA,Puglia,16,PUGLIA,Sud,0
071003,A320,Anzano di Puglia,Anzano di Puglia,ANZANO DI PUGLIA,Foggia,FG,071,FOGGIA,Puglia,16,PUGLIA,Sud,0
071004,A339,Apricena,Apricena,APRICENA,Foggia,FG,071,FOGGIA,Puglia,16,PUGLIA,Sud,0
071005,A463,Ascoli Satriano,Ascoli Satriano,ASCOLI SATRIANO,Foggia,FG,071,FOGGIA,Puglia,16,PUGLIA,Sud,0
071006,A854,Biccari,Biccari,BICCARI,Foggia,FG,071,FOGGIA,Puglia,16,PUGLIA,Sud,0
071007,B104,Bovino,Bovino,BOVINO,Foggia,FG,071,FOGGIA,Puglia,16,PUGLIA,Sud,0
071008,B357,Cagnano Varano,Cagnano Varano,CAGNANO VARANO,Foggia,FG,071,FOGGIA,Puglia,16,PUGLIA,Sud,0
071009,B584,Candela,Candela,CANDELA,Foggia,FG,071,FOGGIA,Puglia,16,PUGLIA,Sud,0
071010,B724,Carapelle,Carapelle,CARAPELLE,Foggia,FG,071,FOGGIA,Puglia,16,PUGLIA,Sud,0
071011,B784,Carlantino,Carlantino,CARLANTINO,Foggia,FG,071,FOGGIA,Puglia,16,PUGLIA,Sud,0
071012,B829,Carpino,Carpino,CARPINO,Foggia,FG,071,FOGGIA,Puglia,16,PUGLIA,Sud,0
071013,B904,Casalnuovo Monterotaro,Casalnuovo Monterotaro,CASALNUOVO MONTEROTARO,Foggia,FG,071,FOGGIA,Puglia,16,PUGLIA,Sud,0
071014,B917,Casalvecchio di Puglia,Casalvecchio di Puglia,CASALVECCHIO DI PUGLIA,Foggia,FG,071,FOGGIA,Puglia,16,PUGLIA,Sud,0
071016,C202,Castelluccio Valmaggiore,Castelluccio Valmaggiore,CASTELLUCCIO VALMAGGIORE,Foggia,FG,071,FOGGIA,Puglia,16,PUGLIA,Sud,0
071015,C198,Castelluccio dei Sauri,Castelluccio dei Sauri,CASTELLUCCIO DEI SAURI,Foggia,FG,071,FOGGIA,Puglia,16,PUGLIA,Sud,0
071017,C222,Castelnuovo della Daunia,Castelnuovo della Daunia,CASTELNUOVO DELLA DAUNIA,Foggia,FG,071,FOGGIA,Puglia,16,PUGLIA,Sud,0
071018,C429,Celenza Valfortore,Celenza Valfortore,CELENZA VALFORTORE,Foggia,FG,071,FOGGIA,Puglia,16,PUGLIA,Sud,0
071019,C442,Celle di San Vito,Celle di San Vito,CELLE DI SAN VITO,Foggia,FG,071,FOGGIA,Puglia,16,PUGLIA,Sud,0
071020,C514,Cerignola,Cerignola,CERIGNOLA,Foggia,FG,071,FOGGIA,Puglia,16,PUGLIA,Sud,0
071021,C633,Chieuti,Chieuti,CHIEUTI,Foggia,FG,071,FOGGIA,Puglia,16,PUGLIA,Sud,0
071022,D269,Deliceto,Deliceto,DELICETO,Foggia,FG,071,FOGGIA,Puglia,16,PUGLIA,Sud,0
071023,D459,Faeto,Faeto,FAETO,Foggia,FG,071,FOGGIA,Puglia,16,PUGLIA,Sud,0
071024,D643,Foggia,Foggia,FOGGIA,Foggia,FG,071,FOGGIA,Puglia,16,PUGLIA,Sud,1
071025,E332,Ischitella,Ischitella,ISCHITELLA,Foggia,FG,071,FOGGIA,Puglia,16,PUGLIA,Sud,0
071026,E363,Isole Tremiti,Isole Tremiti,ISOLE TREMITI,Foggia,FG,071,FOGGIA,Puglia,16,PUGLIA,Sud,0
071027,E549,Lesina,Lesina,LESINA,Foggia,FG,071,FOGGIA,Puglia,16,PUGLIA,Sud,0
071028,E716,Lucera,Lucera,LUCERA,Foggia,FG,071,FOGGIA,Puglia,16,PUGLIA,Sud,0
071029,E885,Manfredonia,Manfredonia,MANFREDONIA,Foggia,FG,071,FOGGIA,Puglia,16,PUGLIA,Sud,0
071031,F059,Mattinata,Mattinata,MATTINATA,Foggia,FG,071,FOGGIA,Puglia,16,PUGLIA,Sud,0
071033,F631,Monte Sant'Angelo,Monte Sant'Angelo,MONTE SANT ANGELO,Foggia,FG,071,FOGGIA,Puglia,16,PUGLIA,Sud,0
071032,F538,Monteleone di Puglia,Monteleone di Puglia,MONTELEONE DI PUGLIA,Foggia,FG,071,FOGGIA,Puglia,16,PUGLIA,Sud,0
071034,F777,Motta Montecorvino,Motta Montecorvino,MOTTA MONTECORVINO,Foggia,FG,071,FOGGIA,Puglia,16,PUGLIA,Sud,0
071063,M266,Ordona,Ordona,ORDONA,Foggia,FG,071,FOGGIA,Puglia,16,PUGLIA,Sud,0
071035,G125,Orsara di Puglia,Orsara di Puglia,ORSARA DI PUGLIA,Foggia,FG,071,FOGGIA,Puglia,16,PUGLIA,Sud,0
071036,G131,Orta Nova,Orta Nova,ORTA NOVA,Foggia,FG,071,FOGGIA,Puglia,16,PUGLIA,Sud,0
071037,G312,Panni,Panni,PANNI,Foggia,FG,071,FOGGIA,Puglia,16,PUGLIA,Sud,0
071038,G487,Peschici,Peschici,PESCHICI,Foggia,FG,071,FOGGIA,Puglia,16,PUGLIA,Sud,0
071039,G604,Pietramontecorvino,Pietramontecorvino,PIETRAMONTECORVINO,Foggia,FG,071,FOGGIA,Puglia,16,PUGLIA,Sud,0
071040,G761,Poggio Imperiale,Poggio Imperiale,POGGIO IMPERIALE,Foggia,FG,071,FOGGIA,Puglia,16,PUGLIA,Sud,0
071041,H287,Rignano Garganico,Rignano Garganico,RIGNANO GARGANICO,Foggia,FG,071,FOGGIA,Puglia,16,PUGLIA,Sud,0
071042,H467,Rocchetta Sant'Antonio,Rocchetta Sant'Antonio,ROCCHETTA SANT ANTONIO,Foggia,FG,071,FOGGIA,Puglia,16,PUGLIA,Sud,0
071043,H480,Rodi Garganico,Rodi Garganico,RODI GARGANICO,Foggia,FG,071,FOGGIA,Puglia,16,PUGLIA,Sud,0
071044,H568,Roseto Valfortore,Roseto Valfortore,ROSETO VALFORTORE,Foggia,FG,071,FOGGIA,Puglia,16,PUGLIA,Sud,0
071046,H926,San Giovanni Rotondo,San Giovanni Rotondo,SAN GIOVANNI ROTONDO,Foggia,FG,071,FOGGIA,Puglia,16,PUGLIA,Sud,0
071047,H985,San Marco in Lamis,San Marco in Lamis,SAN MARCO IN LAMIS,Foggia,FG,071,FOGGIA,Puglia,16,PUGLIA,Sud,0
071048,H986,San Marco la Catola,San Marco la Catola,SAN MARCO LA CATOLA,Foggia,FG,071,FOGGIA,Puglia,16,PUGLIA,Sud,0
071049,I054,San Nicandro Garganico,San Nicandro Garganico,SAN NICANDRO GARGANICO,Foggia,FG,071,FOGGIA,Puglia,16,PUGLIA,Sud,0
071050,I072,San Paolo di Civitate,San Paolo di Civitate,SAN PAOLO DI CIVITATE,Foggia,FG,071,FOGGIA,Puglia,16,PUGLIA,Sud,0
071051,I158,San Severo,San Severo,SAN SEVERO,Foggia,FG,071,FOGGIA,Puglia,16,PUGLIA,Sud,0
071052,I193,Sant'Agata di Puglia,Sant'Agata di Puglia,SANT AGATA DI PUGLIA,Foggia,FG,071,FOGGIA,Puglia,16,PUGLIA,Sud,0
071053,I641,Serracapriola,Serracapriola,SERRACAPRIOLA,Foggia,FG,071,FOGGIA,Puglia,16,PUGLIA,Sud,0
071054,I962,Stornara,Stornara,STORNARA,Foggia,FG,071,FOGGIA,Puglia,16,PUGLIA,Sud,0
071055,I963,Stornarella,Stornarella,STORNARELLA,Foggia,FG,071,FOGGIA,Puglia,16,PUGLIA,Sud,0
071056,L273,Torremaggiore,Torremaggiore,TORREMAGGIORE,Foggia,FG,071,FOGGIA,Puglia,16,PUGLIA,Sud,0
071058,L447,Troia,Troia,TROIA,Foggia,FG,071,FOGGIA,Puglia,16,PUGLIA,Sud,0
071059,L842,Vico del Gargano,Vico del Gargano,VICO DEL GARGANO,Foggia,FG,071,FOGGIA,Puglia,16,PUGLIA,Sud,0
071060,L858,Vieste,Vieste,VIESTE,Foggia,FG,071,FOGGIA,Puglia,16,PUGLIA,Sud,0
071061,M131,Volturara Appula,Volturara Appula,VOLTURARA APPULA,Foggia,FG,071,FOGGIA,Puglia,16,PUGLIA,Sud,0
071062,M132,Volturino,Volturino,VOLTURINO,Foggia,FG,071,FOGGIA,Puglia,16,PUGLIA,Sud,0
071064,M267,Zapponeta,Zapponeta,ZAPPONETA,Foggia,FG,071,FOGGIA,Puglia,16,PUGLIA,Sud,0
075002,A184,Alessano,Alessano,ALESSANO,Lecce,LE,075,LECCE,Puglia,16,PUGLIA,Sud,0
075003,A185,Alezio,Alezio,ALEZIO,Lecce,LE,075,LECCE,Puglia,16,PUGLIA,Sud,0
075004,A208,Alliste,Alliste,ALLISTE,Lecce,LE,075,LECCE,Puglia,16,PUGLIA,Sud,0
075005,A281,Andrano,Andrano,ANDRANO,Lecce,LE,075,LECCE,Puglia,16,PUGLIA,Sud,0
075006,A350,Aradeo,Aradeo,ARADEO,Lecce,LE,075,LECCE,Puglia,16,PUGLIA,Sud,0
075007,A425,Arnesano,Arnesano,ARNESANO,Lecce,LE,075,LECCE,Puglia,16,PUGLIA,Sud,0
075008,A572,Bagnolo del Salento,Bagnolo del Salento,BAGNOLO DEL SALENTO,Lecce,LE,075,LECCE,Puglia,16,PUGLIA,Sud,0
075009,B086,Botrugno,Botrugno,BOTRUGNO,Lecce,LE,075,LECCE,Puglia,16,PUGLIA,Sud,0
075010,B413,Calimera,Calimera,CALIMERA,Lecce,LE,075,LECCE,Puglia,16,PUGLIA,Sud,0
075011,B506,Campi Salentina,Campi Salentina,CAMPI SALENTINA,Lecce,LE,075,LECCE,Puglia,16,PUGLIA,Sud,0
075012,B616,Cannole,Cannole,CANNOLE,Lecce,LE,075,LECCE,Puglia,16,PUGLIA,Sud,0
075013,B690,Caprarica di Lecce,Caprarica di Lecce,CAPRARICA DI LECCE,Lecce,LE,075,LECCE,Puglia,16,PUGLIA,Sud,0
075014,B792,Carmiano,Carmiano,CARMIANO,Lecce,LE,075,LECCE,Puglia,16,PUGLIA,Sud,0
075015,B822,Carpignano Salentino,Carpignano Salentino,CARPIGNANO SALENTINO,Lecce,LE,075,LECCE,Puglia,16,PUGLIA,Sud,0
075016,B936,Casarano,Casarano,CASARANO,Lecce,LE,075,LECCE,Puglia,16,PUGLIA,Sud,0
075017,C334,Castri di Lecce,Castri di Lecce,CASTRI DI LECCE,Lecce,LE,075,LECCE,Puglia,16,PUGLIA,Sud,0
075018,C335,Castrignano de' Greci,Castrignano de' Greci,CASTRIGNANO DE GRECI,Lecce,LE,075,LECCE,Puglia,16,PUGLIA,Sud,0
075019,C336,Castrignano del Capo,Castrignano del Capo,CASTRIGNANO DEL CAPO,Lecce,LE,075,LECCE,Puglia,16,PUGLIA,Sud,0
075096,M261,Castro,Castro,CASTRO,Lecce,LE,075,LECCE,Puglia,16,PUGLIA,Sud,0
075020,C377,Cavallino,Cavallino,CAVALLINO,Lecce,LE,075,LECCE,Puglia,16,PUGLIA,Sud,0
075021,C865,Collepasso,Collepasso,COLLEPASSO,Lecce,LE,075,LECCE,Puglia,16,PUGLIA,Sud,0
075022,C978,Copertino,Copertino,COPERTINO,Lecce,LE,075,LECCE,Puglia,16,PUGLIA,Sud,0
075023,D006,Corigliano d'Otranto,Corigliano d'Otranto,CORIGLIANO D OTRANTO,Lecce,LE,075,LECCE,Puglia,16,PUGLIA,Sud,0
075024,D044,Corsano,Corsano,CORSANO,Lecce,LE,075,LECCE,Puglia,16,PUGLIA,Sud,0
075025,D223,Cursi,Cursi,CURSI,Lecce,LE,075,LECCE,Puglia,16,PUGLIA,Sud,0
075026,D237,Cutrofiano,Cutrofiano,CUTROFIANO,Lecce,LE,075,LECCE,Puglia,16,PUGLIA,Sud,0
075027,D305,Diso,Diso,DISO,Lecce,LE,075,LECCE,Puglia,16,PUGLIA,Sud,0
075028,D851,Gagliano del Capo,Gagliano del Capo,GAGLIANO DEL CAPO,Lecce,LE,075,LECCE,Puglia,16,PUGLIA,Sud,0
075029,D862,Galatina,Galatina,GALATINA,Lecce,LE,075,LECCE,Puglia,16,PUGLIA,Sud,0
075030,D863,Galatone,Galatone,GALATONE,Lecce,LE,075,LECCE,Puglia,16,PUGLIA,Sud,0
075031,D883,Gallipoli,Gallipoli,GALLIPOLI,Lecce,LE,075,LECCE,Puglia,16,PUGLIA,Sud,0
075032,E053,Giuggianello,Giuggianello,GIUGGIANELLO,Lecce,LE,075,LECCE,Puglia,16,PUGLIA,Sud,0
075033,E061,Giurdignano,Giurdignano,GIURDIGNANO,Lecce,LE,075,LECCE,Puglia,16,PUGLIA,Sud,0
075034,E227,Guagnano,Guagnano,GUAGNANO,Lecce,LE,075,LECCE,Puglia,16,PUGLIA,Sud,0
075035,E506,Lecce,Lecce,LECCE,Lecce,LE,075,LECCE,Puglia,16,PUGLIA,Sud,1
075036,E538,Lequile,Lequile,LEQUILE,Lecce,LE,075,LECCE,Puglia,16,PUGLIA,Sud,0
075037,E563,Leverano,Leverano,LEVERANO,Lecce,LE,075,LECCE,Puglia,16,PUGLIA,Sud,0
075038,E629,Lizzanello,Lizzanello,LIZZANELLO,Lecce,LE,075,LECCE,Puglia,16,PUGLIA,Sud,0
075039,E815,Maglie,Maglie,MAGLIE,Lecce,LE,075,LECCE,Puglia,16,PUGLIA,Sud,0
075040,E979,Martano,Martano,MARTANO,Lecce,LE,075,LECCE,Puglia,16,PUGLIA,Sud,0
075041,E984,Martignano,Martignano,MARTIGNANO,Lecce,LE,075,LECCE,Puglia,16,PUGLIA,Sud,0
075042,F054,Matino,Matino,MATINO,Lecce,LE,075,LECCE,Puglia,16,PUGLIA,Sud,0
075043,F101,Melendugno,Melendugno,MELENDUGNO,Lecce,LE,075,LECCE,Puglia,16,PUGLIA,Sud,0
075044,F109,Melissano,Melissano,MELISSANO,Lecce,LE,075,LECCE,Puglia,16,PUGLIA,Sud,0
075045,F117,Melpignano,Melpignano,MELPIGNANO,Lecce,LE,075,LECCE,Puglia,16,PUGLIA,Sud,0
075046,F194,Miggiano,Miggiano,MIGGIANO,Lecce,LE,075,LECCE,Puglia,16,PUGLIA,Sud,0
075047,F221,Minervino di Lecce,Minervino di Lecce,MINERVINO DI LECCE,Lecce,LE,075,LECCE,Puglia,16,PUGLIA,Sud,0
075048,F604,Monteroni di Lecce,Monteroni di Lecce,MONTERONI DI LECCE,Lecce,LE,075,LECCE,Puglia,16,PUGLIA,Sud,0
075049,F623,Montesano Salentino,Montesano Salentino,MONTESANO SALENTINO,Lecce,LE,075,LECCE,Puglia,16,PUGLIA,Sud,0
075050,F716,Morciano di Leuca,Morciano di Leuca,MORCIANO DI LEUCA,Lecce,LE,075,LECCE,Puglia,16,PUGLIA,Sud,0
075051,F816,Muro Leccese,Muro Leccese,MURO LECCESE,Lecce,LE,075,LECCE,Puglia,16,PUGLIA,Sud,0
075052,F842,Nardò,Nardò,NARDO,Lecce,LE,075,LECCE,Puglia,16,PUGLIA,Sud,0
075053,F881,Neviano,Neviano,NEVIANO,Lecce,LE,075,LECCE,Puglia,16,PUGLIA,Sud,0
075054,F916,Nociglia,Nociglia,NOCIGLIA,Lecce,LE,075,LECCE,Puglia,16,PUGLIA,Sud,0
075055,F970,Novoli,Novoli,NOVOLI,Lecce,LE,075,LECCE,Puglia,16,PUGLIA,Sud,0
075056,G136,Ortelle,Ortelle,ORTELLE,Lecce,LE,075,LECCE,Puglia,16,PUGLIA,Sud,0
075057,G188,Otranto,Otranto,OTRANTO,Lecce,LE,075,LECCE,Puglia,16,PUGLIA,Sud,0
075058,G285,Palmariggi,Palmariggi,PALMARIGGI,Lecce,LE,075,LECCE,Puglia,16,PUGLIA,Sud,0
075059,G325,Parabita,Parabita,PARABITA,Lecce,LE,075,LECCE,Puglia,16,PUGLIA,Sud,0
075060,G378,Patù,Patù,PATU,Lecce,LE,075,LECCE,Puglia,16,PUGLIA,Sud,0
075061,G751,Poggiardo,Poggiardo,POGGIARDO,Lecce,LE,075,LECCE,Puglia,16,PUGLIA,Sud,0
075097,M263,Porto Cesareo,Porto Cesareo,PORTO CESAREO,Lecce,LE,075,LECCE,Puglia,16,PUGLIA,Sud,0
075098,M428,Presicce-Acquarica,Presicce-Acquarica,PRESICCE ACQUARICA,Lecce,LE,075,LECCE,Puglia,16,PUGLIA,Sud,0
075063,H147,Racale,Racale,RACALE,Lecce,LE,075,LECCE,Puglia,16,PUGLIA,Sud,0
075064,H632,Ruffano,Ruffano,RUFFANO,Lecce,LE,075,LECCE,Puglia,16,PUGLIA,Sud,0
075065,H708,Salice Salentino,Salice Salentino,SALICE SALENTINO,Lecce,LE,075,LECCE,Puglia,16,PUGLIA,Sud,0
075066,H729,Salve,Salve,SALVE,Lecce,LE,075,LECCE,Puglia,16,PUGLIA,Sud,0
075095,M264,San Cassiano,San Cassiano,SAN CASSIANO,Lecce,LE,075,LECCE,Puglia,16,PUGLIA,Sud,0
075068,H793,San Cesario di Lecce,San Cesario di Lecce,SAN CESARIO DI LECCE,Lecce,LE,075,LECCE,Puglia,16,PUGLIA,Sud,0
075069,H826,San Donato di Lecce,San Donato di Lecce,SAN DONATO DI LECCE,Lecce,LE,075,LECCE,Puglia,16,PUGLIA,Sud,0
075071,I115,San Pietro in Lama,San Pietro in Lama,SAN PIETRO IN LAMA,Lecce,LE,075,LECCE,Puglia,16,PUGLIA,Sud,0
075067,H757,Sanarica,Sanarica,SANARICA,Lecce,LE,075,LECCE,Puglia,16,PUGLIA,Sud,0
075070,I059,Sannicola,Sannicola,SANNICOLA,Lecce,LE,075,LECCE,Puglia,16,PUGLIA,Sud,0
075072,I172,Santa Cesarea Terme,Santa Cesarea Terme,SANTA CESAREA TERME,Lecce,LE,075,LECCE,Puglia,16,PUGLIA,Sud,0
075073,I549,Scorrano,Scorrano,SCORRANO,Lecce,LE,075,LECCE,Puglia,16,PUGLIA,Sud,0
075074,I559,Seclì,Seclì,SECLI,Lecce,LE,075,LECCE,Puglia,16,PUGLIA,Sud,0
075075,I780,Sogliano Cavour,Sogliano Cavour,SOGLIANO CAVOUR,Lecce,LE,075,LECCE,Puglia,16,PUGLIA,Sud,0
075076,I800,Soleto,Soleto,SOLETO,Lecce,LE,075,LECCE,Puglia,16,PUGLIA,Sud,0
075077,I887,Specchia,Specchia,SPECCHIA,Lecce,LE,075,LECCE,Puglia,16,PUGLIA,Sud,0
075078,I923,Spongano,Spongano,SPONGANO,Lecce,LE,075,LECCE,Puglia,16,PUGLIA,Sud,0
075079,I930,Squinzano,Squinzano,SQUINZANO,Lecce,LE,075,LECCE,Puglia,16,PUGLIA,Sud,0
075080,I950,Sternatia,Sternatia,STERNATIA,Lecce,LE,075,LECCE,Puglia,16,PUGLIA,Sud,0
075081,L008,Supersano,Supersano,SUPERSANO,Lecce,LE,075,LECCE,Puglia,16,PUGLIA,Sud,0
075082,L010,Surano,Surano,SURANO,Lecce,LE,075,LECCE,Puglia,16,PUGLIA,Sud,0
075083,L011,Surbo,Surbo,SURBO,Lecce,LE,075,LECCE,Puglia,16,PUGLIA,Sud,0
075084,L064,Taurisano,Taurisano,TAURISANO,Lecce,LE,075,LECCE,Puglia,16,PUGLIA,Sud,0
075085,L074,Taviano,Taviano,TAVIANO,Lecce,LE,075,LECCE,Puglia,16,PUGLIA,Sud,0
075086,L166,Tiggiano,Tiggiano,TIGGIANO,Lecce,LE,075,LECCE,Puglia,16,PUGLIA,Sud,0
075087,L383,Trepuzzi,Trepuzzi,TREPUZZI,Lecce,LE,075,LECCE,Puglia,16,PUGLIA,Sud,0
075088,L419,Tricase,Tricase,TRICASE,Lecce,LE,075,LECCE,Puglia,16,PUGLIA,Sud,0
075089,L462,Tuglie,Tuglie,TUGLIE,Lecce,LE,075,LECCE,Puglia,16,PUGLIA,Sud,0
075090,L484,Ugento,Ugento,UGENTO,Lecce,LE,075,LECCE,Puglia,16,PUGLIA,Sud,0
075091,L485,Uggiano la Chiesa,Uggiano la Chiesa,UGGIANO LA CHIESA,Lecce,LE,075,LECCE,Puglia,16,PUGLIA,Sud,0
075092,L711,Veglie,Veglie,VEGLIE,Lecce,LE,075,LECCE,Puglia,16,PUGLIA,Sud,0
075093,L776,Vernole,Vernole,VERNOLE,Lecce,LE,075,LECCE,Puglia,16,PUGLIA,Sud,0
075094,M187,Zollino,Zollino,ZOLLINO,Lecce,LE,075,LECCE,Puglia,16,PUGLIA,Sud,0
073001,A514,Avetrana,Avetrana,AVETRANA,Taranto,TA,073,TARANTO,Puglia,16,PUGLIA,Sud,0
073002,B808,Carosino,Carosino,CAROSINO,Taranto,TA,073,TARANTO,Puglia,16,PUGLIA,Sud,0
073003,C136,Castellaneta,Castellaneta,CASTELLANETA,Taranto,TA,073,TARANTO,Puglia,16,PUGLIA,Sud,0
073004,D171,Crispiano,Crispiano,CRISPIANO,Taranto,TA,073,TARANTO,Puglia,16,PUGLIA,Sud,0
073005,D463,Faggiano,Faggiano,FAGGIANO,Taranto,TA,073,TARANTO,Puglia,16,PUGLIA,Sud,0
073006,D754,Fragagnano,Fragagnano,FRAGAGNANO,Taranto,TA,073,TARANTO,Puglia,16,PUGLIA,Sud,0
073007,E036,Ginosa,Ginosa,GINOSA,Taranto,TA,073,TARANTO,Puglia,16,PUGLIA,Sud,0
073008,E205,Grottaglie,Grottaglie,GROTTAGLIE,Taranto,TA,073,TARANTO,Puglia,16,PUGLIA,Sud,0
073009,E469,Laterza,Laterza,LATERZA,Taranto,TA,073,TARANTO,Puglia,16,PUGLIA,Sud,0
073010,E537,Leporano,Leporano,LEPORANO,Taranto,TA,073,TARANTO,Puglia,16,PUGLIA,Sud,0
073011,E630,Lizzano,Lizzano,LIZZANO,Taranto,TA,073,TARANTO,Puglia,16,PUGLIA,Sud,0
073012,E882,Manduria,Manduria,MANDURIA,Taranto,TA,073,TARANTO,Puglia,16,PUGLIA,Sud,0
073013,E986,Martina Franca,Martina Franca,MARTINA FRANCA,Taranto,TA,073,TARANTO,Puglia,16,PUGLIA,Sud,0
073014,E995,Maruggio,Maruggio,MARUGGIO,Taranto,TA,073,TARANTO,Puglia,16,PUGLIA,Sud,0
073015,F027,Massafra,Massafra,MASSAFRA,Taranto,TA,073,TARANTO,Puglia,16,PUGLIA,Sud,0
073016,F531,Monteiasi,Monteiasi,MONTEIASI,Taranto,TA,073,TARANTO,Puglia,16,PUGLIA,Sud,0
073017,F563,Montemesola,Montemesola,MONTEMESOLA,Taranto,TA,073,TARANTO,Puglia,16,PUGLIA,Sud,0
073018,F587,Monteparano,Monteparano,MONTEPARANO,Taranto,TA,073,TARANTO,Puglia,16,PUGLIA,Sud,0
073019,F784,Mottola,Mottola,MOTTOLA,Taranto,TA,073,TARANTO,Puglia,16,PUGLIA,Sud,0
073020,G251,Palagianello,Palagianello,PALAGIANELLO,Taranto,TA,073,TARANTO,Puglia,16,PUGLIA,Sud,0
073021,G252,Palagiano,Palagiano,PALAGIANO,Taranto,TA,073,TARANTO,Puglia,16,PUGLIA,Sud,0
073022,H090,Pulsano,Pulsano,PULSANO,Taranto,TA,073,TARANTO,Puglia,16,PUGLIA,Sud,0
073023,H409,Roccaforzata,Roccaforzata,ROCCAFORZATA,Taranto,TA,073,TARANTO,Puglia,16,PUGLIA,Sud,0
073024,H882,San Giorgio Ionico,San Giorgio Ionico,SAN GIORGIO IONICO,Taranto,TA,073,TARANTO,Puglia,16,PUGLIA,Sud,0
073025,I018,San Marzano di San Giuseppe,San Marzano di San Giuseppe,SAN MARZANO DI SAN GIUSEPPE,Taranto,TA,073,TARANTO,Puglia,16,PUGLIA,Sud,0
073026,I467,Sava,Sava,SAVA,Taranto,TA,073,TARANTO,Puglia,16,PUGLIA,Sud,0
073029,M298,Statte,Statte,STATTE,Taranto,TA,073,TARANTO,Puglia,16,PUGLIA,Sud,0
073027,L049,Taranto,Taranto,TARANTO,Taranto,TA,073,TARANTO,Puglia,16,PUGLIA,Sud,1
073028,L294,Torricella,Torricella,TORRICELLA,Taranto,TA,073,TARANTO,Puglia,16,PUGLIA,Sud,0
118001,A419,Armungia,Armungia,ARMUNGIA,Cagliari,CA,318,CAGLIARI,Sardegna,20,SARDEGNA,Isole,0
118002,A474,Assemini,Assemini,ASSEMINI,Cagliari,CA,318,CAGLIARI,Sardegna,20,SARDEGNA,Isole,0
118003,A597,Ballao,Ballao,BALLAO,Cagliari,CA,318,CAGLIARI,Sardegna,20,SARDEGNA,Isole,0
118004,A677,Barrali,Barrali,BARRALI,Cagliari,CA,318,CAGLIARI,Sardegna,20,SARDEGNA,Isole,0
118005,B274,Burcei,Burcei,BURCEI,Cagliari,CA,318,CAGLIARI,Sardegna,20,SARDEGNA,Isole,0
118006,B354,Cagliari,Cagliari,CAGLIARI,Cagliari,CA,318,CAGLIARI,Sardegna,20,SARDEGNA,Isole,1
118007,B675,Capoterra,Capoterra,CAPOTERRA,Cagliari,CA,318,CAGLIARI,Sardegna,20,SARDEGNA,Isole,0
118008,M288,Castiadas,Castiadas,CASTIADAS,Cagliari,CA,318,CAGLIARI,Sardegna,20,SARDEGNA,Isole,0
118009,D259,Decimomannu,Decimomannu,DECIMOMANNU,Cagliari,CA,318,CAGLIARI,Sardegna,20,SARDEGNA,Isole,0
118010,D260,Decimoputzu,Decimoputzu,DECIMOPUTZU,Cagliari,CA,318,CAGLIARI,Sardegna,20,SARDEGNA,Isole,0
118011,D323,Dolianova,Dolianova,DOLIANOVA,Cagliari,CA,318,CAGLIARI,Sardegna,20,SARDEGNA,Isole,0
118012,D333,Domus de Maria,Domus de Maria,DOMUS DE MARIA,Cagliari,CA,318,CAGLIARI,Sardegna,20,SARDEGNA,Isole,0
118013,D344,Donori,Donori,DONORI,Cagliari,CA,318,CAGLIARI,Sardegna,20,SARDEGNA,Isole,0
118014,D399,Elmas,Elmas,ELMAS,Cagliari,CA,318,CAGLIARI,Sardegna,20,SARDEGNA,Isole,0
118015,D430,Escalaplano,Escalaplano,ESCALAPLANO,Cagliari,CA,318,CAGLIARI,Sardegna,20,SARDEGNA,Isole,0
118016,D431,Escolca,Escolca,ESCOLCA,Cagliari,CA,318,CAGLIARI,Sardegna,20,SARDEGNA,Isole,0
118017,D443,Esterzili,Esterzili,ESTERZILI,Cagliari,CA,318,CAGLIARI,Sardegna,20,SARDEGNA,Isole,0
118018,D968,Genoni,Genoni,GENONI,Cagliari,CA,318,CAGLIARI,Sardegna,20,SARDEGNA,Isole,0
118019,D982,Gergei,Gergei,GERGEI,Cagliari,CA,318,CAGLIARI,Sardegna,20,SARDEGNA,Isole,0
118020,D994,Gesico,Gesico,GESICO,Cagliari,CA,318,CAGLIARI,Sardegna,20,SARDEGNA,Isole,0
118021,E084,Goni,Goni,GONI,Cagliari,CA,318,CAGLIARI,Sardegna,20,SARDEGNA,Isole,0
118022,E234,Guamaggiore,Guamaggiore,GUAMAGGIORE,Cagliari,CA,318,CAGLIARI,Sardegna,20,SARDEGNA,Isole,0
118023,E252,Guasila,Guasila,GUASILA,Cagliari,CA,318,CAGLIARI,Sardegna,20,SARDEGNA,Isole,0
118024,E336,Isili,Isili,ISILI,Cagliari,CA,318,CAGLIARI,Sardegna,20,SARDEGNA,Isole,0
118025,E877,Mandas,Mandas,MANDAS,Cagliari,CA,318,CAGLIARI,Sardegna,20,SARDEGNA,Isole,0
118026,E903,Maracalagonis,Maracalagonis,MARACALAGONIS,Cagliari,CA,318,CAGLIARI,Sardegna,20,SARDEGNA,Isole,0
118027,F333,Monastir,Monastir,MONASTIR,Cagliari,CA,318,CAGLIARI,Sardegna,20,SARDEGNA,Isole,0
118028,F383,Monserrato,Monserrato,MONSERRATO,Cagliari,CA,318,CAGLIARI,Sardegna,20,SARDEGNA,Isole,0
118029,F808,Muravera,Muravera,MURAVERA,Cagliari,CA,318,CAGLIARI,Sardegna,20,SARDEGNA,Isole,0
118030,F981,Nuragus,Nuragus,NURAGUS,Cagliari,CA,318,CAGLIARI,Sardegna,20,SARDEGNA,Isole,0
118031,F982,Nurallao,Nurallao,NURALLAO,Cagliari,CA,318,CAGLIARI,Sardegna,20,SARDEGNA,Isole,0
118032,F983,Nuraminis,Nuraminis,NURAMINIS,Cagliari,CA,318,CAGLIARI,Sardegna,20,SARDEGNA,Isole,0
118033,F986,Nurri,Nurri,NURRI,Cagliari,CA,318,CAGLIARI,Sardegna,20,SARDEGNA,Isole,0
118034,G122,Orroli,Orroli,ORROLI,Cagliari,CA,318,CAGLIARI,Sardegna,20,SARDEGNA,Isole,0
118035,G133,Ortacesus,Ortacesus,ORTACESUS,Cagliari,CA,318,CAGLIARI,Sardegna,20,SARDEGNA,Isole,0
118036,G669,Pimentel,Pimentel,PIMENTEL,Cagliari,CA,318,CAGLIARI,Sardegna,20,SARDEGNA,Isole,0
118037,H088,Pula,Pula,PULA,Cagliari,CA,318,CAGLIARI,Sardegna,20,SARDEGNA,Isole,0
118038,H118,Quartu Sant'Elena,Quartu Sant'Elena,QUARTU SANT ELENA,Cagliari,CA,318,CAGLIARI,Sardegna,20,SARDEGNA,Isole,0
118039,H119,Quartucciu,Quartucciu,QUARTUCCIU,Cagliari,CA,318,CAGLIARI,Sardegna,20,SARDEGNA,Isole,0
118040,H659,Sadali,Sadali,SADALI,Cagliari,CA,318,CAGLIARI,Sardegna,20,SARDEGNA,Isole,0
118041,H739,Samatzai,Samatzai,SAMATZAI,Cagliari,CA,318,CAGLIARI,Sardegna,20,SARDEGNA,Isole,0
118042,H766,San Basilio,San Basilio,SAN BASILIO,Cagliari,CA,318,CAGLIARI,Sardegna,20,SARDEGNA,Isole,0
118043,G383,San Nicolò Gerrei,San Nicolò Gerrei,SAN NICOLO GERREI,Cagliari,CA,318,CAGLIARI,Sardegna,20,SARDEGNA,Isole,0
118044,I166,San Sperate,San Sperate,SAN SPERATE,Cagliari,CA,318,CAGLIARI,Sardegna,20,SARDEGNA,Isole,0
118045,I402,San Vito,San Vito,SAN VITO,Cagliari,CA,318,CAGLIARI,Sardegna,20,SARDEGNA,Isole,0
118046,I271,Sant'Andrea Frius,Sant'Andrea Frius,SANT ANDREA FRIUS,Cagliari,CA,318,CAGLIARI,Sardegna,20,SARDEGNA,Isole,0
118047,I443,Sarroch,Sarroch,SARROCH,Cagliari,CA,318,CAGLIARI,Sardegna,20,SARDEGNA,Isole,0
118048,I580,Selargius,Selargius,SELARGIUS,Cagliari,CA,318,CAGLIARI,Sardegna,20,SARDEGNA,Isole,0
118049,I582,Selegas,Selegas,SELEGAS,Cagliari,CA,318,CAGLIARI,Sardegna,20,SARDEGNA,Isole,0
118050,I615,Senorbì,Senorbì,SENORBI,Cagliari,CA,318,CAGLIARI,Sardegna,20,SARDEGNA,Isole,0
118051,I624,Serdiana,Serdiana,SERDIANA,Cagliari,CA,318,CAGLIARI,Sardegna,20,SARDEGNA,Isole,0
118052,I668,Serri,Serri,SERRI,Cagliari,CA,318,CAGLIARI,Sardegna,20,SARDEGNA,Isole,0
118053,I695,Sestu,Sestu,SESTU,Cagliari,CA,318,CAGLIARI,Sardegna,20,SARDEGNA,Isole,0
118054,I699,Settimo San Pietro,Settimo San Pietro,SETTIMO SAN PIETRO,Cagliari,CA,318,CAGLIARI,Sardegna,20,SARDEGNA,Isole,0
118056,I734,Siliqua,Siliqua,SILIQUA,Cagliari,CA,318,CAGLIARI,Sardegna,20,SARDEGNA,Isole,0
118057,I735,Silius,Silius,SILIUS,Cagliari,CA,318,CAGLIARI,Sardegna,20,SARDEGNA,Isole,0
118058,I752,Sinnai,Sinnai,SINNAI,Cagliari,CA,318,CAGLIARI,Sardegna,20,SARDEGNA,Isole,0
118059,I765,Siurgus Donigala,Siurgus Donigala,SIURGUS DONIGALA,Cagliari,CA,318,CAGLIARI,Sardegna,20,SARDEGNA,Isole,0
118060,I797,Soleminis,Soleminis,SOLEMINIS,Cagliari,CA,318,CAGLIARI,Sardegna,20,SARDEGNA,Isole,0
118061,I995,Suelli,Suelli,SUELLI,Cagliari,CA,318,CAGLIARI,Sardegna,20,SARDEGNA,Isole,0
118063,L512,Ussana,Ussana,USSANA,Cagliari,CA,318,CAGLIARI,Sardegna,20,SARDEGNA,Isole,0
118064,L521,Uta,Uta,UTA,Cagliari,CA,318,CAGLIARI,Sardegna,20,SARDEGNA,Isole,0
118065,L613,Vallermosa,Vallermosa,VALLERMOSA,Cagliari,CA,318,CAGLIARI,Sardegna,20,SARDEGNA,Isole,0
118066,I118,Villa San Pietro,Villa San Pietro,VILLA SAN PIETRO,Cagliari,CA,318,CAGLIARI,Sardegna,20,SARDEGNA,Isole,0
118067,L992,Villanova Tulo,Villanova Tulo,VILLANOVA TULO,Cagliari,CA,318,CAGLIARI,Sardegna,20,SARDEGNA,Isole,0
118068,L998,Villaputzu,Villaputzu,VILLAPUTZU,Cagliari,CA,318,CAGLIARI,Sardegna,20,SARDEGNA,Isole,0
118069,M016,Villasalto,Villasalto,VILLASALTO,Cagliari,CA,318,CAGLIARI,Sardegna,20,SARDEGNA,Isole,0
118070,B738,Villasimius,Villasimius,VILLASIMIUS,Cagliari,CA,318,CAGLIARI,Sardegna,20,SARDEGNA,Isole,0
118071,M025,Villasor,Villasor,VILLASOR,Cagliari,CA,318,CAGLIARI,Sardegna,20,SARDEGNA,Isole,0
118072,M026,Villaspeciosa,Villaspeciosa,VILLASPECIOSA,Cagliari,CA,318,CAGLIARI,Sardegna,20,SARDEGNA,Isole,0
113001,A069,Aggius,Aggius,AGGIUS,Gallura Nord-Est Sardegna,OT,113,GALLURA NORD EST SARDEGNA,Sardegna,20,SARDEGNA,Isole,0
113002,H848,Aglientu,Aglientu,AGLIENTU,Gallura Nord-Est Sardegna,OT,113,GALLURA NORD EST SARDEGNA,Sardegna,20,SARDEGNA,Isole,0
113003,A115,Alà dei Sardi,Alà dei Sardi,ALA DEI SARDI,Gallura Nord-Est Sardegna,OT,113,GALLURA NORD EST SARDEGNA,Sardegna,20,SARDEGNA,Isole,0
113004,A453,Arzachena,Arzachena,ARZACHENA,Gallura Nord-Est Sardegna,OT,113,GALLURA NORD EST SARDEGNA,Sardegna,20,SARDEGNA,Isole,0
113005,M214,Badesi,Badesi,BADESI,Gallura Nord-Est Sardegna,OT,113,GALLURA NORD EST SARDEGNA,Sardegna,20,SARDEGNA,Isole,0
113006,A789,Berchidda,Berchidda,BERCHIDDA,Gallura Nord-Est Sardegna,OT,113,GALLURA NORD EST SARDEGNA,Sardegna,20,SARDEGNA,Isole,0
113007,B063,Bortigiadas,Bortigiadas,BORTIGIADAS,Gallura Nord-Est Sardegna,OT,113,GALLURA NORD EST SARDEGNA,Sardegna,20,SARDEGNA,Isole,0
113008,B246,Buddusò,Buddusò,BUDDUSO,Gallura Nord-Est Sardegna,OT,113,GALLURA NORD EST SARDEGNA,Sardegna,20,SARDEGNA,Isole,0
113009,B248,Budoni,Budoni,BUDONI,Gallura Nord-Est Sardegna,OT,113,GALLURA NORD EST SARDEGNA,Sardegna,20,SARDEGNA,Isole,0
113010,B378,Calangianus,Calangianus,CALANGIANUS,Gallura Nord-Est Sardegna,OT,113,GALLURA NORD EST SARDEGNA,Sardegna,20,SARDEGNA,Isole,0
113011,M274,Golfo Aranci,Golfo Aranci,GOLFO ARANCI,Gallura Nord-Est Sardegna,OT,113,GALLURA NORD EST SARDEGNA,Sardegna,20,SARDEGNA,Isole,0
113012,E425,La Maddalena,La Maddalena,LA MADDALENA,Gallura Nord-Est Sardegna,OT,113,GALLURA NORD EST SARDEGNA,Sardegna,20,SARDEGNA,Isole,0
113013,M275,Loiri Porto San Paolo,Loiri Porto San Paolo,LOIRI PORTO SAN PAOLO,Gallura Nord-Est Sardegna,OT,113,GALLURA NORD EST SARDEGNA,Sardegna,20,SARDEGNA,Isole,0
113014,E747,Luogosanto,Luogosanto,LUOGOSANTO,Gallura Nord-Est Sardegna,OT,113,GALLURA NORD EST SARDEGNA,Sardegna,20,SARDEGNA,Isole,0
113015,E752,Luras,Luras,LURAS,Gallura Nord-Est Sardegna,OT,113,GALLURA NORD EST SARDEGNA,Sardegna,20,SARDEGNA,Isole,0
113016,F667,Monti,Monti,MONTI,Gallura Nord-Est Sardegna,OT,113,GALLURA NORD EST SARDEGNA,Sardegna,20,SARDEGNA,Isole,0
113017,G015,Olbia,Olbia,OLBIA,Gallura Nord-Est Sardegna,OT,113,GALLURA NORD EST SARDEGNA,Sardegna,20,SARDEGNA,Isole,1
113018,G153,Oschiri,Oschiri,OSCHIRI,Gallura Nord-Est Sardegna,OT,113,GALLURA NORD EST SARDEGNA,Sardegna,20,SARDEGNA,Isole,0
113019,M301,Padru,Padru,PADRU,Gallura Nord-Est Sardegna,OT,113,GALLURA NORD EST SARDEGNA,Sardegna,20,SARDEGNA,Isole,0
113020,G258,Palau,Palau,PALAU,Gallura Nord-Est Sardegna,OT,113,GALLURA NORD EST SARDEGNA,Sardegna,20,SARDEGNA,Isole,0
113021,I329,San Teodoro,San Teodoro,SAN TEODORO,Gallura Nord-Est Sardegna,OT,113,GALLURA NORD EST SARDEGNA,Sardegna,20,SARDEGNA,Isole,0
113023,M276,Sant'Antonio di Gallura,Sant'Antonio di Gallura,SANT ANTONIO DI GALLURA,Gallura Nord-Est Sardegna,OT,113,GALLURA NORD EST SARDEGNA,Sardegna,20,SARDEGNA,Isole,0
113022,I312,Santa Teresa Gallura,Santa Teresa Gallura,SANTA TERESA GALLURA,Gallura Nord-Est Sardegna,OT,113,GALLURA NORD EST SARDEGNA,Sardegna,20,SARDEGNA,Isole,0
113024,L088,Telti,Telti,TELTI,Gallura Nord-Est Sardegna,OT,113,GALLURA NORD EST SARDEGNA,Sardegna,20,SARDEGNA,Isole,0
113025,L093,Tempio Pausania,Tempio Pausania,TEMPIO PAUSANIA,Gallura Nord-Est Sardegna,OT,113,GALLURA NORD EST SARDEGNA,Sardegna,20,SARDEGNA,Isole,1
113026,L428,Trinità d'Agultu e Vignola,Trinità d'Agultu e Vignola,TRINITA D AGULTU E VIGNOLA,Gallura Nord-Est Sardegna,OT,113,GALLURA NORD EST SARDEGNA,Sardegna,20,SARDEGNA,Isole,0
117001,A359,Arbus,Arbus,ARBUS,Medio Campidano,VS,117,MEDIO CAMPIDANO,Sardegna,20,SARDEGNA,Isole,0
117002,A681,Barumini,Barumini,BARUMINI,Medio Campidano,VS,117,MEDIO CAMPIDANO,Sardegna,20,SARDEGNA,Isole,0
117003,C882,Collinas,Collinas,COLLINAS,Medio Campidano,VS,117,MEDIO CAMPIDANO,Sardegna,20,SARDEGNA,Isole,0
117004,D827,Furtei,Furtei,FURTEI,Medio Campidano,VS,117,MEDIO CAMPIDANO,Sardegna,20,SARDEGNA,Isole,0
117005,D970,Genuri,Genuri,GENURI,Medio Campidano,VS,117,MEDIO CAMPIDANO,Sardegna,20,SARDEGNA,Isole,0
117006,D997,Gesturi,Gesturi,GESTURI,Medio Campidano,VS,117,MEDIO CAMPIDANO,Sardegna,20,SARDEGNA,Isole,0
117007,E085,Gonnosfanadiga,Gonnosfanadiga,GONNOSFANADIGA,Medio Campidano,VS,117,MEDIO CAMPIDANO,Sardegna,20,SARDEGNA,Isole,0
117008,E270,Guspini,Guspini,GUSPINI,Medio Campidano,VS,117,MEDIO CAMPIDANO,Sardegna,20,SARDEGNA,Isole,0
117009,E464,Las Plassas,Las Plassas,LAS PLASSAS,Medio Campidano,VS,117,MEDIO CAMPIDANO,Sardegna,20,SARDEGNA,Isole,0
117010,E742,Lunamatrona,Lunamatrona,LUNAMATRONA,Medio Campidano,VS,117,MEDIO CAMPIDANO,Sardegna,20,SARDEGNA,Isole,0
117011,G207,Pabillonis,Pabillonis,PABILLONIS,Medio Campidano,VS,117,MEDIO CAMPIDANO,Sardegna,20,SARDEGNA,Isole,0
117012,G382,Pauli Arbarei,Pauli Arbarei,PAULI ARBAREI,Medio Campidano,VS,117,MEDIO CAMPIDANO,Sardegna,20,SARDEGNA,Isole,0
117013,H738,Samassi,Samassi,SAMASSI,Medio Campidano,VS,117,MEDIO CAMPIDANO,Sardegna,20,SARDEGNA,Isole,0
117014,H856,San Gavino Monreale,San Gavino Monreale,SAN GAVINO MONREALE,Medio Campidano,VS,117,MEDIO CAMPIDANO,Sardegna,20,SARDEGNA,Isole,0
117015,H974,Sanluri,Sanluri,SANLURI,Medio Campidano,VS,117,MEDIO CAMPIDANO,Sardegna,20,SARDEGNA,Isole,1
117016,I428,Sardara,Sardara,SARDARA,Medio Campidano,VS,117,MEDIO CAMPIDANO,Sardegna,20,SARDEGNA,Isole,0
117017,I570,Segariu,Segariu,SEGARIU,Medio Campidano,VS,117,MEDIO CAMPIDANO,Sardegna,20,SARDEGNA,Isole,0
117018,I647,Serramanna,Serramanna,SERRAMANNA,Medio Campidano,VS,117,MEDIO CAMPIDANO,Sardegna,20,SARDEGNA,Isole,0
117019,I667,Serrenti,Serrenti,SERRENTI,Medio Campidano,VS,117,MEDIO CAMPIDANO,Sardegna,20,SARDEGNA,Isole,0
117020,I705,Setzu,Setzu,SETZU,Medio Campidano,VS,117,MEDIO CAMPIDANO,Sardegna,20,SARDEGNA,Isole,0
117021,I724,Siddi,Siddi,SIDDI,Medio Campidano,VS,117,MEDIO CAMPIDANO,Sardegna,20,SARDEGNA,Isole,0
117022,L463,Tuili,Tuili,TUILI,Medio Campidano,VS,117,MEDIO CAMPIDANO,Sardegna,20,SARDEGNA,Isole,0
117023,L473,Turri,Turri,TURRI,Medio Campidano,VS,117,MEDIO CAMPIDANO,Sardegna,20,SARDEGNA,Isole,0
117024,L513,Ussaramanna,Ussaramanna,USSARAMANNA,Medio Campidano,VS,117,MEDIO CAMPIDANO,Sardegna,20,SARDEGNA,Isole,0
117025,L924,Villacidro,Villacidro,VILLACIDRO,Medio Campidano,VS,117,MEDIO CAMPIDANO,Sardegna,20,SARDEGNA,Isole,1
117026,L966,Villamar,Villamar,VILLAMAR,Medio Campidano,VS,117,MEDIO CAMPIDANO,Sardegna,20,SARDEGNA,Isole,0
117027,L986,Villanovaforru,Villanovaforru,VILLANOVAFORRU,Medio Campidano,VS,117,MEDIO CAMPIDANO,Sardegna,20,SARDEGNA,Isole,0
117028,L987,Villanovafranca,Villanovafranca,VILLANOVAFRANCA,Medio Campidano,VS,117,MEDIO CAMPIDANO,Sardegna,20,SARDEGNA,Isole,0
114001,A407,Aritzo,Aritzo,ARITZO,Nuoro,NU,114,NUORO,Sardegna,20,SARDEGNA,Isole,0
114002,A492,Atzara,Atzara,ATZARA,Nuoro,NU,114,NUORO,Sardegna,20,SARDEGNA,Isole,0
114003,A503,Austis,Austis,AUSTIS,Nuoro,NU,114,NUORO,Sardegna,20,SARDEGNA,Isole,0
114004,A776,Belvì,Belvì,BELVI,Nuoro,NU,114,NUORO,Sardegna,20,SARDEGNA,Isole,0
114005,A880,Birori,Birori,BIRORI,Nuoro,NU,114,NUORO,Sardegna,20,SARDEGNA,Isole,0
114006,A895,Bitti,Bitti,BITTI,Nuoro,NU,114,NUORO,Sardegna,20,SARDEGNA,Isole,0
114007,A948,Bolotana,Bolotana,BOLOTANA,Nuoro,NU,114,NUORO,Sardegna,20,SARDEGNA,Isole,0
114008,B056,Borore,Borore,BORORE,Nuoro,NU,114,NUORO,Sardegna,20,SARDEGNA,Isole,0
114009,B062,Bortigali,Bortigali,BORTIGALI,Nuoro,NU,114,NUORO,Sardegna,20,SARDEGNA,Isole,0
114010,D287,Desulo,Desulo,DESULO,Nuoro,NU,114,NUORO,Sardegna,20,SARDEGNA,Isole,0
114011,D345,Dorgali,Dorgali,DORGALI,Nuoro,NU,114,NUORO,Sardegna,20,SARDEGNA,Isole,0
114012,D376,Dualchi,Dualchi,DUALCHI,Nuoro,NU,114,NUORO,Sardegna,20,SARDEGNA,Isole,0
114013,D665,Fonni,Fonni,FONNI,Nuoro,NU,114,NUORO,Sardegna,20,SARDEGNA,Isole,0
114014,D842,Gadoni,Gadoni,GADONI,Nuoro,NU,114,NUORO,Sardegna,20,SARDEGNA,Isole,0
114015,D888,Galtellì,Galtellì,GALTELLI,Nuoro,NU,114,NUORO,Sardegna,20,SARDEGNA,Isole,0
114016,D947,Gavoi,Gavoi,GAVOI,Nuoro,NU,114,NUORO,Sardegna,20,SARDEGNA,Isole,0
114017,E323,Irgoli,Irgoli,IRGOLI,Nuoro,NU,114,NUORO,Sardegna,20,SARDEGNA,Isole,0
114018,E517,Lei,Lei,LEI,Nuoro,NU,114,NUORO,Sardegna,20,SARDEGNA,Isole,0
114019,E646,Loculi,Loculi,LOCULI,Nuoro,NU,114,NUORO,Sardegna,20,SARDEGNA,Isole,0
114021,E649,Lodine,Lodine,LODINE,Nuoro,NU,114,NUORO,Sardegna,20,SARDEGNA,Isole,0
114020,E647,Lodè,Lodè,LODE,Nuoro,NU,114,NUORO,Sardegna,20,SARDEGNA,Isole,0
114022,E736,Lula,Lula,LULA,Nuoro,NU,114,NUORO,Sardegna,20,SARDEGNA,Isole,0
114023,E788,Macomer,Macomer,MACOMER,Nuoro,NU,114,NUORO,Sardegna,20,SARDEGNA,Isole,0
114024,E874,Mamoiada,Mamoiada,MAMOIADA,Nuoro,NU,114,NUORO,Sardegna,20,SARDEGNA,Isole,0
114025,F073,Meana Sardo,Meana Sardo,MEANA SARDO,Nuoro,NU,114,NUORO,Sardegna,20,SARDEGNA,Isole,0
114026,F933,Noragugume,Noragugume,NORAGUGUME,Nuoro,NU,114,NUORO,Sardegna,20,SARDEGNA,Isole,0
114027,F979,Nuoro,Nuoro,NUORO,Nuoro,NU,114,NUORO,Sardegna,20,SARDEGNA,Isole,1
114028,G031,Oliena,Oliena,OLIENA,Nuoro,NU,114,NUORO,Sardegna,20,SARDEGNA,Isole,0
114029,G044,Ollolai,Ollolai,OLLOLAI,Nuoro,NU,114,NUORO,Sardegna,20,SARDEGNA,Isole,0
114030,G058,Olzai,Olzai,OLZAI,Nuoro,NU,114,NUORO,Sardegna,20,SARDEGNA,Isole,0
114031,G064,Onanì,Onanì,ONANI,Nuoro,NU,114,NUORO,Sardegna,20,SARDEGNA,Isole,0
114032,G070,Onifai,Onifai,ONIFAI,Nuoro,NU,114,NUORO,Sardegna,20,SARDEGNA,Isole,0
114033,G071,Oniferi,Oniferi,ONIFERI,Nuoro,NU,114,NUORO,Sardegna,20,SARDEGNA,Isole,0
114034,G084,Orani,Orani,ORANI,Nuoro,NU,114,NUORO,Sardegna,20,SARDEGNA,Isole,0
114035,G097,Orgosolo,Orgosolo,ORGOSOLO,Nuoro,NU,114,NUORO,Sardegna,20,SARDEGNA,Isole,0
114036,G119,Orosei,Orosei,OROSEI,Nuoro,NU,114,NUORO,Sardegna,20,SARDEGNA,Isole,0
114037,G120,Orotelli,Orotelli,OROTELLI,Nuoro,NU,114,NUORO,Sardegna,20,SARDEGNA,Isole,0
114038,G146,Ortueri,Ortueri,ORTUERI,Nuoro,NU,114,NUORO,Sardegna,20,SARDEGNA,Isole,0
114039,G147,Orune,Orune,ORUNE,Nuoro,NU,114,NUORO,Sardegna,20,SARDEGNA,Isole,0
114040,G154,Osidda,Osidda,OSIDDA,Nuoro,NU,114,NUORO,Sardegna,20,SARDEGNA,Isole,0
114041,G191,Ottana,Ottana,OTTANA,Nuoro,NU,114,NUORO,Sardegna,20,SARDEGNA,Isole,0
114042,G201,Ovodda,Ovodda,OVODDA,Nuoro,NU,114,NUORO,Sardegna,20,SARDEGNA,Isole,0
114043,G929,Posada,Posada,POSADA,Nuoro,NU,114,NUORO,Sardegna,20,SARDEGNA,Isole,0
114044,I448,Sarule,Sarule,SARULE,Nuoro,NU,114,NUORO,Sardegna,20,SARDEGNA,Isole,0
114045,I707,Seulo,Seulo,SEULO,Nuoro,NU,114,NUORO,Sardegna,20,SARDEGNA,Isole,0
114046,I730,Silanus,Silanus,SILANUS,Nuoro,NU,114,NUORO,Sardegna,20,SARDEGNA,Isole,0
114047,I748,Sindia,Sindia,SINDIA,Nuoro,NU,114,NUORO,Sardegna,20,SARDEGNA,Isole,0
114048,I751,Siniscola,Siniscola,SINISCOLA,Nuoro,NU,114,NUORO,Sardegna,20,SARDEGNA,Isole,0
114049,I851,Sorgono,Sorgono,SORGONO,Nuoro,NU,114,NUORO,Sardegna,20,SARDEGNA,Isole,0
114050,L153,Teti,Teti,TETI,Nuoro,NU,114,NUORO,Sardegna,20,SARDEGNA,Isole,0
114051,L160,Tiana,Tiana,TIANA,Nuoro,NU,114,NUORO,Sardegna,20,SARDEGNA,Isole,0
114052,L202,Tonara,Tonara,TONARA,Nuoro,NU,114,NUORO,Sardegna,20,SARDEGNA,Isole,0
114053,L231,Torpè,Torpè,TORPE,Nuoro,NU,114,NUORO,Sardegna,20,SARDEGNA,Isole,0
116001,A454,Arzana,Arzana,ARZANA,Ogliastra,OG,116,OGLIASTRA,Sardegna,20,SARDEGNA,Isole,0
116002,A663,Bari Sardo,Bari Sardo,BARI SARDO,Ogliastra,OG,116,OGLIASTRA,Sardegna,20,SARDEGNA,Isole,0
116003,A722,Baunei,Baunei,BAUNEI,Ogliastra,OG,116,OGLIASTRA,Sardegna,20,SARDEGNA,Isole,0
116004,M285,Cardedu,Cardedu,CARDEDU,Ogliastra,OG,116,OGLIASTRA,Sardegna,20,SARDEGNA,Isole,0
116005,D395,Elini,Elini,ELINI,Ogliastra,OG,116,OGLIASTRA,Sardegna,20,SARDEGNA,Isole,0
116006,D859,Gairo,Gairo,GAIRO,Ogliastra,OG,116,OGLIASTRA,Sardegna,20,SARDEGNA,Isole,0
116007,E049,Girasole,Girasole,GIRASOLE,Ogliastra,OG,116,OGLIASTRA,Sardegna,20,SARDEGNA,Isole,0
116008,E283,Ilbono,Ilbono,ILBONO,Ogliastra,OG,116,OGLIASTRA,Sardegna,20,SARDEGNA,Isole,0
116009,E387,Jerzu,Jerzu,JERZU,Ogliastra,OG,116,OGLIASTRA,Sardegna,20,SARDEGNA,Isole,0
116010,E441,Lanusei,Lanusei,LANUSEI,Ogliastra,OG,116,OGLIASTRA,Sardegna,20,SARDEGNA,Isole,1
116011,E644,Loceri,Loceri,LOCERI,Ogliastra,OG,116,OGLIASTRA,Sardegna,20,SARDEGNA,Isole,0
116012,E700,Lotzorai,Lotzorai,LOTZORAI,Ogliastra,OG,116,OGLIASTRA,Sardegna,20,SARDEGNA,Isole,0
116013,G158,Osini,Osini,OSINI,Ogliastra,OG,116,OGLIASTRA,Sardegna,20,SARDEGNA,Isole,0
116014,G445,Perdasdefogu,Perdasdefogu,PERDASDEFOGU,Ogliastra,OG,116,OGLIASTRA,Sardegna,20,SARDEGNA,Isole,0
116023,I706,Seui,Seui,SEUI,Ogliastra,OG,116,OGLIASTRA,Sardegna,20,SARDEGNA,Isole,0
116015,L036,Talana,Talana,TALANA,Ogliastra,OG,116,OGLIASTRA,Sardegna,20,SARDEGNA,Isole,0
116016,L140,Tertenia,Tertenia,TERTENIA,Ogliastra,OG,116,OGLIASTRA,Sardegna,20,SARDEGNA,Isole,0
116017,A355,Tortolì,Tortolì,TORTOLI,Ogliastra,OG,116,OGLIASTRA,Sardegna,20,SARDEGNA,Isole,1
116018,L423,Triei,Triei,TRIEI,Ogliastra,OG,116,OGLIASTRA,Sardegna,20,SARDEGNA,Isole,0
116019,L489,Ulassai,Ulassai,ULASSAI,Ogliastra,OG,116,OGLIASTRA,Sardegna,20,SARDEGNA,Isole,0
116020,L506,Urzulei,Urzulei,URZULEI,Ogliastra,OG,116,OGLIASTRA,Sardegna,20,SARDEGNA,Isole,0
116021,L514,Ussassai,Ussassai,USSASSAI,Ogliastra,OG,116,OGLIASTRA,Sardegna,20,SARDEGNA,Isole,0
116022,L953,Villagrande Strisaili,Villagrande Strisaili,VILLAGRANDE STRISAILI,Ogliastra,OG,116,OGLIASTRA,Sardegna,20,SARDEGNA,Isole,0
115001,A007,Abbasanta,Abbasanta,ABBASANTA,Oristano,OR,115,ORISTANO,Sardegna,20,SARDEGNA,Isole,0
115002,A097,Aidomaggiore,Aidomaggiore,AIDOMAGGIORE,Oristano,OR,115,ORISTANO,Sardegna,20,SARDEGNA,Isole,0
115003,A126,Albagiara,Albagiara,ALBAGIARA,Oristano,OR,115,ORISTANO,Sardegna,20,SARDEGNA,Isole,0
115004,A180,Ales,Ales,ALES,Oristano,OR,115,ORISTANO,Sardegna,20,SARDEGNA,Isole,0
115005,A204,Allai,Allai,ALLAI,Oristano,OR,115,ORISTANO,Sardegna,20,SARDEGNA,Isole,0
115006,A357,Arborea,Arborea,ARBOREA,Oristano,OR,115,ORISTANO,Sardegna,20,SARDEGNA,Isole,0
115007,A380,Ardauli,Ardauli,ARDAULI,Oristano,OR,115,ORISTANO,Sardegna,20,SARDEGNA,Isole,0
115008,A477,Assolo,Assolo,ASSOLO,Oristano,OR,115,ORISTANO,Sardegna,20,SARDEGNA,Isole,0
115009,A480,Asuni,Asuni,ASUNI,Oristano,OR,115,ORISTANO,Sardegna,20,SARDEGNA,Isole,0
115010,A614,Baradili,Baradili,BARADILI,Oristano,OR,115,ORISTANO,Sardegna,20,SARDEGNA,Isole,0
115011,A621,Baratili San Pietro,Baratili San Pietro,BARATILI SAN PIETRO,Oristano,OR,115,ORISTANO,Sardegna,20,SARDEGNA,Isole,0
115012,A655,Baressa,Baressa,BARESSA,Oristano,OR,115,ORISTANO,Sardegna,20,SARDEGNA,Isole,0
115013,A721,Bauladu,Bauladu,BAULADU,Oristano,OR,115,ORISTANO,Sardegna,20,SARDEGNA,Isole,0
115014,A856,Bidonì,Bidonì,BIDONI,Oristano,OR,115,ORISTANO,Sardegna,20,SARDEGNA,Isole,0
115015,A960,Bonarcado,Bonarcado,BONARCADO,Oristano,OR,115,ORISTANO,Sardegna,20,SARDEGNA,Isole,0
115016,B055,Boroneddu,Boroneddu,BORONEDDU,Oristano,OR,115,ORISTANO,Sardegna,20,SARDEGNA,Isole,0
115017,B068,Bosa,Bosa,BOSA,Oristano,OR,115,ORISTANO,Sardegna,20,SARDEGNA,Isole,0
115018,B281,Busachi,Busachi,BUSACHI,Oristano,OR,115,ORISTANO,Sardegna,20,SARDEGNA,Isole,0
115019,B314,Cabras,Cabras,CABRAS,Oristano,OR,115,ORISTANO,Sardegna,20,SARDEGNA,Isole,0
115020,D200,Cuglieri,Cuglieri,CUGLIERI,Oristano,OR,115,ORISTANO,Sardegna,20,SARDEGNA,Isole,0
115021,D214,Curcuris,Curcuris,CURCURIS,Oristano,OR,115,ORISTANO,Sardegna,20,SARDEGNA,Isole,0
115022,D640,Flussio,Flussio,FLUSSIO,Oristano,OR,115,ORISTANO,Sardegna,20,SARDEGNA,Isole,0
115023,D695,Fordongianus,Fordongianus,FORDONGIANUS,Oristano,OR,115,ORISTANO,Sardegna,20,SARDEGNA,Isole,0
115024,E004,Ghilarza,Ghilarza,GHILARZA,Oristano,OR,115,ORISTANO,Sardegna,20,SARDEGNA,Isole,0
115025,E087,Gonnoscodina,Gonnoscodina,GONNOSCODINA,Oristano,OR,115,ORISTANO,Sardegna,20,SARDEGNA,Isole,0
115026,D585,Gonnosnò,Gonnosnò,GONNOSNO,Oristano,OR,115,ORISTANO,Sardegna,20,SARDEGNA,Isole,0
115027,E088,Gonnostramatza,Gonnostramatza,GONNOSTRAMATZA,Oristano,OR,115,ORISTANO,Sardegna,20,SARDEGNA,Isole,0
115028,E400,Laconi,Laconi,LACONI,Oristano,OR,115,ORISTANO,Sardegna,20,SARDEGNA,Isole,0
115029,E825,Magomadas,Magomadas,MAGOMADAS,Oristano,OR,115,ORISTANO,Sardegna,20,SARDEGNA,Isole,0
115030,E972,Marrubiu,Marrubiu,MARRUBIU,Oristano,OR,115,ORISTANO,Sardegna,20,SARDEGNA,Isole,0
115031,F050,Masullas,Masullas,MASULLAS,Oristano,OR,115,ORISTANO,Sardegna,20,SARDEGNA,Isole,0
115032,F208,Milis,Milis,MILIS,Oristano,OR,115,ORISTANO,Sardegna,20,SARDEGNA,Isole,0
115033,F261,Modolo,Modolo,MODOLO,Oristano,OR,115,ORISTANO,Sardegna,20,SARDEGNA,Isole,0
115034,F270,Mogorella,Mogorella,MOGORELLA,Oristano,OR,115,ORISTANO,Sardegna,20,SARDEGNA,Isole,0
115035,F272,Mogoro,Mogoro,MOGORO,Oristano,OR,115,ORISTANO,Sardegna,20,SARDEGNA,Isole,0
115036,F698,Montresta,Montresta,MONTRESTA,Oristano,OR,115,ORISTANO,Sardegna,20,SARDEGNA,Isole,0
115037,F727,Morgongiori,Morgongiori,MORGONGIORI,Oristano,OR,115,ORISTANO,Sardegna,20,SARDEGNA,Isole,0
115038,F840,Narbolia,Narbolia,NARBOLIA,Oristano,OR,115,ORISTANO,Sardegna,20,SARDEGNA,Isole,0
115039,F867,Neoneli,Neoneli,NEONELI,Oristano,OR,115,ORISTANO,Sardegna,20,SARDEGNA,Isole,0
115040,F934,Norbello,Norbello,NORBELLO,Oristano,OR,115,ORISTANO,Sardegna,20,SARDEGNA,Isole,0
115041,F974,Nughedu Santa Vittoria,Nughedu Santa Vittoria,NUGHEDU SANTA VITTORIA,Oristano,OR,115,ORISTANO,Sardegna,20,SARDEGNA,Isole,0
115042,F980,Nurachi,Nurachi,NURACHI,Oristano,OR,115,ORISTANO,Sardegna,20,SARDEGNA,Isole,0
115043,F985,Nureci,Nureci,NURECI,Oristano,OR,115,ORISTANO,Sardegna,20,SARDEGNA,Isole,0
115044,G043,Ollastra,Ollastra,OLLASTRA,Oristano,OR,115,ORISTANO,Sardegna,20,SARDEGNA,Isole,0
115045,G113,Oristano,Oristano,ORISTANO,Oristano,OR,115,ORISTANO,Sardegna,20,SARDEGNA,Isole,1
115046,G286,Palmas Arborea,Palmas Arborea,PALMAS ARBOREA,Oristano,OR,115,ORISTANO,Sardegna,20,SARDEGNA,Isole,0
115047,G379,Pau,Pau,PAU,Oristano,OR,115,ORISTANO,Sardegna,20,SARDEGNA,Isole,0
115048,G384,Paulilatino,Paulilatino,PAULILATINO,Oristano,OR,115,ORISTANO,Sardegna,20,SARDEGNA,Isole,0
115049,G817,Pompu,Pompu,POMPU,Oristano,OR,115,ORISTANO,Sardegna,20,SARDEGNA,Isole,0
115050,H301,Riola Sardo,Riola Sardo,RIOLA SARDO,Oristano,OR,115,ORISTANO,Sardegna,20,SARDEGNA,Isole,0
115051,F271,Ruinas,Ruinas,RUINAS,Oristano,OR,115,ORISTANO,Sardegna,20,SARDEGNA,Isole,0
115052,H661,Sagama,Sagama,SAGAMA,Oristano,OR,115,ORISTANO,Sardegna,20,SARDEGNA,Isole,0
115053,H756,Samugheo,Samugheo,SAMUGHEO,Oristano,OR,115,ORISTANO,Sardegna,20,SARDEGNA,Isole,0
115054,A368,San Nicolò d'Arcidano,San Nicolò d'Arcidano,SAN NICOLO D ARCIDANO,Oristano,OR,115,ORISTANO,Sardegna,20,SARDEGNA,Isole,0
115055,I384,San Vero Milis,San Vero Milis,SAN VERO MILIS,Oristano,OR,115,ORISTANO,Sardegna,20,SARDEGNA,Isole,0
115056,I205,Santa Giusta,Santa Giusta,SANTA GIUSTA,Oristano,OR,115,ORISTANO,Sardegna,20,SARDEGNA,Isole,0
115057,I374,Santu Lussurgiu,Santu Lussurgiu,SANTU LUSSURGIU,Oristano,OR,115,ORISTANO,Sardegna,20,SARDEGNA,Isole,0
115058,I503,Scano di Montiferro,Scano di Montiferro,SCANO DI MONTIFERRO,Oristano,OR,115,ORISTANO,Sardegna,20,SARDEGNA,Isole,0
115059,I564,Sedilo,Sedilo,SEDILO,Oristano,OR,115,ORISTANO,Sardegna,20,SARDEGNA,Isole,0
115060,I605,Seneghe,Seneghe,SENEGHE,Oristano,OR,115,ORISTANO,Sardegna,20,SARDEGNA,Isole,0
115061,I609,Senis,Senis,SENIS,Oristano,OR,115,ORISTANO,Sardegna,20,SARDEGNA,Isole,0
115062,I613,Sennariolo,Sennariolo,SENNARIOLO,Oristano,OR,115,ORISTANO,Sardegna,20,SARDEGNA,Isole,0
115063,I717,Siamaggiore,Siamaggiore,SIAMAGGIORE,Oristano,OR,115,ORISTANO,Sardegna,20,SARDEGNA,Isole,0
115064,I718,Siamanna,Siamanna,SIAMANNA,Oristano,OR,115,ORISTANO,Sardegna,20,SARDEGNA,Isole,0
115065,I721,Siapiccia,Siapiccia,SIAPICCIA,Oristano,OR,115,ORISTANO,Sardegna,20,SARDEGNA,Isole,0
115066,I742,Simala,Simala,SIMALA,Oristano,OR,115,ORISTANO,Sardegna,20,SARDEGNA,Isole,0
115067,I743,Simaxis,Simaxis,SIMAXIS,Oristano,OR,115,ORISTANO,Sardegna,20,SARDEGNA,Isole,0
115068,I749,Sini,Sini,SINI,Oristano,OR,115,ORISTANO,Sardegna,20,SARDEGNA,Isole,0
115069,I757,Siris,Siris,SIRIS,Oristano,OR,115,ORISTANO,Sardegna,20,SARDEGNA,Isole,0
115070,I778,Soddì,Soddì,SODDI,Oristano,OR,115,ORISTANO,Sardegna,20,SARDEGNA,Isole,0
115071,I791,Solarussa,Solarussa,SOLARUSSA,Oristano,OR,115,ORISTANO,Sardegna,20,SARDEGNA,Isole,0
115072,I861,Sorradile,Sorradile,SORRADILE,Oristano,OR,115,ORISTANO,Sardegna,20,SARDEGNA,Isole,0
115073,L006,Suni,Suni,SUNI,Oristano,OR,115,ORISTANO,Sardegna,20,SARDEGNA,Isole,0
115074,L023,Tadasuni,Tadasuni,TADASUNI,Oristano,OR,115,ORISTANO,Sardegna,20,SARDEGNA,Isole,0
115075,L122,Terralba,Terralba,TERRALBA,Oristano,OR,115,ORISTANO,Sardegna,20,SARDEGNA,Isole,0
115076,L172,Tinnura,Tinnura,TINNURA,Oristano,OR,115,ORISTANO,Sardegna,20,SARDEGNA,Isole,0
115077,L321,Tramatza,Tramatza,TRAMATZA,Oristano,OR,115,ORISTANO,Sardegna,20,SARDEGNA,Isole,0
115078,L393,Tresnuraghes,Tresnuraghes,TRESNURAGHES,Oristano,OR,115,ORISTANO,Sardegna,20,SARDEGNA,Isole,0
115079,L488,Ulà Tirso,Ulà Tirso,ULA TIRSO,Oristano,OR,115,ORISTANO,Sardegna,20,SARDEGNA,Isole,0
115080,L496,Uras,Uras,URAS,Oristano,OR,115,ORISTANO,Sardegna,20,SARDEGNA,Isole,0
115081,L508,Usellus,Usellus,USELLUS,Oristano,OR,115,ORISTANO,Sardegna,20,SARDEGNA,Isole,0
115082,I298,Villa Sant'Antonio,Villa Sant'Antonio,VILLA SANT ANTONIO,Oristano,OR,115,ORISTANO,Sardegna,20,SARDEGNA,Isole,0
115083,A609,Villa Verde,Villa Verde,VILLA VERDE,Oristano,OR,115,ORISTANO,Sardegna,20,SARDEGNA,Isole,0
115084,L991,Villanova Truschedu,Villanova Truschedu,VILLANOVA TRUSCHEDU,Oristano,OR,115,ORISTANO,Sardegna,20,SARDEGNA,Isole,0
115085,M030,Villaurbana,Villaurbana,VILLAURBANA,Oristano,OR,115,ORISTANO,Sardegna,20,SARDEGNA,Isole,0
115086,M153,Zeddiani,Zeddiani,ZEDDIANI,Oristano,OR,115,ORISTANO,Sardegna,20,SARDEGNA,Isole,0
115087,M168,Zerfaliu,Zerfaliu,ZERFALIU,Oristano,OR,115,ORISTANO,Sardegna,20,SARDEGNA,Isole,0
112001,A192,Alghero,Alghero,ALGHERO,Sassari,SS,312,SASSARI,Sardegna,20,SARDEGNA,Isole,0
112002,A287,Anela,Anela,ANELA,Sassari,SS,312,SASSARI,Sardegna,20,SARDEGNA,Isole,0
112003,A379,Ardara,Ardara,ARDARA,Sassari,SS,312,SASSARI,Sardegna,20,SARDEGNA,Isole,0
112004,A606,Banari,Banari,BANARI,Sassari,SS,312,SASSARI,Sardegna,20,SARDEGNA,Isole,0
112005,A781,Benetutti,Benetutti,BENETUTTI,Sassari,SS,312,SASSARI,Sardegna,20,SARDEGNA,Isole,0
112006,A827,Bessude,Bessude,BESSUDE,Sassari,SS,312,SASSARI,Sardegna,20,SARDEGNA,Isole,0
112007,A976,Bonnanaro,Bonnanaro,BONNANARO,Sassari,SS,312,SASSARI,Sardegna,20,SARDEGNA,Isole,0
112008,A977,Bono,Bono,BONO,Sassari,SS,312,SASSARI,Sardegna,20,SARDEGNA,Isole,0
112009,A978,Bonorva,Bonorva,BONORVA,Sassari,SS,312,SASSARI,Sardegna,20,SARDEGNA,Isole,0
112010,B064,Borutta,Borutta,BORUTTA,Sassari,SS,312,SASSARI,Sardegna,20,SARDEGNA,Isole,0
112011,B094,Bottidda,Bottidda,BOTTIDDA,Sassari,SS,312,SASSARI,Sardegna,20,SARDEGNA,Isole,0
112012,B264,Bultei,Bultei,BULTEI,Sassari,SS,312,SASSARI,Sardegna,20,SARDEGNA,Isole,0
112013,B265,Bulzi,Bulzi,BULZI,Sassari,SS,312,SASSARI,Sardegna,20,SARDEGNA,Isole,0
112014,B276,Burgos,Burgos,BURGOS,Sassari,SS,312,SASSARI,Sardegna,20,SARDEGNA,Isole,0
112015,B772,Cargeghe,Cargeghe,CARGEGHE,Sassari,SS,312,SASSARI,Sardegna,20,SARDEGNA,Isole,0
112016,C272,Castelsardo,Castelsardo,CASTELSARDO,Sassari,SS,312,SASSARI,Sardegna,20,SARDEGNA,Isole,0
112017,C600,Cheremule,Cheremule,CHEREMULE,Sassari,SS,312,SASSARI,Sardegna,20,SARDEGNA,Isole,0
112018,C613,Chiaramonti,Chiaramonti,CHIARAMONTI,Sassari,SS,312,SASSARI,Sardegna,20,SARDEGNA,Isole,0
112019,C818,Codrongianos,Codrongianos,CODRONGIANOS,Sassari,SS,312,SASSARI,Sardegna,20,SARDEGNA,Isole,0
112020,D100,Cossoine,Cossoine,COSSOINE,Sassari,SS,312,SASSARI,Sardegna,20,SARDEGNA,Isole,0
112021,M292,Erula,Erula,ERULA,Sassari,SS,312,SASSARI,Sardegna,20,SARDEGNA,Isole,0
112022,D441,Esporlatu,Esporlatu,ESPORLATU,Sassari,SS,312,SASSARI,Sardegna,20,SARDEGNA,Isole,0
112023,D637,Florinas,Florinas,FLORINAS,Sassari,SS,312,SASSARI,Sardegna,20,SARDEGNA,Isole,0
112024,E019,Giave,Giave,GIAVE,Sassari,SS,312,SASSARI,Sardegna,20,SARDEGNA,Isole,0
112025,E285,Illorai,Illorai,ILLORAI,Sassari,SS,312,SASSARI,Sardegna,20,SARDEGNA,Isole,0
112026,E376,Ittireddu,Ittireddu,ITTIREDDU,Sassari,SS,312,SASSARI,Sardegna,20,SARDEGNA,Isole,0
112027,E377,Ittiri,Ittiri,ITTIRI,Sassari,SS,312,SASSARI,Sardegna,20,SARDEGNA,Isole,0
112028,E401,Laerru,Laerru,LAERRU,Sassari,SS,312,SASSARI,Sardegna,20,SARDEGNA,Isole,0
112029,E902,Mara,Mara,MARA,Sassari,SS,312,SASSARI,Sardegna,20,SARDEGNA,Isole,0
112030,E992,Martis,Martis,MARTIS,Sassari,SS,312,SASSARI,Sardegna,20,SARDEGNA,Isole,0
112031,F542,Monteleone Rocca Doria,Monteleone Rocca Doria,MONTELEONE ROCCA DORIA,Sassari,SS,312,SASSARI,Sardegna,20,SARDEGNA,Isole,0
112032,F721,Mores,Mores,MORES,Sassari,SS,312,SASSARI,Sardegna,20,SARDEGNA,Isole,0
112033,F818,Muros,Muros,MUROS,Sassari,SS,312,SASSARI,Sardegna,20,SARDEGNA,Isole,0
112034,F975,Nughedu San Nicolò,Nughedu San Nicolò,NUGHEDU SAN NICOLO,Sassari,SS,312,SASSARI,Sardegna,20,SARDEGNA,Isole,0
112035,F976,Nule,Nule,NULE,Sassari,SS,312,SASSARI,Sardegna,20,SARDEGNA,Isole,0
112036,F977,Nulvi,Nulvi,NULVI,Sassari,SS,312,SASSARI,Sardegna,20,SARDEGNA,Isole,0
112037,G046,Olmedo,Olmedo,OLMEDO,Sassari,SS,312,SASSARI,Sardegna,20,SARDEGNA,Isole,0
112038,G156,Osilo,Osilo,OSILO,Sassari,SS,312,SASSARI,Sardegna,20,SARDEGNA,Isole,0
112039,G178,Ossi,Ossi,OSSI,Sassari,SS,312,SASSARI,Sardegna,20,SARDEGNA,Isole,0
112040,G203,Ozieri,Ozieri,OZIERI,Sassari,SS,312,SASSARI,Sardegna,20,SARDEGNA,Isole,0
112041,G225,Padria,Padria,PADRIA,Sassari,SS,312,SASSARI,Sardegna,20,SARDEGNA,Isole,0
112042,G376,Pattada,Pattada,PATTADA,Sassari,SS,312,SASSARI,Sardegna,20,SARDEGNA,Isole,0
112043,G450,Perfugas,Perfugas,PERFUGAS,Sassari,SS,312,SASSARI,Sardegna,20,SARDEGNA,Isole,0
112044,G740,Ploaghe,Ploaghe,PLOAGHE,Sassari,SS,312,SASSARI,Sardegna,20,SARDEGNA,Isole,0
112045,G924,Porto Torres,Porto Torres,PORTO TORRES,Sassari,SS,312,SASSARI,Sardegna,20,SARDEGNA,Isole,0
112046,G962,Pozzomaggiore,Pozzomaggiore,POZZOMAGGIORE,Sassari,SS,312,SASSARI,Sardegna,20,SARDEGNA,Isole,0
112047,H095,Putifigari,Putifigari,PUTIFIGARI,Sassari,SS,312,SASSARI,Sardegna,20,SARDEGNA,Isole,0
112048,H507,Romana,Romana,ROMANA,Sassari,SS,312,SASSARI,Sardegna,20,SARDEGNA,Isole,0
112049,M284,Santa Maria Coghinas,Santa Maria Coghinas,SANTA MARIA COGHINAS,Sassari,SS,312,SASSARI,Sardegna,20,SARDEGNA,Isole,0
112050,I452,Sassari,Sassari,SASSARI,Sassari,SS,312,SASSARI,Sardegna,20,SARDEGNA,Isole,1
112051,I565,Sedini,Sedini,SEDINI,Sassari,SS,312,SASSARI,Sardegna,20,SARDEGNA,Isole,0
112052,I598,Semestene,Semestene,SEMESTENE,Sassari,SS,312,SASSARI,Sardegna,20,SARDEGNA,Isole,0
112053,I614,Sennori,Sennori,SENNORI,Sassari,SS,312,SASSARI,Sardegna,20,SARDEGNA,Isole,0
112054,I732,Siligo,Siligo,SILIGO,Sassari,SS,312,SASSARI,Sardegna,20,SARDEGNA,Isole,0
112055,I863,Sorso,Sorso,SORSO,Sassari,SS,312,SASSARI,Sardegna,20,SARDEGNA,Isole,0
112056,M290,Stintino,Stintino,STINTINO,Sassari,SS,312,SASSARI,Sardegna,20,SARDEGNA,Isole,0
112057,M282,Tergu,Tergu,TERGU,Sassari,SS,312,SASSARI,Sardegna,20,SARDEGNA,Isole,0
112058,L158,Thiesi,Thiesi,THIESI,Sassari,SS,312,SASSARI,Sardegna,20,SARDEGNA,Isole,0
112059,L180,Tissi,Tissi,TISSI,Sassari,SS,312,SASSARI,Sardegna,20,SARDEGNA,Isole,0
112060,L235,Torralba,Torralba,TORRALBA,Sassari,SS,312,SASSARI,Sardegna,20,SARDEGNA,Isole,0
112061,L464,Tula,Tula,TULA,Sassari,SS,312,SASSARI,Sardegna,20,SARDEGNA,Isole,0
112062,L503,Uri,Uri,URI,Sassari,SS,312,SASSARI,Sardegna,20,SARDEGNA,Isole,0
112063,L509,Usini,Usini,USINI,Sassari,SS,312,SASSARI,Sardegna,20,SARDEGNA,Isole,0
112064,L604,Valledoria,Valledoria,VALLEDORIA,Sassari,SS,312,SASSARI,Sardegna,20,SARDEGNA,Isole,0
112065,M259,Viddalba,Viddalba,VIDDALBA,Sassari,SS,312,SASSARI,Sardegna,20,SARDEGNA,Isole,0
112066,L989,Villanova Monteleone,Villanova Monteleone,VILLANOVA MONTELEONE,Sassari,SS,312,SASSARI,Sardegna,20,SARDEGNA,Isole,0
119001,B250,Buggerru,Buggerru,BUGGERRU,Sulcis Iglesiente,CI,119,SULCIS IGLESIENTE,Sardegna,20,SARDEGNA,Isole,0
119002,B383,Calasetta,Calasetta,CALASETTA,Sulcis Iglesiente,CI,119,SULCIS IGLESIENTE,Sardegna,20,SARDEGNA,Isole,0
119003,B745,Carbonia,Carbonia,CARBONIA,Sulcis Iglesiente,CI,119,SULCIS IGLESIENTE,Sardegna,20,SARDEGNA,Isole,1
119004,B789,Carloforte,Carloforte,CARLOFORTE,Sulcis Iglesiente,CI,119,SULCIS IGLESIENTE,Sardegna,20,SARDEGNA,Isole,0
119005,D334,Domusnovas,Domusnovas,DOMUSNOVAS,Sulcis Iglesiente,CI,119,SULCIS IGLESIENTE,Sardegna,20,SARDEGNA,Isole,0
119006,D639,Fluminimaggiore,Fluminimaggiore,FLUMINIMAGGIORE,Sulcis Iglesiente,CI,119,SULCIS IGLESIENTE,Sardegna,20,SARDEGNA,Isole,0
119007,E022,Giba,Giba,GIBA,Sulcis Iglesiente,CI,119,SULCIS IGLESIENTE,Sardegna,20,SARDEGNA,Isole,0
119008,E086,Gonnesa,Gonnesa,GONNESA,Sulcis Iglesiente,CI,119,SULCIS IGLESIENTE,Sardegna,20,SARDEGNA,Isole,0
119009,E281,Iglesias,Iglesias,IGLESIAS,Sulcis Iglesiente,CI,119,SULCIS IGLESIENTE,Sardegna,20,SARDEGNA,Isole,1
119010,M270,Masainas,Masainas,MASAINAS,Sulcis Iglesiente,CI,119,SULCIS IGLESIENTE,Sardegna,20,SARDEGNA,Isole,0
119011,F822,Musei,Musei,MUSEI,Sulcis Iglesiente,CI,119,SULCIS IGLESIENTE,Sardegna,20,SARDEGNA,Isole,0
119012,F841,Narcao,Narcao,NARCAO,Sulcis Iglesiente,CI,119,SULCIS IGLESIENTE,Sardegna,20,SARDEGNA,Isole,0
119013,F991,Nuxis,Nuxis,NUXIS,Sulcis Iglesiente,CI,119,SULCIS IGLESIENTE,Sardegna,20,SARDEGNA,Isole,0
119014,G446,Perdaxius,Perdaxius,PERDAXIUS,Sulcis Iglesiente,CI,119,SULCIS IGLESIENTE,Sardegna,20,SARDEGNA,Isole,0
119015,M291,Piscinas,Piscinas,PISCINAS,Sulcis Iglesiente,CI,119,SULCIS IGLESIENTE,Sardegna,20,SARDEGNA,Isole,0
119016,G922,Portoscuso,Portoscuso,PORTOSCUSO,Sulcis Iglesiente,CI,119,SULCIS IGLESIENTE,Sardegna,20,SARDEGNA,Isole,0
119017,G287,San Giovanni Suergiu,San Giovanni Suergiu,SAN GIOVANNI SUERGIU,Sulcis Iglesiente,CI,119,SULCIS IGLESIENTE,Sardegna,20,SARDEGNA,Isole,0
119019,M209,Sant'Anna Arresi,Sant'Anna Arresi,SANT ANNA ARRESI,Sulcis Iglesiente,CI,119,SULCIS IGLESIENTE,Sardegna,20,SARDEGNA,Isole,0
119020,I294,Sant'Antioco,Sant'Antioco,SANT ANTIOCO,Sulcis Iglesiente,CI,119,SULCIS IGLESIENTE,Sardegna,20,SARDEGNA,Isole,0
119018,I182,Santadi,Santadi,SANTADI,Sulcis Iglesiente,CI,119,SULCIS IGLESIENTE,Sardegna,20,SARDEGNA,Isole,0
119024,L154,Teulada,Teulada,TEULADA,Sulcis Iglesiente,CI,119,SULCIS IGLESIENTE,Sardegna,20,SARDEGNA,Isole,0
119021,L337,Tratalias,Tratalias,TRATALIAS,Sulcis Iglesiente,CI,119,SULCIS IGLESIENTE,Sardegna,20,SARDEGNA,Isole,0
119022,L968,Villamassargia,Villamassargia,VILLAMASSARGIA,Sulcis Iglesiente,CI,119,SULCIS IGLESIENTE,Sardegna,20,SARDEGNA,Isole,0
119023,M278,Villaperuccio,Villaperuccio,VILLAPERUCCIO,Sulcis Iglesiente,CI,119,SULCIS IGLESIENTE,Sardegna,20,SARDEGNA,Isole,0
084001,A089,Agrigento,Agrigento,AGRIGENTO,Agrigento,AG,084,AGRIGENTO,Sicilia,19,SICILIA,Isole,1
084002,A181,Alessandria della Rocca,Alessandria della Rocca,ALESSANDRIA DELLA ROCCA,Agrigento,AG,084,AGRIGENTO,Sicilia,19,SICILIA,Isole,0
084003,A351,Aragona,Aragona,ARAGONA,Agrigento,AG,084,AGRIGENTO,Sicilia,19,SICILIA,Isole,0
084004,A896,Bivona,Bivona,BIVONA,Agrigento,AG,084,AGRIGENTO,Sicilia,19,SICILIA,Isole,0
084005,B275,Burgio,Burgio,BURGIO,Agrigento,AG,084,AGRIGENTO,Sicilia,19,SICILIA,Isole,0
084006,B377,Calamonaci,Calamonaci,CALAMONACI,Agrigento,AG,084,AGRIGENTO,Sicilia,19,SICILIA,Isole,0
084007,B427,Caltabellotta,Caltabellotta,CALTABELLOTTA,Agrigento,AG,084,AGRIGENTO,Sicilia,19,SICILIA,Isole,0
084008,B460,Camastra,Camastra,CAMASTRA,Agrigento,AG,084,AGRIGENTO,Sicilia,19,SICILIA,Isole,0
084009,B486,Cammarata,Cammarata,CAMMARATA,Agrigento,AG,084,AGRIGENTO,Sicilia,19,SICILIA,Isole,0
084010,B520,Campobello di Licata,Campobello di Licata,CAMPOBELLO DI LICATA,Agrigento,AG,084,AGRIGENTO,Sicilia,19,SICILIA,Isole,0
084011,B602,Canicattì,Canicattì,CANICATTI,Agrigento,AG,084,AGRIGENTO,Sicilia,19,SICILIA,Isole,0
084012,C275,Casteltermini,Casteltermini,CASTELTERMINI,Agrigento,AG,084,AGRIGENTO,Sicilia,19,SICILIA,Isole,0
084013,C341,Castrofilippo,Castrofilippo,CASTROFILIPPO,Agrigento,AG,084,AGRIGENTO,Sicilia,19,SICILIA,Isole,0
084014,C356,Cattolica Eraclea,Cattolica Eraclea,CATTOLICA ERACLEA,Agrigento,AG,084,AGRIGENTO,Sicilia,19,SICILIA,Isole,0
084015,C668,Cianciana,Cianciana,CIANCIANA,Agrigento,AG,084,AGRIGENTO,Sicilia,19,SICILIA,Isole,0
084016,C928,Comitini,Comitini,COMITINI,Agrigento,AG,084,AGRIGENTO,Sicilia,19,SICILIA,Isole,0
084017,D514,Favara,Favara,FAVARA,Agrigento,AG,084,AGRIGENTO,Sicilia,19,SICILIA,Isole,0
084018,E209,Grotte,Grotte,GROTTE,Agrigento,AG,084,AGRIGENTO,Sicilia,19,SICILIA,Isole,0
084019,E390,Joppolo Giancaxio,Joppolo Giancaxio,JOPPOLO GIANCAXIO,Agrigento,AG,084,AGRIGENTO,Sicilia,19,SICILIA,Isole,0
084020,E431,Lampedusa e Linosa,Lampedusa e Linosa,LAMPEDUSA E LINOSA,Agrigento,AG,084,AGRIGENTO,Sicilia,19,SICILIA,Isole,0
084021,E573,Licata,Licata,LICATA,Agrigento,AG,084,AGRIGENTO,Sicilia,19,SICILIA,Isole,0
084022,E714,Lucca Sicula,Lucca Sicula,LUCCA SICULA,Agrigento,AG,084,AGRIGENTO,Sicilia,19,SICILIA,Isole,0
084023,F126,Menfi,Menfi,MENFI,Agrigento,AG,084,AGRIGENTO,Sicilia,19,SICILIA,Isole,0
084024,F414,Montallegro,Montallegro,MONTALLEGRO,Agrigento,AG,084,AGRIGENTO,Sicilia,19,SICILIA,Isole,0
084025,F655,Montevago,Montevago,MONTEVAGO,Agrigento,AG,084,AGRIGENTO,Sicilia,19,SICILIA,Isole,0
084026,F845,Naro,Naro,NARO,Agrigento,AG,084,AGRIGENTO,Sicilia,19,SICILIA,Isole,0
084027,G282,Palma di Montechiaro,Palma di Montechiaro,PALMA DI MONTECHIARO,Agrigento,AG,084,AGRIGENTO,Sicilia,19,SICILIA,Isole,0
084028,F299,Porto Empedocle,Porto Empedocle,PORTO EMPEDOCLE,Agrigento,AG,084,AGRIGENTO,Sicilia,19,SICILIA,Isole,0
084029,H148,Racalmuto,Racalmuto,RACALMUTO,Agrigento,AG,084,AGRIGENTO,Sicilia,19,SICILIA,Isole,0
084030,H159,Raffadali,Raffadali,RAFFADALI,Agrigento,AG,084,AGRIGENTO,Sicilia,19,SICILIA,Isole,0
084031,H194,Ravanusa,Ravanusa,RAVANUSA,Agrigento,AG,084,AGRIGENTO,Sicilia,19,SICILIA,Isole,0
084032,H205,Realmonte,Realmonte,REALMONTE,Agrigento,AG,084,AGRIGENTO,Sicilia,19,SICILIA,Isole,0
084033,H269,Ribera,Ribera,RIBERA,Agrigento,AG,084,AGRIGENTO,Sicilia,19,SICILIA,Isole,0
084034,H743,Sambuca di Sicilia,Sambuca di Sicilia,SAMBUCA DI SICILIA,Agrigento,AG,084,AGRIGENTO,Sicilia,19,SICILIA,Isole,0
084035,H778,San Biagio Platani,San Biagio Platani,SAN BIAGIO PLATANI,Agrigento,AG,084,AGRIGENTO,Sicilia,19,SICILIA,Isole,0
084036,H914,San Giovanni Gemini,San Giovanni Gemini,SAN GIOVANNI GEMINI,Agrigento,AG,084,AGRIGENTO,Sicilia,19,SICILIA,Isole,0
084039,I290,Sant'Angelo Muxaro,Sant'Angelo Muxaro,SANT ANGELO MUXARO,Agrigento,AG,084,AGRIGENTO,Sicilia,19,SICILIA,Isole,0
084037,I185,Santa Elisabetta,Santa Elisabetta,SANTA ELISABETTA,Agrigento,AG,084,AGRIGENTO,Sicilia,19,SICILIA,Isole,0
084038,I224,Santa Margherita di Belice,Santa Margherita di Belice,SANTA MARGHERITA DI BELICE,Agrigento,AG,084,AGRIGENTO,Sicilia,19,SICILIA,Isole,0
084040,I356,Santo Stefano Quisquina,Santo Stefano Quisquina,SANTO STEFANO QUISQUINA,Agrigento,AG,084,AGRIGENTO,Sicilia,19,SICILIA,Isole,0
084041,I533,Sciacca,Sciacca,SCIACCA,Agrigento,AG,084,AGRIGENTO,Sicilia,19,SICILIA,Isole,0
084042,I723,Siculiana,Siculiana,SICULIANA,Agrigento,AG,084,AGRIGENTO,Sicilia,19,SICILIA,Isole,0
084043,L944,Villafranca Sicula,Villafranca Sicula,VILLAFRANCA SICULA,Agrigento,AG,084,AGRIGENTO,Sicilia,19,SICILIA,Isole,0
085001,A049,Acquaviva Platani,Acquaviva Platani,ACQUAVIVA PLATANI,Caltanissetta,CL,085,CALTANISSETTA,Sicilia,19,SICILIA,Isole,0
085002,A957,Bompensiere,Bompensiere,BOMPENSIERE,Caltanissetta,CL,085,CALTANISSETTA,Sicilia,19,SICILIA,Isole,0
085003,B302,Butera,Butera,BUTERA,Caltanissetta,CL,085,CALTANISSETTA,Sicilia,19,SICILIA,Isole,0
085004,B429,Caltanissetta,Caltanissetta,CALTANISSETTA,Caltanissetta,CL,085,CALTANISSETTA,Sicilia,19,SICILIA,Isole,1
085005,B537,Campofranco,Campofranco,CAMPOFRANCO,Caltanissetta,CL,085,CALTANISSETTA,Sicilia,19,SICILIA,Isole,0
085006,D267,Delia,Delia,DELIA,Caltanissetta,CL,085,CALTANISSETTA,Sicilia,19,SICILIA,Isole,0
085007,D960,Gela,Gela,GELA,Caltanissetta,CL,085,CALTANISSETTA,Sicilia,19,SICILIA,Isole,0
085008,E953,Marianopoli,Marianopoli,MARIANOPOLI,Caltanissetta,CL,085,CALTANISSETTA,Sicilia,19,SICILIA,Isole,0
085009,F065,Mazzarino,Mazzarino,MAZZARINO,Caltanissetta,CL,085,CALTANISSETTA,Sicilia,19,SICILIA,Isole,0
085010,E618,Milena,Milena,MILENA,Caltanissetta,CL,085,CALTANISSETTA,Sicilia,19,SICILIA,Isole,0
085011,F489,Montedoro,Montedoro,MONTEDORO,Caltanissetta,CL,085,CALTANISSETTA,Sicilia,19,SICILIA,Isole,0
085012,F830,Mussomeli,Mussomeli,MUSSOMELI,Caltanissetta,CL,085,CALTANISSETTA,Sicilia,19,SICILIA,Isole,0
085013,F899,Niscemi,Niscemi,NISCEMI,Caltanissetta,CL,085,CALTANISSETTA,Sicilia,19,SICILIA,Isole,0
085014,H245,Resuttano,Resuttano,RESUTTANO,Caltanissetta,CL,085,CALTANISSETTA,Sicilia,19,SICILIA,Isole,0
085015,H281,Riesi,Riesi,RIESI,Caltanissetta,CL,085,CALTANISSETTA,Sicilia,19,SICILIA,Isole,0
085016,H792,San Cataldo,San Cataldo,SAN CATALDO,Caltanissetta,CL,085,CALTANISSETTA,Sicilia,19,SICILIA,Isole,0
085017,I169,Santa Caterina Villarmosa,Santa Caterina Villarmosa,SANTA CATERINA VILLARMOSA,Caltanissetta,CL,085,CALTANISSETTA,Sicilia,19,SICILIA,Isole,0
085018,I644,Serradifalco,Serradifalco,SERRADIFALCO,Caltanissetta,CL,085,CALTANISSETTA,Sicilia,19,SICILIA,Isole,0
085019,I824,Sommatino,Sommatino,SOMMATINO,Caltanissetta,CL,085,CALTANISSETTA,Sicilia,19,SICILIA,Isole,0
085020,L016,Sutera,Sutera,SUTERA,Caltanissetta,CL,085,CALTANISSETTA,Sicilia,19,SICILIA,Isole,0
085021,L609,Vallelunga Pratameno,Vallelunga Pratameno,VALLELUNGA PRATAMENO,Caltanissetta,CL,085,CALTANISSETTA,Sicilia,19,SICILIA,Isole,0
085022,L959,Villalba,Villalba,VILLALBA,Caltanissetta,CL,085,CALTANISSETTA,Sicilia,19,SICILIA,Isole,0
087001,A025,Aci Bonaccorsi,Aci Bonaccorsi,ACI BONACCORSI,Catania,CT,287,CATANIA,Sicilia,19,SICILIA,Isole,0
087002,A026,Aci Castello,Aci Castello,ACI CASTELLO,Catania,CT,287,CATANIA,Sicilia,19,SICILIA,Isole,0
087003,A027,Aci Catena,Aci Catena,ACI CATENA,Catania,CT,287,CATANIA,Sicilia,19,SICILIA,Isole,0
087005,A029,Aci Sant'Antonio,Aci Sant'Antonio,ACI SANT ANTONIO,Catania,CT,287,CATANIA,Sicilia,19,SICILIA,Isole,0
087004,A028,Acireale,Acireale,ACIREALE,Catania,CT,287,CATANIA,Sicilia,19,SICILIA,Isole,0
087006,A056,Adrano,Adrano,ADRANO,Catania,CT,287,CATANIA,Sicilia,19,SICILIA,Isole,0
087007,A766,Belpasso,Belpasso,BELPASSO,Catania,CT,287,CATANIA,Sicilia,19,SICILIA,Isole,0
087008,A841,Biancavilla,Biancavilla,BIANCAVILLA,Catania,CT,287,CATANIA,Sicilia,19,SICILIA,Isole,0
087009,B202,Bronte,Bronte,BRONTE,Catania,CT,287,CATANIA,Sicilia,19,SICILIA,Isole,0
087010,B384,Calatabiano,Calatabiano,CALATABIANO,Catania,CT,287,CATANIA,Sicilia,19,SICILIA,Isole,0
087011,B428,Caltagirone,Caltagirone,CALTAGIRONE,Catania,CT,287,CATANIA,Sicilia,19,SICILIA,Isole,0
087012,B561,Camporotondo Etneo,Camporotondo Etneo,CAMPOROTONDO ETNEO,Catania,CT,287,CATANIA,Sicilia,19,SICILIA,Isole,0
087013,C091,Castel di Iudica,Castel di Iudica,CASTEL DI IUDICA,Catania,CT,287,CATANIA,Sicilia,19,SICILIA,Isole,0
087014,C297,Castiglione di Sicilia,Castiglione di Sicilia,CASTIGLIONE DI SICILIA,Catania,CT,287,CATANIA,Sicilia,19,SICILIA,Isole,0
087015,C351,Catania,Catania,CATANIA,Catania,CT,287,CATANIA,Sicilia,19,SICILIA,Isole,1
087016,D623,Fiumefreddo di Sicilia,Fiumefreddo di Sicilia,FIUMEFREDDO DI SICILIA,Catania,CT,287,CATANIA,Sicilia,19,SICILIA,Isole,0
087017,E017,Giarre,Giarre,GIARRE,Catania,CT,287,CATANIA,Sicilia,19,SICILIA,Isole,0
087018,E133,Grammichele,Grammichele,GRAMMICHELE,Catania,CT,287,CATANIA,Sicilia,19,SICILIA,Isole,0
087019,E156,Gravina di Catania,Gravina di Catania,GRAVINA DI CATANIA,Catania,CT,287,CATANIA,Sicilia,19,SICILIA,Isole,0
087020,E578,Licodia Eubea,Licodia Eubea,LICODIA EUBEA,Catania,CT,287,CATANIA,Sicilia,19,SICILIA,Isole,0
087021,E602,Linguaglossa,Linguaglossa,LINGUAGLOSSA,Catania,CT,287,CATANIA,Sicilia,19,SICILIA,Isole,0
087022,E854,Maletto,Maletto,MALETTO,Catania,CT,287,CATANIA,Sicilia,19,SICILIA,Isole,0
087057,M283,Maniace,Maniace,MANIACE,Catania,CT,287,CATANIA,Sicilia,19,SICILIA,Isole,0
087023,F004,Mascali,Mascali,MASCALI,Catania,CT,287,CATANIA,Sicilia,19,SICILIA,Isole,0
087024,F005,Mascalucia,Mascalucia,MASCALUCIA,Catania,CT,287,CATANIA,Sicilia,19,SICILIA,Isole,0
087056,M271,Mazzarrone,Mazzarrone,MAZZARRONE,Catania,CT,287,CATANIA,Sicilia,19,SICILIA,Isole,0
087025,F209,Militello in Val di Catania,Militello in Val di Catania,MILITELLO IN VAL DI CATANIA,Catania,CT,287,CATANIA,Sicilia,19,SICILIA,Isole,0
087026,F214,Milo,Milo,MILO,Catania,CT,287,CATANIA,Sicilia,19,SICILIA,Isole,0
087027,F217,Mineo,Mineo,MINEO,Catania,CT,287,CATANIA,Sicilia,19,SICILIA,Isole,0
087028,F231,Mirabella Imbaccari,Mirabella Imbaccari,MIRABELLA IMBACCARI,Catania,CT,287,CATANIA,Sicilia,19,SICILIA,Isole,0
087029,F250,Misterbianco,Misterbianco,MISTERBIANCO,Catania,CT,287,CATANIA,Sicilia,19,SICILIA,Isole,0
087030,F781,Motta Sant'Anastasia,Motta Sant'Anastasia,MOTTA SANT ANASTASIA,Catania,CT,287,CATANIA,Sicilia,19,SICILIA,Isole,0
087031,F890,Nicolosi,Nicolosi,NICOLOSI,Catania,CT,287,CATANIA,Sicilia,19,SICILIA,Isole,0
087032,G253,Palagonia,Palagonia,PALAGONIA,Catania,CT,287,CATANIA,Sicilia,19,SICILIA,Isole,0
087033,G371,Paternò,Paternò,PATERNO,Catania,CT,287,CATANIA,Sicilia,19,SICILIA,Isole,0
087034,G402,Pedara,Pedara,PEDARA,Catania,CT,287,CATANIA,Sicilia,19,SICILIA,Isole,0
087035,G597,Piedimonte Etneo,Piedimonte Etneo,PIEDIMONTE ETNEO,Catania,CT,287,CATANIA,Sicilia,19,SICILIA,Isole,0
087036,H154,Raddusa,Raddusa,RADDUSA,Catania,CT,287,CATANIA,Sicilia,19,SICILIA,Isole,0
087058,M287,Ragalna,Ragalna,RAGALNA,Catania,CT,287,CATANIA,Sicilia,19,SICILIA,Isole,0
087037,H168,Ramacca,Ramacca,RAMACCA,Catania,CT,287,CATANIA,Sicilia,19,SICILIA,Isole,0
087038,H175,Randazzo,Randazzo,RANDAZZO,Catania,CT,287,CATANIA,Sicilia,19,SICILIA,Isole,0
087039,H325,Riposto,Riposto,RIPOSTO,Catania,CT,287,CATANIA,Sicilia,19,SICILIA,Isole,0
087040,H805,San Cono,San Cono,SAN CONO,Catania,CT,287,CATANIA,Sicilia,19,SICILIA,Isole,0
087041,H922,San Giovanni la Punta,San Giovanni la Punta,SAN GIOVANNI LA PUNTA,Catania,CT,287,CATANIA,Sicilia,19,SICILIA,Isole,0
087042,H940,San Gregorio di Catania,San Gregorio di Catania,SAN GREGORIO DI CATANIA,Catania,CT,287,CATANIA,Sicilia,19,SICILIA,Isole,0
087043,I035,San Michele di Ganzaria,San Michele di Ganzaria,SAN MICHELE DI GANZARIA,Catania,CT,287,CATANIA,Sicilia,19,SICILIA,Isole,0
087044,I098,San Pietro Clarenza,San Pietro Clarenza,SAN PIETRO CLARENZA,Catania,CT,287,CATANIA,Sicilia,19,SICILIA,Isole,0
087045,I202,Sant'Agata li Battiati,Sant'Agata li Battiati,SANT AGATA LI BATTIATI,Catania,CT,287,CATANIA,Sicilia,19,SICILIA,Isole,0
087046,I216,Sant'Alfio,Sant'Alfio,SANT ALFIO,Catania,CT,287,CATANIA,Sicilia,19,SICILIA,Isole,0
087047,I240,Santa Maria di Licodia,Santa Maria di Licodia,SANTA MARIA DI LICODIA,Catania,CT,287,CATANIA,Sicilia,19,SICILIA,Isole,0
087048,I314,Santa Venerina,Santa Venerina,SANTA VENERINA,Catania,CT,287,CATANIA,Sicilia,19,SICILIA,Isole,0
087049,I548,Scordia,Scordia,SCORDIA,Catania,CT,287,CATANIA,Sicilia,19,SICILIA,Isole,0
087050,L355,Trecastagni,Trecastagni,TRECASTAGNI,Catania,CT,287,CATANIA,Sicilia,19,SICILIA,Isole,0
087051,L369,Tremestieri Etneo,Tremestieri Etneo,TREMESTIERI ETNEO,Catania,CT,287,CATANIA,Sicilia,19,SICILIA,Isole,0
087052,L658,Valverde,Valverde,VALVERDE,Catania,CT,287,CATANIA,Sicilia,19,SICILIA,Isole,0
087053,L828,Viagrande,Viagrande,VIAGRANDE,Catania,CT,287,CATANIA,Sicilia,19,SICILIA,Isole,0
087054,M100,Vizzini,Vizzini,VIZZINI,Catania,CT,287,CATANIA,Sicilia,19,SICILIA,Isole,0
087055,M139,Zafferana Etnea,Zafferana Etnea,ZAFFERANA ETNEA,Catania,CT,287,CATANIA,Sicilia,19,SICILIA,Isole,0
086001,A070,Agira,Agira,AGIRA,Enna,EN,086,ENNA,Sicilia,19,SICILIA,Isole,0
086002,A098,Aidone,Aidone,AIDONE,Enna,EN,086,ENNA,Sicilia,19,SICILIA,Isole,0
086003,A478,Assoro,Assoro,ASSORO,Enna,EN,086,ENNA,Sicilia,19,SICILIA,Isole,0
086004,A676,Barrafranca,Barrafranca,BARRAFRANCA,Enna,EN,086,ENNA,Sicilia,19,SICILIA,Isole,0
086005,B381,Calascibetta,Calascibetta,CALASCIBETTA,Enna,EN,086,ENNA,Sicilia,19,SICILIA,Isole,0
086006,C353,Catenanuova,Catenanuova,CATENANUOVA,Enna,EN,086,ENNA,Sicilia,19,SICILIA,Isole,0
086007,C471,Centuripe,Centuripe,CENTURIPE,Enna,EN,086,ENNA,Sicilia,19,SICILIA,Isole,0
086008,C480,Cerami,Cerami,CERAMI,Enna,EN,086,ENNA,Sicilia,19,SICILIA,Isole,0
086009,C342,Enna,Enna,ENNA,Enna,EN,086,ENNA,Sicilia,19,SICILIA,Isole,1
086010,D849,Gagliano Castelferrato,Gagliano Castelferrato,GAGLIANO CASTELFERRATO,Enna,EN,086,ENNA,Sicilia,19,SICILIA,Isole,0
086011,E536,Leonforte,Leonforte,LEONFORTE,Enna,EN,086,ENNA,Sicilia,19,SICILIA,Isole,0
086012,F892,Nicosia,Nicosia,NICOSIA,Enna,EN,086,ENNA,Sicilia,19,SICILIA,Isole,0
086013,F900,Nissoria,Nissoria,NISSORIA,Enna,EN,086,ENNA,Sicilia,19,SICILIA,Isole,0
086014,G580,Piazza Armerina,Piazza Armerina,PIAZZA ARMERINA,Enna,EN,086,ENNA,Sicilia,19,SICILIA,Isole,0
086015,G624,Pietraperzia,Pietraperzia,PIETRAPERZIA,Enna,EN,086,ENNA,Sicilia,19,SICILIA,Isole,0
086016,H221,Regalbuto,Regalbuto,REGALBUTO,Enna,EN,086,ENNA,Sicilia,19,SICILIA,Isole,0
086017,I891,Sperlinga,Sperlinga,SPERLINGA,Enna,EN,086,ENNA,Sicilia,19,SICILIA,Isole,0
086018,L448,Troina,Troina,TROINA,Enna,EN,086,ENNA,Sicilia,19,SICILIA,Isole,0
086019,L583,Valguarnera Caropepe,Valguarnera Caropepe,VALGUARNERA CAROPEPE,Enna,EN,086,ENNA,Sicilia,19,SICILIA,Isole,0
086020,M011,Villarosa,Villarosa,VILLAROSA,Enna,EN,086,ENNA,Sicilia,19,SICILIA,Isole,0
083107,M211,Acquedolci,Acquedolci,ACQUEDOLCI,Messina,ME,283,MESSINA,Sicilia,19,SICILIA,Isole,0
083001,A177,Alcara li Fusi,Alcara li Fusi,ALCARA LI FUSI,Messina,ME,283,MESSINA,Sicilia,19,SICILIA,Isole,0
083002,A194,Alì,Alì,ALI,Messina,ME,283,MESSINA,Sicilia,19,SICILIA,Isole,0
083003,A201,Alì Terme,Alì Terme,ALI TERME,Messina,ME,283,MESSINA,Sicilia,19,SICILIA,Isole,0
083004,A313,Antillo,Antillo,ANTILLO,Messina,ME,283,MESSINA,Sicilia,19,SICILIA,Isole,0
083005,A638,Barcellona Pozzo di Gotto,Barcellona Pozzo di Gotto,BARCELLONA POZZO DI GOTTO,Messina,ME,283,MESSINA,Sicilia,19,SICILIA,Isole,0
083006,A698,Basicò,Basicò,BASICO,Messina,ME,283,MESSINA,Sicilia,19,SICILIA,Isole,0
083007,B198,Brolo,Brolo,BROLO,Messina,ME,283,MESSINA,Sicilia,19,SICILIA,Isole,0
083008,B660,Capizzi,Capizzi,CAPIZZI,Messina,ME,283,MESSINA,Sicilia,19,SICILIA,Isole,0
083009,B666,Capo d'Orlando,Capo d'Orlando,CAPO D ORLANDO,Messina,ME,283,MESSINA,Sicilia,19,SICILIA,Isole,0
083010,B695,Capri Leone,Capri Leone,CAPRI LEONE,Messina,ME,283,MESSINA,Sicilia,19,SICILIA,Isole,0
083011,B804,Caronia,Caronia,CARONIA,Messina,ME,283,MESSINA,Sicilia,19,SICILIA,Isole,0
083012,B918,Casalvecchio Siculo,Casalvecchio Siculo,CASALVECCHIO SICULO,Messina,ME,283,MESSINA,Sicilia,19,SICILIA,Isole,0
083013,C094,Castel di Lucio,Castel di Lucio,CASTEL DI LUCIO,Messina,ME,283,MESSINA,Sicilia,19,SICILIA,Isole,0
083014,C051,Castell'Umberto,Castell'Umberto,CASTELL UMBERTO,Messina,ME,283,MESSINA,Sicilia,19,SICILIA,Isole,0
083015,C210,Castelmola,Castelmola,CASTELMOLA,Messina,ME,283,MESSINA,Sicilia,19,SICILIA,Isole,0
083016,C347,Castroreale,Castroreale,CASTROREALE,Messina,ME,283,MESSINA,Sicilia,19,SICILIA,Isole,0
083017,C568,Cesarò,Cesarò,CESARO,Messina,ME,283,MESSINA,Sicilia,19,SICILIA,Isole,0
083018,C956,Condrò,Condrò,CONDRO,Messina,ME,283,MESSINA,Sicilia,19,SICILIA,Isole,0
083019,D474,Falcone,Falcone,FALCONE,Messina,ME,283,MESSINA,Sicilia,19,SICILIA,Isole,0
083020,D569,Ficarra,Ficarra,FICARRA,Messina,ME,283,MESSINA,Sicilia,19,SICILIA,Isole,0
083021,D622,Fiumedinisi,Fiumedinisi,FIUMEDINISI,Messina,ME,283,MESSINA,Sicilia,19,SICILIA,Isole,0
083022,D635,Floresta,Floresta,FLORESTA,Messina,ME,283,MESSINA,Sicilia,19,SICILIA,Isole,0
083023,D661,Fondachelli-Fantina,Fondachelli-Fantina,FONDACHELLI FANTINA,Messina,ME,283,MESSINA,Sicilia,19,SICILIA,Isole,0
083024,D733,Forza d'Agrò,Forza d'Agrò,FORZA D AGRO,Messina,ME,283,MESSINA,Sicilia,19,SICILIA,Isole,0
083025,D765,Francavilla di Sicilia,Francavilla di Sicilia,FRANCAVILLA DI SICILIA,Messina,ME,283,MESSINA,Sicilia,19,SICILIA,Isole,0
083026,D793,Frazzanò,Frazzanò,FRAZZANO,Messina,ME,283,MESSINA,Sicilia,19,SICILIA,Isole,0
083027,D824,Furci Siculo,Furci Siculo,FURCI SICULO,Messina,ME,283,MESSINA,Sicilia,19,SICILIA,Isole,0
083028,D825,Furnari,Furnari,FURNARI,Messina,ME,283,MESSINA,Sicilia,19,SICILIA,Isole,0
083029,D844,Gaggi,Gaggi,GAGGI,Messina,ME,283,MESSINA,Sicilia,19,SICILIA,Isole,0
083030,D861,Galati Mamertino,Galati Mamertino,GALATI MAMERTINO,Messina,ME,283,MESSINA,Sicilia,19,SICILIA,Isole,0
083031,D885,Gallodoro,Gallodoro,GALLODORO,Messina,ME,283,MESSINA,Sicilia,19,SICILIA,Isole,0
083032,E014,Giardini-Naxos,Giardini-Naxos,GIARDINI NAXOS,Messina,ME,283,MESSINA,Sicilia,19,SICILIA,Isole,0
083033,E043,Gioiosa Marea,Gioiosa Marea,GIOIOSA MAREA,Messina,ME,283,MESSINA,Sicilia,19,SICILIA,Isole,0
083034,E142,Graniti,Graniti,GRANITI,Messina,ME,283,MESSINA,Sicilia,19,SICILIA,Isole,0
083035,E233,Gualtieri Sicaminò,Gualtieri Sicaminò,GUALTIERI SICAMINO,Messina,ME,283,MESSINA,Sicilia,19,SICILIA,Isole,0
083036,E374,Itala,Itala,ITALA,Messina,ME,283,MESSINA,Sicilia,19,SICILIA,Isole,0
083037,E523,Leni,Leni,LENI,Messina,ME,283,MESSINA,Sicilia,19,SICILIA,Isole,0
083038,E555,Letojanni,Letojanni,LETOJANNI,Messina,ME,283,MESSINA,Sicilia,19,SICILIA,Isole,0
083039,E571,Librizzi,Librizzi,LIBRIZZI,Messina,ME,283,MESSINA,Sicilia,19,SICILIA,Isole,0
083040,E594,Limina,Limina,LIMINA,Messina,ME,283,MESSINA,Sicilia,19,SICILIA,Isole,0
083041,E606,Lipari,Lipari,LIPARI,Messina,ME,283,MESSINA,Sicilia,19,SICILIA,Isole,0
083042,E674,Longi,Longi,LONGI,Messina,ME,283,MESSINA,Sicilia,19,SICILIA,Isole,0
083043,E855,Malfa,Malfa,MALFA,Messina,ME,283,MESSINA,Sicilia,19,SICILIA,Isole,0
083044,E869,Malvagna,Malvagna,MALVAGNA,Messina,ME,283,MESSINA,Sicilia,19,SICILIA,Isole,0
083045,E876,Mandanici,Mandanici,MANDANICI,Messina,ME,283,MESSINA,Sicilia,19,SICILIA,Isole,0
083046,F066,Mazzarrà Sant'Andrea,Mazzarrà Sant'Andrea,MAZZARRA SANT ANDREA,Messina,ME,283,MESSINA,Sicilia,19,SICILIA,Isole,0
083047,F147,Merì,Merì,MERI,Messina,ME,283,MESSINA,Sicilia,19,SICILIA,Isole,0
083048,F158,Messina,Messina,MESSINA,Messina,ME,283,MESSINA,Sicilia,19,SICILIA,Isole,1
083049,F206,Milazzo,Milazzo,MILAZZO,Messina,ME,283,MESSINA,Sicilia,19,SICILIA,Isole,0
083050,F210,Militello Rosmarino,Militello Rosmarino,MILITELLO ROSMARINO,Messina,ME,283,MESSINA,Sicilia,19,SICILIA,Isole,0
083051,F242,Mirto,Mirto,MIRTO,Messina,ME,283,MESSINA,Sicilia,19,SICILIA,Isole,0
083052,F251,Mistretta,Mistretta,MISTRETTA,Messina,ME,283,MESSINA,Sicilia,19,SICILIA,Isole,0
083053,F277,Moio Alcantara,Moio Alcantara,MOIO ALCANTARA,Messina,ME,283,MESSINA,Sicilia,19,SICILIA,Isole,0
083054,F359,Monforte San Giorgio,Monforte San Giorgio,MONFORTE SAN GIORGIO,Messina,ME,283,MESSINA,Sicilia,19,SICILIA,Isole,0
083055,F368,Mongiuffi Melia,Mongiuffi Melia,MONGIUFFI MELIA,Messina,ME,283,MESSINA,Sicilia,19,SICILIA,Isole,0
083056,F395,Montagnareale,Montagnareale,MONTAGNAREALE,Messina,ME,283,MESSINA,Sicilia,19,SICILIA,Isole,0
083057,F400,Montalbano Elicona,Montalbano Elicona,MONTALBANO ELICONA,Messina,ME,283,MESSINA,Sicilia,19,SICILIA,Isole,0
083058,F772,Motta Camastra,Motta Camastra,MOTTA CAMASTRA,Messina,ME,283,MESSINA,Sicilia,19,SICILIA,Isole,0
083059,F773,Motta d'Affermo,Motta d'Affermo,MOTTA D AFFERMO,Messina,ME,283,MESSINA,Sicilia,19,SICILIA,Isole,0
083060,F848,Naso,Naso,NASO,Messina,ME,283,MESSINA,Sicilia,19,SICILIA,Isole,0
083061,F901,Nizza di Sicilia,Nizza di Sicilia,NIZZA DI SICILIA,Messina,ME,283,MESSINA,Sicilia,19,SICILIA,Isole,0
083062,F951,Novara di Sicilia,Novara di Sicilia,NOVARA DI SICILIA,Messina,ME,283,MESSINA,Sicilia,19,SICILIA,Isole,0
083063,G036,Oliveri,Oliveri,OLIVERI,Messina,ME,283,MESSINA,Sicilia,19,SICILIA,Isole,0
083064,G209,Pace del Mela,Pace del Mela,PACE DEL MELA,Messina,ME,283,MESSINA,Sicilia,19,SICILIA,Isole,0
083065,G234,Pagliara,Pagliara,PAGLIARA,Messina,ME,283,MESSINA,Sicilia,19,SICILIA,Isole,0
083066,G377,Patti,Patti,PATTI,Messina,ME,283,MESSINA,Sicilia,19,SICILIA,Isole,0
083067,G522,Pettineo,Pettineo,PETTINEO,Messina,ME,283,MESSINA,Sicilia,19,SICILIA,Isole,0
083068,G699,Piraino,Piraino,PIRAINO,Messina,ME,283,MESSINA,Sicilia,19,SICILIA,Isole,0
083069,H151,Raccuja,Raccuja,RACCUJA,Messina,ME,283,MESSINA,Sicilia,19,SICILIA,Isole,0
083070,H228,Reitano,Reitano,REITANO,Messina,ME,283,MESSINA,Sicilia,19,SICILIA,Isole,0
083071,H405,Roccafiorita,Roccafiorita,ROCCAFIORITA,Messina,ME,283,MESSINA,Sicilia,19,SICILIA,Isole,0
083072,H418,Roccalumera,Roccalumera,ROCCALUMERA,Messina,ME,283,MESSINA,Sicilia,19,SICILIA,Isole,0
083073,H380,Roccavaldina,Roccavaldina,ROCCAVALDINA,Messina,ME,283,MESSINA,Sicilia,19,SICILIA,Isole,0
083074,H455,Roccella Valdemone,Roccella Valdemone,ROCCELLA VALDEMONE,Messina,ME,283,MESSINA,Sicilia,19,SICILIA,Isole,0
083075,H479,Rodì Milici,Rodì Milici,RODI MILICI,Messina,ME,283,MESSINA,Sicilia,19,SICILIA,Isole,0
083076,H519,Rometta,Rometta,ROMETTA,Messina,ME,283,MESSINA,Sicilia,19,SICILIA,Isole,0
083077,H842,San Filippo del Mela,San Filippo del Mela,SAN FILIPPO DEL MELA,Messina,ME,283,MESSINA,Sicilia,19,SICILIA,Isole,0
083078,H850,San Fratello,San Fratello,SAN FRATELLO,Messina,ME,283,MESSINA,Sicilia,19,SICILIA,Isole,0
083079,H982,San Marco d'Alunzio,San Marco d'Alunzio,SAN MARCO D ALUNZIO,Messina,ME,283,MESSINA,Sicilia,19,SICILIA,Isole,0
083080,I084,San Pier Niceto,San Pier Niceto,SAN PIER NICETO,Messina,ME,283,MESSINA,Sicilia,19,SICILIA,Isole,0
083081,I086,San Piero Patti,San Piero Patti,SAN PIERO PATTI,Messina,ME,283,MESSINA,Sicilia,19,SICILIA,Isole,0
083082,I147,San Salvatore di Fitalia,San Salvatore di Fitalia,SAN SALVATORE DI FITALIA,Messina,ME,283,MESSINA,Sicilia,19,SICILIA,Isole,0
083090,I328,San Teodoro,San Teodoro,SAN TEODORO,Messina,ME,283,MESSINA,Sicilia,19,SICILIA,Isole,0
083084,I199,Sant'Agata di Militello,Sant'Agata di Militello,SANT AGATA DI MILITELLO,Messina,ME,283,MESSINA,Sicilia,19,SICILIA,Isole,0
083085,I215,Sant'Alessio Siculo,Sant'Alessio Siculo,SANT ALESSIO SICULO,Messina,ME,283,MESSINA,Sicilia,19,SICILIA,Isole,0
083088,I283,Sant'Angelo di Brolo,Sant'Angelo di Brolo,SANT ANGELO DI BROLO,Messina,ME,283,MESSINA,Sicilia,19,SICILIA,Isole,0
083083,I184,Santa Domenica Vittoria,Santa Domenica Vittoria,SANTA DOMENICA VITTORIA,Messina,ME,283,MESSINA,Sicilia,19,SICILIA,Isole,0
083086,I220,Santa Lucia del Mela,Santa Lucia del Mela,SANTA LUCIA DEL MELA,Messina,ME,283,MESSINA,Sicilia,19,SICILIA,Isole,0
083087,I254,Santa Marina Salina,Santa Marina Salina,SANTA MARINA SALINA,Messina,ME,283,MESSINA,Sicilia,19,SICILIA,Isole,0
083089,I311,Santa Teresa di Riva,Santa Teresa di Riva,SANTA TERESA DI RIVA,Messina,ME,283,MESSINA,Sicilia,19,SICILIA,Isole,0
083091,I370,Santo Stefano di Camastra,Santo Stefano di Camastra,SANTO STEFANO DI CAMASTRA,Messina,ME,283,MESSINA,Sicilia,19,SICILIA,Isole,0
083092,I420,Saponara,Saponara,SAPONARA,Messina,ME,283,MESSINA,Sicilia,19,SICILIA,Isole,0
083093,I477,Savoca,Savoca,SAVOCA,Messina,ME,283,MESSINA,Sicilia,19,SICILIA,Isole,0
083094,I492,Scaletta Zanclea,Scaletta Zanclea,SCALETTA ZANCLEA,Messina,ME,283,MESSINA,Sicilia,19,SICILIA,Isole,0
083095,I747,Sinagra,Sinagra,SINAGRA,Messina,ME,283,MESSINA,Sicilia,19,SICILIA,Isole,0
083096,I881,Spadafora,Spadafora,SPADAFORA,Messina,ME,283,MESSINA,Sicilia,19,SICILIA,Isole,0
083097,L042,Taormina,Taormina,TAORMINA,Messina,ME,283,MESSINA,Sicilia,19,SICILIA,Isole,0
083106,M210,Terme Vigliatore,Terme Vigliatore,TERME VIGLIATORE,Messina,ME,283,MESSINA,Sicilia,19,SICILIA,Isole,0
083098,L271,Torregrotta,Torregrotta,TORREGROTTA,Messina,ME,283,MESSINA,Sicilia,19,SICILIA,Isole,0
083108,M286,Torrenova,Torrenova,TORRENOVA,Messina,ME,283,MESSINA,Sicilia,19,SICILIA,Isole,0
083099,L308,Tortorici,Tortorici,TORTORICI,Messina,ME,283,MESSINA,Sicilia,19,SICILIA,Isole,0
083100,L431,Tripi - Abakainon,Tripi - Abakainon,TRIPI ABAKAINON,Messina,ME,283,MESSINA,Sicilia,19,SICILIA,Isole,0
083101,L478,Tusa,Tusa,TUSA,Messina,ME,283,MESSINA,Sicilia,19,SICILIA,Isole,0
083102,L482,Ucria,Ucria,UCRIA,Messina,ME,283,MESSINA,Sicilia,19,SICILIA,Isole,0
083103,L561,Valdina,Valdina,VALDINA,Messina,ME,283,MESSINA,Sicilia,19,SICILIA,Isole,0
083104,L735,Venetico,Venetico,VENETICO,Messina,ME,283,MESSINA,Sicilia,19,SICILIA,Isole,0
083105,L950,Villafranca Tirrena,Villafranca Tirrena,VILLAFRANCA TIRRENA,Messina,ME,283,MESSINA,Sicilia,19,SICILIA,Isole,0
082001,A195,Alia,Alia,ALIA,Palermo,PA,282,PALERMO,Sicilia,19,SICILIA,Isole,0
082002,A202,Alimena,Alimena,ALIMENA,Palermo,PA,282,PALERMO,Sicilia,19,SICILIA,Isole,0
082003,A203,Aliminusa,Aliminusa,ALIMINUSA,Palermo,PA,282,PALERMO,Sicilia,19,SICILIA,Isole,0
082004,A229,Altavilla Milicia,Altavilla Milicia,ALTAVILLA MILICIA,Palermo,PA,282,PALERMO,Sicilia,19,SICILIA,Isole,0
082005,A239,Altofonte,Altofonte,ALTOFONTE,Palermo,PA,282,PALERMO,Sicilia,19,SICILIA,Isole,0
082006,A546,Bagheria,Bagheria,BAGHERIA,Palermo,PA,282,PALERMO,Sicilia,19,SICILIA,Isole,0
082007,A592,Balestrate,Balestrate,BALESTRATE,Palermo,PA,282,PALERMO,Sicilia,19,SICILIA,Isole,0
082008,A719,Baucina,Baucina,BAUCINA,Palermo,PA,282,PALERMO,Sicilia,19,SICILIA,Isole,0
082009,A764,Belmonte Mezzagno,Belmonte Mezzagno,BELMONTE MEZZAGNO,Palermo,PA,282,PALERMO,Sicilia,19,SICILIA,Isole,0
082010,A882,Bisacquino,Bisacquino,BISACQUINO,Palermo,PA,282,PALERMO,Sicilia,19,SICILIA,Isole,0
082082,M268,Blufi,Blufi,BLUFI,Palermo,PA,282,PALERMO,Sicilia,19,SICILIA,Isole,0
082011,A946,Bolognetta,Bolognetta,BOLOGNETTA,Palermo,PA,282,PALERMO,Sicilia,19,SICILIA,Isole,0
082012,A958,Bompietro,Bompietro,BOMPIETRO,Palermo,PA,282,PALERMO,Sicilia,19,SICILIA,Isole,0
082013,A991,Borgetto,Borgetto,BORGETTO,Palermo,PA,282,PALERMO,Sicilia,19,SICILIA,Isole,0
082014,B315,Caccamo,Caccamo,CACCAMO,Palermo,PA,282,PALERMO,Sicilia,19,SICILIA,Isole,0
082015,B430,Caltavuturo,Caltavuturo,CALTAVUTURO,Palermo,PA,282,PALERMO,Sicilia,19,SICILIA,Isole,0
082016,B533,Campofelice di Fitalia,Campofelice di Fitalia,CAMPOFELICE DI FITALIA,Palermo,PA,282,PALERMO,Sicilia,19,SICILIA,Isole,0
082017,B532,Campofelice di Roccella,Campofelice di Roccella,CAMPOFELICE DI ROCCELLA,Palermo,PA,282,PALERMO,Sicilia,19,SICILIA,Isole,0
082018,B535,Campofiorito,Campofiorito,CAMPOFIORITO,Palermo,PA,282,PALERMO,Sicilia,19,SICILIA,Isole,0
082019,B556,Camporeale,Camporeale,CAMPOREALE,Palermo,PA,282,PALERMO,Sicilia,19,SICILIA,Isole,0
082020,B645,Capaci,Capaci,CAPACI,Palermo,PA,282,PALERMO,Sicilia,19,SICILIA,Isole,0
082021,B780,Carini,Carini,CARINI,Palermo,PA,282,PALERMO,Sicilia,19,SICILIA,Isole,0
082022,C067,Castelbuono,Castelbuono,CASTELBUONO,Palermo,PA,282,PALERMO,Sicilia,19,SICILIA,Isole,0
082023,C074,Casteldaccia,Casteldaccia,CASTELDACCIA,Palermo,PA,282,PALERMO,Sicilia,19,SICILIA,Isole,0
082024,C135,Castellana Sicula,Castellana Sicula,CASTELLANA SICULA,Palermo,PA,282,PALERMO,Sicilia,19,SICILIA,Isole,0
082025,C344,Castronovo di Sicilia,Castronovo di Sicilia,CASTRONOVO DI SICILIA,Palermo,PA,282,PALERMO,Sicilia,19,SICILIA,Isole,0
082026,C420,Cefalà Diana,Cefalà Diana,CEFALA DIANA,Palermo,PA,282,PALERMO,Sicilia,19,SICILIA,Isole,0
082027,C421,Cefalù,Cefalù,CEFALU,Palermo,PA,282,PALERMO,Sicilia,19,SICILIA,Isole,0
082028,C496,Cerda,Cerda,CERDA,Palermo,PA,282,PALERMO,Sicilia,19,SICILIA,Isole,0
082029,C654,Chiusa Sclafani,Chiusa Sclafani,CHIUSA SCLAFANI,Palermo,PA,282,PALERMO,Sicilia,19,SICILIA,Isole,0
082030,C696,Ciminna,Ciminna,CIMINNA,Palermo,PA,282,PALERMO,Sicilia,19,SICILIA,Isole,0
082031,C708,Cinisi,Cinisi,CINISI,Palermo,PA,282,PALERMO,Sicilia,19,SICILIA,Isole,0
082032,C871,Collesano,Collesano,COLLESANO,Palermo,PA,282,PALERMO,Sicilia,19,SICILIA,Isole,0
082033,C968,Contessa Entellina,Contessa Entellina,CONTESSA ENTELLINA,Palermo,PA,282,PALERMO,Sicilia,19,SICILIA,Isole,0
082034,D009,Corleone,Corleone,CORLEONE,Palermo,PA,282,PALERMO,Sicilia,19,SICILIA,Isole,0
082035,D567,Ficarazzi,Ficarazzi,FICARAZZI,Palermo,PA,282,PALERMO,Sicilia,19,SICILIA,Isole,0
082036,D907,Gangi,Gangi,GANGI,Palermo,PA,282,PALERMO,Sicilia,19,SICILIA,Isole,0
082037,D977,Geraci Siculo,Geraci Siculo,GERACI SICULO,Palermo,PA,282,PALERMO,Sicilia,19,SICILIA,Isole,0
082038,E013,Giardinello,Giardinello,GIARDINELLO,Palermo,PA,282,PALERMO,Sicilia,19,SICILIA,Isole,0
082039,E055,Giuliana,Giuliana,GIULIANA,Palermo,PA,282,PALERMO,Sicilia,19,SICILIA,Isole,0
082040,E074,Godrano,Godrano,GODRANO,Palermo,PA,282,PALERMO,Sicilia,19,SICILIA,Isole,0
082041,E149,Gratteri,Gratteri,GRATTERI,Palermo,PA,282,PALERMO,Sicilia,19,SICILIA,Isole,0
082042,E337,Isnello,Isnello,ISNELLO,Palermo,PA,282,PALERMO,Sicilia,19,SICILIA,Isole,0
082043,E350,Isola delle Femmine,Isola delle Femmine,ISOLA DELLE FEMMINE,Palermo,PA,282,PALERMO,Sicilia,19,SICILIA,Isole,0
082044,E459,Lascari,Lascari,LASCARI,Palermo,PA,282,PALERMO,Sicilia,19,SICILIA,Isole,0
082045,E541,Lercara Friddi,Lercara Friddi,LERCARA FRIDDI,Palermo,PA,282,PALERMO,Sicilia,19,SICILIA,Isole,0
082046,E957,Marineo,Marineo,MARINEO,Palermo,PA,282,PALERMO,Sicilia,19,SICILIA,Isole,0
082047,F184,Mezzojuso,Mezzojuso,MEZZOJUSO,Palermo,PA,282,PALERMO,Sicilia,19,SICILIA,Isole,0
082048,F246,Misilmeri,Misilmeri,MISILMERI,Palermo,PA,282,PALERMO,Sicilia,19,SICILIA,Isole,0
082049,F377,Monreale,Monreale,MONREALE,Palermo,PA,282,PALERMO,Sicilia,19,SICILIA,Isole,0
082050,F544,Montelepre,Montelepre,MONTELEPRE,Palermo,PA,282,PALERMO,Sicilia,19,SICILIA,Isole,0
082051,F553,Montemaggiore Belsito,Montemaggiore Belsito,MONTEMAGGIORE BELSITO,Palermo,PA,282,PALERMO,Sicilia,19,SICILIA,Isole,0
082052,G263,Palazzo Adriano,Palazzo Adriano,PALAZZO ADRIANO,Palermo,PA,282,PALERMO,Sicilia,19,SICILIA,Isole,0
082053,G273,Palermo,Palermo,PALERMO,Palermo,PA,282,PALERMO,Sicilia,19,SICILIA,Isole,1
082054,G348,Partinico,Partinico,PARTINICO,Palermo,PA,282,PALERMO,Sicilia,19,SICILIA,Isole,0
082055,G510,Petralia Soprana,Petralia Soprana,PETRALIA SOPRANA,Palermo,PA,282,PALERMO,Sicilia,19,SICILIA,Isole,0
082056,G511,Petralia Sottana,Petralia Sottana,PETRALIA SOTTANA,Palermo,PA,282,PALERMO,Sicilia,19,SICILIA,Isole,0
082057,G543,Piana degli Albanesi,Piana degli Albanesi,PIANA DEGLI ALBANESI,Palermo,PA,282,PALERMO,Sicilia,19,SICILIA,Isole,0
082058,G792,Polizzi Generosa,Polizzi Generosa,POLIZZI GENEROSA,Palermo,PA,282,PALERMO,Sicilia,19,SICILIA,Isole,0
082059,G797,Pollina,Pollina,POLLINA,Palermo,PA,282,PALERMO,Sicilia,19,SICILIA,Isole,0
082060,H070,Prizzi,Prizzi,PRIZZI,Palermo,PA,282,PALERMO,Sicilia,19,SICILIA,Isole,0
082061,H422,Roccamena,Roccamena,ROCCAMENA,Palermo,PA,282,PALERMO,Sicilia,19,SICILIA,Isole,0
082062,H428,Roccapalumba,Roccapalumba,ROCCAPALUMBA,Palermo,PA,282,PALERMO,Sicilia,19,SICILIA,Isole,0
082063,H797,San Cipirello,San Cipirello,SAN CIPIRELLO,Palermo,PA,282,PALERMO,Sicilia,19,SICILIA,Isole,0
082064,H933,San Giuseppe Jato,San Giuseppe Jato,SAN GIUSEPPE JATO,Palermo,PA,282,PALERMO,Sicilia,19,SICILIA,Isole,0
082065,I028,San Mauro Castelverde,San Mauro Castelverde,SAN MAURO CASTELVERDE,Palermo,PA,282,PALERMO,Sicilia,19,SICILIA,Isole,0
082066,I174,Santa Cristina Gela,Santa Cristina Gela,SANTA CRISTINA GELA,Palermo,PA,282,PALERMO,Sicilia,19,SICILIA,Isole,0
082067,I188,Santa Flavia,Santa Flavia,SANTA FLAVIA,Palermo,PA,282,PALERMO,Sicilia,19,SICILIA,Isole,0
082068,I534,Sciara,Sciara,SCIARA,Palermo,PA,282,PALERMO,Sicilia,19,SICILIA,Isole,0
082081,I538,Scillato,Scillato,SCILLATO,Palermo,PA,282,PALERMO,Sicilia,19,SICILIA,Isole,0
082069,I541,Sclafani Bagni,Sclafani Bagni,SCLAFANI BAGNI,Palermo,PA,282,PALERMO,Sicilia,19,SICILIA,Isole,0
082070,L112,Termini Imerese,Termini Imerese,TERMINI IMERESE,Palermo,PA,282,PALERMO,Sicilia,19,SICILIA,Isole,0
082071,L131,Terrasini,Terrasini,TERRASINI,Palermo,PA,282,PALERMO,Sicilia,19,SICILIA,Isole,0
082072,L282,Torretta,Torretta,TORRETTA,Palermo,PA,282,PALERMO,Sicilia,19,SICILIA,Isole,0
082073,L317,Trabia,Trabia,TRABIA,Palermo,PA,282,PALERMO,Sicilia,19,SICILIA,Isole,0
082074,L332,Trappeto,Trappeto,TRAPPETO,Palermo,PA,282,PALERMO,Sicilia,19,SICILIA,Isole,0
082075,L519,Ustica,Ustica,USTICA,Palermo,PA,282,PALERMO,Sicilia,19,SICILIA,Isole,0
082076,L603,Valledolmo,Valledolmo,VALLEDOLMO,Palermo,PA,282,PALERMO,Sicilia,19,SICILIA,Isole,0
082077,L740,Ventimiglia di Sicilia,Ventimiglia di Sicilia,VENTIMIGLIA DI SICILIA,Palermo,PA,282,PALERMO,Sicilia,19,SICILIA,Isole,0
082078,L837,Vicari,Vicari,VICARI,Palermo,PA,282,PALERMO,Sicilia,19,SICILIA,Isole,0
082079,L916,Villabate,Villabate,VILLABATE,Palermo,PA,282,PALERMO,Sicilia,19,SICILIA,Isole,0
082080,L951,Villafrati,Villafrati,VILLAFRATI,Palermo,PA,282,PALERMO,Sicilia,19,SICILIA,Isole,0
088001,A014,Acate,Acate,ACATE,Ragusa,RG,088,RAGUSA,Sicilia,19,SICILIA,Isole,0
088002,C612,Chiaramonte Gulfi,Chiaramonte Gulfi,CHIARAMONTE GULFI,Ragusa,RG,088,RAGUSA,Sicilia,19,SICILIA,Isole,0
088003,C927,Comiso,Comiso,COMISO,Ragusa,RG,088,RAGUSA,Sicilia,19,SICILIA,Isole,0
088004,E016,Giarratana,Giarratana,GIARRATANA,Ragusa,RG,088,RAGUSA,Sicilia,19,SICILIA,Isole,0
088005,E366,Ispica,Ispica,ISPICA,Ragusa,RG,088,RAGUSA,Sicilia,19,SICILIA,Isole,0
088006,F258,Modica,Modica,MODICA,Ragusa,RG,088,RAGUSA,Sicilia,19,SICILIA,Isole,0
088007,F610,Monterosso Almo,Monterosso Almo,MONTEROSSO ALMO,Ragusa,RG,088,RAGUSA,Sicilia,19,SICILIA,Isole,0
088008,G953,Pozzallo,Pozzallo,POZZALLO,Ragusa,RG,088,RAGUSA,Sicilia,19,SICILIA,Isole,0
088009,H163,Ragusa,Ragusa,RAGUSA,Ragusa,RG,088,RAGUSA,Sicilia,19,SICILIA,Isole,1
088010,I178,Santa Croce Camerina,Santa Croce Camerina,SANTA CROCE CAMERINA,Ragusa,RG,088,RAGUSA,Sicilia,19,SICILIA,Isole,0
088011,I535,Scicli,Scicli,SCICLI,Ragusa,RG,088,RAGUSA,Sicilia,19,SICILIA,Isole,0
088012,M088,Vittoria,Vittoria,VITTORIA,Ragusa,RG,088,RAGUSA,Sicilia,19,SICILIA,Isole,0
089001,A494,Augusta,Augusta,AUGUSTA,Siracusa,SR,089,SIRACUSA,Sicilia,19,SICILIA,Isole,0
089002,A522,Avola,Avola,AVOLA,Siracusa,SR,089,SIRACUSA,Sicilia,19,SICILIA,Isole,0
089003,B237,Buccheri,Buccheri,BUCCHERI,Siracusa,SR,089,SIRACUSA,Sicilia,19,SICILIA,Isole,0
089004,B287,Buscemi,Buscemi,BUSCEMI,Siracusa,SR,089,SIRACUSA,Sicilia,19,SICILIA,Isole,0
089005,B603,Canicattini Bagni,Canicattini Bagni,CANICATTINI BAGNI,Siracusa,SR,089,SIRACUSA,Sicilia,19,SICILIA,Isole,0
089006,B787,Carlentini,Carlentini,CARLENTINI,Siracusa,SR,089,SIRACUSA,Sicilia,19,SICILIA,Isole,0
089007,C006,Cassaro,Cassaro,CASSARO,Siracusa,SR,089,SIRACUSA,Sicilia,19,SICILIA,Isole,0
089008,D540,Ferla,Ferla,FERLA,Siracusa,SR,089,SIRACUSA,Sicilia,19,SICILIA,Isole,0
089009,D636,Floridia,Floridia,FLORIDIA,Siracusa,SR,089,SIRACUSA,Sicilia,19,SICILIA,Isole,0
089010,D768,Francofonte,Francofonte,FRANCOFONTE,Siracusa,SR,089,SIRACUSA,Sicilia,19,SICILIA,Isole,0
089011,E532,Lentini,Lentini,LENTINI,Siracusa,SR,089,SIRACUSA,Sicilia,19,SICILIA,Isole,0
089012,F107,Melilli,Melilli,MELILLI,Siracusa,SR,089,SIRACUSA,Sicilia,19,SICILIA,Isole,0
089013,F943,Noto,Noto,NOTO,Siracusa,SR,089,SIRACUSA,Sicilia,19,SICILIA,Isole,0
089014,G211,Pachino,Pachino,PACHINO,Siracusa,SR,089,SIRACUSA,Sicilia,19,SICILIA,Isole,0
089015,G267,Palazzolo Acreide,Palazzolo Acreide,PALAZZOLO ACREIDE,Siracusa,SR,089,SIRACUSA,Sicilia,19,SICILIA,Isole,0
089020,M257,Portopalo di Capo Passero,Portopalo di Capo Passero,PORTOPALO DI CAPO PASSERO,Siracusa,SR,089,SIRACUSA,Sicilia,19,SICILIA,Isole,0
089021,M279,Priolo Gargallo,Priolo Gargallo,PRIOLO GARGALLO,Siracusa,SR,089,SIRACUSA,Sicilia,19,SICILIA,Isole,0
089016,H574,Rosolini,Rosolini,ROSOLINI,Siracusa,SR,089,SIRACUSA,Sicilia,19,SICILIA,Isole,0
089017,I754,Siracusa,Siracusa,SIRACUSA,Siracusa,SR,089,SIRACUSA,Sicilia,19,SICILIA,Isole,1
089018,I785,Solarino,Solarino,SOLARINO,Siracusa,SR,089,SIRACUSA,Sicilia,19,SICILIA,Isole,0
089019,I864,Sortino,Sortino,SORTINO,Siracusa,SR,089,SIRACUSA,Sicilia,19,SICILIA,Isole,0
081001,A176,Alcamo,Alcamo,ALCAMO,Trapani,TP,081,TRAPANI,Sicilia,19,SICILIA,Isole,0
081002,B288,Buseto Palizzolo,Buseto Palizzolo,BUSETO PALIZZOLO,Trapani,TP,081,TRAPANI,Sicilia,19,SICILIA,Isole,0
081003,B385,Calatafimi-Segesta,Calatafimi-Segesta,CALATAFIMI SEGESTA,Trapani,TP,081,TRAPANI,Sicilia,19,SICILIA,Isole,0
081004,B521,Campobello di Mazara,Campobello di Mazara,CAMPOBELLO DI MAZARA,Trapani,TP,081,TRAPANI,Sicilia,19,SICILIA,Isole,0
081005,C130,Castellammare del Golfo,Castellammare del Golfo,CASTELLAMMARE DEL GOLFO,Trapani,TP,081,TRAPANI,Sicilia,19,SICILIA,Isole,0
081006,C286,Castelvetrano,Castelvetrano,CASTELVETRANO,Trapani,TP,081,TRAPANI,Sicilia,19,SICILIA,Isole,0
081007,D234,Custonaci,Custonaci,CUSTONACI,Trapani,TP,081,TRAPANI,Sicilia,19,SICILIA,Isole,0
081008,D423,Erice,Erice,ERICE,Trapani,TP,081,TRAPANI,Sicilia,19,SICILIA,Isole,0
081009,D518,Favignana,Favignana,FAVIGNANA,Trapani,TP,081,TRAPANI,Sicilia,19,SICILIA,Isole,0
081010,E023,Gibellina,Gibellina,GIBELLINA,Trapani,TP,081,TRAPANI,Sicilia,19,SICILIA,Isole,0
081011,E974,Marsala,Marsala,MARSALA,Trapani,TP,081,TRAPANI,Sicilia,19,SICILIA,Isole,0
081012,F061,Mazara del Vallo,Mazara del Vallo,MAZARA DEL VALLO,Trapani,TP,081,TRAPANI,Sicilia,19,SICILIA,Isole,0
081025,M432,Misiliscemi,Misiliscemi,MISILISCEMI,Trapani,TP,081,TRAPANI,Sicilia,19,SICILIA,Isole,0
081013,G208,Paceco,Paceco,PACECO,Trapani,TP,081,TRAPANI,Sicilia,19,SICILIA,Isole,0
081014,G315,Pantelleria,Pantelleria,PANTELLERIA,Trapani,TP,081,TRAPANI,Sicilia,19,SICILIA,Isole,0
081015,G347,Partanna,Partanna,PARTANNA,Trapani,TP,081,TRAPANI,Sicilia,19,SICILIA,Isole,0
081024,M281,Petrosino,Petrosino,PETROSINO,Trapani,TP,081,TRAPANI,Sicilia,19,SICILIA,Isole,0
081016,G767,Poggioreale,Poggioreale,POGGIOREALE,Trapani,TP,081,TRAPANI,Sicilia,19,SICILIA,Isole,0
081017,H688,Salaparuta,Salaparuta,SALAPARUTA,Trapani,TP,081,TRAPANI,Sicilia,19,SICILIA,Isole,0
081018,H700,Salemi,Salemi,SALEMI,Trapani,TP,081,TRAPANI,Sicilia,19,SICILIA,Isole,0
081020,I407,San Vito Lo Capo,San Vito Lo Capo,SAN VITO LO CAPO,Trapani,TP,081,TRAPANI,Sicilia,19,SICILIA,Isole,0
081019,I291,Santa Ninfa,Santa Ninfa,SANTA NINFA,Trapani,TP,081,TRAPANI,Sicilia,19,SICILIA,Isole,0
081021,L331,Trapani,Trapani,TRAPANI,Trapani,TP,081,TRAPANI,Sicilia,19,SICILIA,Isole,1
081022,G319,Valderice,Valderice,VALDERICE,Trapani,TP,081,TRAPANI,Sicilia,19,SICILIA,Isole,0
081023,M081,Vita,Vita,VITA,Trapani,TP,081,TRAPANI,Sicilia,19,SICILIA,Isole,0
051001,A291,Anghiari,Anghiari,ANGHIARI,Arezzo,AR,051,AREZZO,Toscana,09,TOSCANA,Centro,0
051002,A390,Arezzo,Arezzo,AREZZO,Arezzo,AR,051,AREZZO,Toscana,09,TOSCANA,Centro,1
051003,A541,Badia Tedalda,Badia Tedalda,BADIA TEDALDA,Arezzo,AR,051,AREZZO,Toscana,09,TOSCANA,Centro,0
051004,A851,Bibbiena,Bibbiena,BIBBIENA,Arezzo,AR,051,AREZZO,Toscana,09,TOSCANA,Centro,0
051005,B243,Bucine,Bucine,BUCINE,Arezzo,AR,051,AREZZO,Toscana,09,TOSCANA,Centro,0
051006,B670,Capolona,Capolona,CAPOLONA,Arezzo,AR,051,AREZZO,Toscana,09,TOSCANA,Centro,0
051007,B693,Caprese Michelangelo,Caprese Michelangelo,CAPRESE MICHELANGELO,Arezzo,AR,051,AREZZO,Toscana,09,TOSCANA,Centro,0
051008,C102,Castel Focognano,Castel Focognano,CASTEL FOCOGNANO,Arezzo,AR,051,AREZZO,Toscana,09,TOSCANA,Centro,0
051010,C263,Castel San Niccolò,Castel San Niccolò,CASTEL SAN NICCOLO,Arezzo,AR,051,AREZZO,Toscana,09,TOSCANA,Centro,0
051040,M322,Castelfranco Piandiscò,Castelfranco Piandiscò,CASTELFRANCO PIANDISCO,Arezzo,AR,051,AREZZO,Toscana,09,TOSCANA,Centro,0
051011,C318,Castiglion Fibocchi,Castiglion Fibocchi,CASTIGLION FIBOCCHI,Arezzo,AR,051,AREZZO,Toscana,09,TOSCANA,Centro,0
051012,C319,Castiglion Fiorentino,Castiglion Fiorentino,CASTIGLION FIORENTINO,Arezzo,AR,051,AREZZO,Toscana,09,TOSCANA,Centro,0
051013,C407,Cavriglia,Cavriglia,CAVRIGLIA,Arezzo,AR,051,AREZZO,Toscana,09,TOSCANA,Centro,0
051014,C648,Chitignano,Chitignano,CHITIGNANO,Arezzo,AR,051,AREZZO,Toscana,09,TOSCANA,Centro,0
051015,C663,Chiusi della Verna,Chiusi della Verna,CHIUSI DELLA VERNA,Arezzo,AR,051,AREZZO,Toscana,09,TOSCANA,Centro,0
051016,C774,Civitella in Val di Chiana,Civitella in Val di Chiana,CIVITELLA IN VAL DI CHIANA,Arezzo,AR,051,AREZZO,Toscana,09,TOSCANA,Centro,0
051017,D077,Cortona,Cortona,CORTONA,Arezzo,AR,051,AREZZO,Toscana,09,TOSCANA,Centro,0
051018,D649,Foiano della Chiana,Foiano della Chiana,FOIANO DELLA CHIANA,Arezzo,AR,051,AREZZO,Toscana,09,TOSCANA,Centro,0
051042,M392,Laterina Pergine Valdarno,Laterina Pergine Valdarno,LATERINA PERGINE VALDARNO,Arezzo,AR,051,AREZZO,Toscana,09,TOSCANA,Centro,0
051020,E693,Loro Ciuffenna,Loro Ciuffenna,LORO CIUFFENNA,Arezzo,AR,051,AREZZO,Toscana,09,TOSCANA,Centro,0
051021,E718,Lucignano,Lucignano,LUCIGNANO,Arezzo,AR,051,AREZZO,Toscana,09,TOSCANA,Centro,0
051022,E933,Marciano della Chiana,Marciano della Chiana,MARCIANO DELLA CHIANA,Arezzo,AR,051,AREZZO,Toscana,09,TOSCANA,Centro,0
051025,F628,Monte San Savino,Monte San Savino,MONTE SAN SAVINO,Arezzo,AR,051,AREZZO,Toscana,09,TOSCANA,Centro,0
051023,F565,Montemignaio,Montemignaio,MONTEMIGNAIO,Arezzo,AR,051,AREZZO,Toscana,09,TOSCANA,Centro,0
051024,F594,Monterchi,Monterchi,MONTERCHI,Arezzo,AR,051,AREZZO,Toscana,09,TOSCANA,Centro,0
051026,F656,Montevarchi,Montevarchi,MONTEVARCHI,Arezzo,AR,051,AREZZO,Toscana,09,TOSCANA,Centro,0
051027,G139,Ortignano Raggiolo,Ortignano Raggiolo,ORTIGNANO RAGGIOLO,Arezzo,AR,051,AREZZO,Toscana,09,TOSCANA,Centro,0
051030,G653,Pieve Santo Stefano,Pieve Santo Stefano,PIEVE SANTO STEFANO,Arezzo,AR,051,AREZZO,Toscana,09,TOSCANA,Centro,0
051031,G879,Poppi,Poppi,POPPI,Arezzo,AR,051,AREZZO,Toscana,09,TOSCANA,Centro,0
051041,M329,Pratovecchio Stia,Pratovecchio Stia,PRATOVECCHIO STIA,Arezzo,AR,051,AREZZO,Toscana,09,TOSCANA,Centro,0
051033,H901,San Giovanni Valdarno,San Giovanni Valdarno,SAN GIOVANNI VALDARNO,Arezzo,AR,051,AREZZO,Toscana,09,TOSCANA,Centro,0
051034,I155,Sansepolcro,Sansepolcro,SANSEPOLCRO,Arezzo,AR,051,AREZZO,Toscana,09,TOSCANA,Centro,0
051035,I681,Sestino,Sestino,SESTINO,Arezzo,AR,051,AREZZO,Toscana,09,TOSCANA,Centro,0
051037,I991,Subbiano,Subbiano,SUBBIANO,Arezzo,AR,051,AREZZO,Toscana,09,TOSCANA,Centro,0
051038,L038,Talla,Talla,TALLA,Arezzo,AR,051,AREZZO,Toscana,09,TOSCANA,Centro,0
051039,L123,Terranuova Bracciolini,Terranuova Bracciolini,TERRANUOVA BRACCIOLINI,Arezzo,AR,051,AREZZO,Toscana,09,TOSCANA,Centro,0
048001,A564,Bagno a Ripoli,Bagno a Ripoli,BAGNO A RIPOLI,Firenze,FI,248,FIRENZE,Toscana,09,TOSCANA,Centro,0
048054,M408,Barberino Tavarnelle,Barberino Tavarnelle,BARBERINO TAVARNELLE,Firenze,FI,248,FIRENZE,Toscana,09,TOSCANA,Centro,0
048002,A632,Barberino di Mugello,Barberino di Mugello,BARBERINO DI MUGELLO,Firenze,FI,248,FIRENZE,Toscana,09,TOSCANA,Centro,0
048004,B036,Borgo San Lorenzo,Borgo San Lorenzo,BORGO SAN LORENZO,Firenze,FI,248,FIRENZE,Toscana,09,TOSCANA,Centro,0
048005,B406,Calenzano,Calenzano,CALENZANO,Firenze,FI,248,FIRENZE,Toscana,09,TOSCANA,Centro,0
048006,B507,Campi Bisenzio,Campi Bisenzio,CAMPI BISENZIO,Firenze,FI,248,FIRENZE,Toscana,09,TOSCANA,Centro,0
048008,B684,Capraia e Limite,Capraia e Limite,CAPRAIA E LIMITE,Firenze,FI,248,FIRENZE,Toscana,09,TOSCANA,Centro,0
048010,C101,Castelfiorentino,Castelfiorentino,CASTELFIORENTINO,Firenze,FI,248,FIRENZE,Toscana,09,TOSCANA,Centro,0
048011,C529,Cerreto Guidi,Cerreto Guidi,CERRETO GUIDI,Firenze,FI,248,FIRENZE,Toscana,09,TOSCANA,Centro,0
048012,C540,Certaldo,Certaldo,CERTALDO,Firenze,FI,248,FIRENZE,Toscana,09,TOSCANA,Centro,0
048013,D299,Dicomano,Dicomano,DICOMANO,Firenze,FI,248,FIRENZE,Toscana,09,TOSCANA,Centro,0
048014,D403,Empoli,Empoli,EMPOLI,Firenze,FI,248,FIRENZE,Toscana,09,TOSCANA,Centro,0
048015,D575,Fiesole,Fiesole,FIESOLE,Firenze,FI,248,FIRENZE,Toscana,09,TOSCANA,Centro,0
048052,M321,Figline e Incisa Valdarno,Figline e Incisa Valdarno,FIGLINE E INCISA VALDARNO,Firenze,FI,248,FIRENZE,Toscana,09,TOSCANA,Centro,0
048017,D612,Firenze,Firenze,FIRENZE,Firenze,FI,248,FIRENZE,Toscana,09,TOSCANA,Centro,1
048018,D613,Firenzuola,Firenzuola,FIRENZUOLA,Firenze,FI,248,FIRENZE,Toscana,09,TOSCANA,Centro,0
048019,D815,Fucecchio,Fucecchio,FUCECCHIO,Firenze,FI,248,FIRENZE,Toscana,09,TOSCANA,Centro,0
048020,D895,Gambassi Terme,Gambassi Terme,GAMBASSI TERME,Firenze,FI,248,FIRENZE,Toscana,09,TOSCANA,Centro,0
048021,E169,Greve in Chianti,Greve in Chianti,GREVE IN CHIANTI,Firenze,FI,248,FIRENZE,Toscana,09,TOSCANA,Centro,0
048022,E291,Impruneta,Impruneta,IMPRUNETA,Firenze,FI,248,FIRENZE,Toscana,09,TOSCANA,Centro,0
048024,E466,Lastra a Signa,Lastra a Signa,LASTRA A SIGNA,Firenze,FI,248,FIRENZE,Toscana,09,TOSCANA,Centro,0
048025,E668,Londa,Londa,LONDA,Firenze,FI,248,FIRENZE,Toscana,09,TOSCANA,Centro,0
048026,E971,Marradi,Marradi,MARRADI,Firenze,FI,248,FIRENZE,Toscana,09,TOSCANA,Centro,0
048027,F398,Montaione,Montaione,MONTAIONE,Firenze,FI,248,FIRENZE,Toscana,09,TOSCANA,Centro,0
048028,F551,Montelupo Fiorentino,Montelupo Fiorentino,MONTELUPO FIORENTINO,Firenze,FI,248,FIRENZE,Toscana,09,TOSCANA,Centro,0
048030,F648,Montespertoli,Montespertoli,MONTESPERTOLI,Firenze,FI,248,FIRENZE,Toscana,09,TOSCANA,Centro,0
048031,G270,Palazzuolo sul Senio,Palazzuolo sul Senio,PALAZZUOLO SUL SENIO,Firenze,FI,248,FIRENZE,Toscana,09,TOSCANA,Centro,0
048032,G420,Pelago,Pelago,PELAGO,Firenze,FI,248,FIRENZE,Toscana,09,TOSCANA,Centro,0
048033,G825,Pontassieve,Pontassieve,PONTASSIEVE,Firenze,FI,248,FIRENZE,Toscana,09,TOSCANA,Centro,0
048035,H222,Reggello,Reggello,REGGELLO,Firenze,FI,248,FIRENZE,Toscana,09,TOSCANA,Centro,0
048036,H286,Rignano sull'Arno,Rignano sull'Arno,RIGNANO SULL ARNO,Firenze,FI,248,FIRENZE,Toscana,09,TOSCANA,Centro,0
048037,H635,Rufina,Rufina,RUFINA,Firenze,FI,248,FIRENZE,Toscana,09,TOSCANA,Centro,0
048038,H791,San Casciano in Val di Pesa,San Casciano in Val di Pesa,SAN CASCIANO IN VAL DI PESA,Firenze,FI,248,FIRENZE,Toscana,09,TOSCANA,Centro,0
048039,H937,San Godenzo,San Godenzo,SAN GODENZO,Firenze,FI,248,FIRENZE,Toscana,09,TOSCANA,Centro,0
048041,B962,Scandicci,Scandicci,SCANDICCI,Firenze,FI,248,FIRENZE,Toscana,09,TOSCANA,Centro,0
048053,M326,Scarperia e San Piero,Scarperia e San Piero,SCARPERIA E SAN PIERO,Firenze,FI,248,FIRENZE,Toscana,09,TOSCANA,Centro,0
048043,I684,Sesto Fiorentino,Sesto Fiorentino,SESTO FIORENTINO,Firenze,FI,248,FIRENZE,Toscana,09,TOSCANA,Centro,0
048044,I728,Signa,Signa,SIGNA,Firenze,FI,248,FIRENZE,Toscana,09,TOSCANA,Centro,0
048046,L529,Vaglia,Vaglia,VAGLIA,Firenze,FI,248,FIRENZE,Toscana,09,TOSCANA,Centro,0
048049,L838,Vicchio,Vicchio,VICCHIO,Firenze,FI,248,FIRENZE,Toscana,09,TOSCANA,Centro,0
048050,M059,Vinci,Vinci,VINCI,Firenze,FI,248,FIRENZE,Toscana,09,TOSCANA,Centro,0
053001,A369,Arcidosso,Arcidosso,ARCIDOSSO,Grosseto,GR,053,GROSSETO,Toscana,09,TOSCANA,Centro,0
053002,B497,Campagnatico,Campagnatico,CAMPAGNATICO,Grosseto,GR,053,GROSSETO,Toscana,09,TOSCANA,Centro,0
053003,B646,Capalbio,Capalbio,CAPALBIO,Grosseto,GR,053,GROSSETO,Toscana,09,TOSCANA,Centro,0
053004,C085,Castel del Piano,Castel del Piano,CASTEL DEL PIANO,Grosseto,GR,053,GROSSETO,Toscana,09,TOSCANA,Centro,0
053005,C147,Castell'Azzara,Castell'Azzara,CASTELL AZZARA,Grosseto,GR,053,GROSSETO,Toscana,09,TOSCANA,Centro,0
053006,C310,Castiglione della Pescaia,Castiglione della Pescaia,CASTIGLIONE DELLA PESCAIA,Grosseto,GR,053,GROSSETO,Toscana,09,TOSCANA,Centro,0
053007,C705,Cinigiano,Cinigiano,CINIGIANO,Grosseto,GR,053,GROSSETO,Toscana,09,TOSCANA,Centro,0
053008,C782,Civitella Paganico,Civitella Paganico,CIVITELLA PAGANICO,Grosseto,GR,053,GROSSETO,Toscana,09,TOSCANA,Centro,0
053009,D656,Follonica,Follonica,FOLLONICA,Grosseto,GR,053,GROSSETO,Toscana,09,TOSCANA,Centro,0
053010,D948,Gavorrano,Gavorrano,GAVORRANO,Grosseto,GR,053,GROSSETO,Toscana,09,TOSCANA,Centro,0
053011,E202,Grosseto,Grosseto,GROSSETO,Grosseto,GR,053,GROSSETO,Toscana,09,TOSCANA,Centro,1
053012,E348,Isola del Giglio,Isola del Giglio,ISOLA DEL GIGLIO,Grosseto,GR,053,GROSSETO,Toscana,09,TOSCANA,Centro,0
053013,E810,Magliano in Toscana,Magliano in Toscana,MAGLIANO IN TOSCANA,Grosseto,GR,053,GROSSETO,Toscana,09,TOSCANA,Centro,0
053014,E875,Manciano,Manciano,MANCIANO,Grosseto,GR,053,GROSSETO,Toscana,09,TOSCANA,Centro,0
053015,F032,Massa Marittima,Massa Marittima,MASSA MARITTIMA,Grosseto,GR,053,GROSSETO,Toscana,09,TOSCANA,Centro,0
053016,F437,Monte Argentario,Monte Argentario,MONTE ARGENTARIO,Grosseto,GR,053,GROSSETO,Toscana,09,TOSCANA,Centro,0
053027,F612,Monterotondo Marittimo,Monterotondo Marittimo,MONTEROTONDO MARITTIMO,Grosseto,GR,053,GROSSETO,Toscana,09,TOSCANA,Centro,0
053017,F677,Montieri,Montieri,MONTIERI,Grosseto,GR,053,GROSSETO,Toscana,09,TOSCANA,Centro,0
053018,G088,Orbetello,Orbetello,ORBETELLO,Grosseto,GR,053,GROSSETO,Toscana,09,TOSCANA,Centro,0
053019,G716,Pitigliano,Pitigliano,PITIGLIANO,Grosseto,GR,053,GROSSETO,Toscana,09,TOSCANA,Centro,0
053020,H417,Roccalbegna,Roccalbegna,ROCCALBEGNA,Grosseto,GR,053,GROSSETO,Toscana,09,TOSCANA,Centro,0
053021,H449,Roccastrada,Roccastrada,ROCCASTRADA,Grosseto,GR,053,GROSSETO,Toscana,09,TOSCANA,Centro,0
053022,I187,Santa Fiora,Santa Fiora,SANTA FIORA,Grosseto,GR,053,GROSSETO,Toscana,09,TOSCANA,Centro,0
053023,I504,Scansano,Scansano,SCANSANO,Grosseto,GR,053,GROSSETO,Toscana,09,TOSCANA,Centro,0
053024,I510,Scarlino,Scarlino,SCARLINO,Grosseto,GR,053,GROSSETO,Toscana,09,TOSCANA,Centro,0
053025,I571,Seggiano,Seggiano,SEGGIANO,Grosseto,GR,053,GROSSETO,Toscana,09,TOSCANA,Centro,0
053028,I601,Semproniano,Semproniano,SEMPRONIANO,Grosseto,GR,053,GROSSETO,Toscana,09,TOSCANA,Centro,0
053026,I841,Sorano,Sorano,SORANO,Grosseto,GR,053,GROSSETO,Toscana,09,TOSCANA,Centro,0
049001,A852,Bibbona,Bibbona,BIBBONA,Livorno,LI,049,LIVORNO,Toscana,09,TOSCANA,Centro,0
049002,B509,Campiglia Marittima,Campiglia Marittima,CAMPIGLIA MARITTIMA,Livorno,LI,049,LIVORNO,Toscana,09,TOSCANA,Centro,0
049003,B553,Campo nell'Elba,Campo nell'Elba,CAMPO NELL ELBA,Livorno,LI,049,LIVORNO,Toscana,09,TOSCANA,Centro,0
049004,B669,Capoliveri,Capoliveri,CAPOLIVERI,Livorno,LI,049,LIVORNO,Toscana,09,TOSCANA,Centro,0
049005,B685,Capraia Isola,Capraia Isola,CAPRAIA ISOLA,Livorno,LI,049,LIVORNO,Toscana,09,TOSCANA,Centro,0
049006,C044,Castagneto Carducci,Castagneto Carducci,CASTAGNETO CARDUCCI,Livorno,LI,049,LIVORNO,Toscana,09,TOSCANA,Centro,0
049007,C415,Cecina,Cecina,CECINA,Livorno,LI,049,LIVORNO,Toscana,09,TOSCANA,Centro,0
049008,C869,Collesalvetti,Collesalvetti,COLLESALVETTI,Livorno,LI,049,LIVORNO,Toscana,09,TOSCANA,Centro,0
049009,E625,Livorno,Livorno,LIVORNO,Livorno,LI,049,LIVORNO,Toscana,09,TOSCANA,Centro,1
049010,E930,Marciana,Marciana,MARCIANA,Livorno,LI,049,LIVORNO,Toscana,09,TOSCANA,Centro,0
049011,E931,Marciana Marina,Marciana Marina,MARCIANA MARINA,Livorno,LI,049,LIVORNO,Toscana,09,TOSCANA,Centro,0
049012,G687,Piombino,Piombino,PIOMBINO,Livorno,LI,049,LIVORNO,Toscana,09,TOSCANA,Centro,0
049013,E680,Porto Azzurro,Porto Azzurro,PORTO AZZURRO,Livorno,LI,049,LIVORNO,Toscana,09,TOSCANA,Centro,0
049014,G912,Portoferraio,Portoferraio,PORTOFERRAIO,Livorno,LI,049,LIVORNO,Toscana,09,TOSCANA,Centro,0
049021,M391,Rio,Rio,RIO,Livorno,LI,049,LIVORNO,Toscana,09,TOSCANA,Centro,0
049017,H570,Rosignano Marittimo,Rosignano Marittimo,ROSIGNANO MARITTIMO,Livorno,LI,049,LIVORNO,Toscana,09,TOSCANA,Centro,0
049018,I390,San Vincenzo,San Vincenzo,SAN VINCENZO,Livorno,LI,049,LIVORNO,Toscana,09,TOSCANA,Centro,0
049019,I454,Sassetta,Sassetta,SASSETTA,Livorno,LI,049,LIVORNO,Toscana,09,TOSCANA,Centro,0
049020,L019,Suvereto,Suvereto,SUVERETO,Livorno,LI,049,LIVORNO,Toscana,09,TOSCANA,Centro,0
046001,A241,Altopascio,Altopascio,ALTOPASCIO,Lucca,LU,046,LUCCA,Toscana,09,TOSCANA,Centro,0
046002,A560,Bagni di Lucca,Bagni di Lucca,BAGNI DI LUCCA,Lucca,LU,046,LUCCA,Toscana,09,TOSCANA,Centro,0
046003,A657,Barga,Barga,BARGA,Lucca,LU,046,LUCCA,Toscana,09,TOSCANA,Centro,0
046004,B007,Borgo a Mozzano,Borgo a Mozzano,BORGO A MOZZANO,Lucca,LU,046,LUCCA,Toscana,09,TOSCANA,Centro,0
046005,B455,Camaiore,Camaiore,CAMAIORE,Lucca,LU,046,LUCCA,Toscana,09,TOSCANA,Centro,0
046006,B557,Camporgiano,Camporgiano,CAMPORGIANO,Lucca,LU,046,LUCCA,Toscana,09,TOSCANA,Centro,0
046007,B648,Capannori,Capannori,CAPANNORI,Lucca,LU,046,LUCCA,Toscana,09,TOSCANA,Centro,0
046008,B760,Careggine,Careggine,CAREGGINE,Lucca,LU,046,LUCCA,Toscana,09,TOSCANA,Centro,0
046009,C236,Castelnuovo di Garfagnana,Castelnuovo di Garfagnana,CASTELNUOVO DI GARFAGNANA,Lucca,LU,046,LUCCA,Toscana,09,TOSCANA,Centro,0
046010,C303,Castiglione di Garfagnana,Castiglione di Garfagnana,CASTIGLIONE DI GARFAGNANA,Lucca,LU,046,LUCCA,Toscana,09,TOSCANA,Centro,0
046011,C996,Coreglia Antelminelli,Coreglia Antelminelli,COREGLIA ANTELMINELLI,Lucca,LU,046,LUCCA,Toscana,09,TOSCANA,Centro,0
046036,M319,Fabbriche di Vergemoli,Fabbriche di Vergemoli,FABBRICHE DI VERGEMOLI,Lucca,LU,046,LUCCA,Toscana,09,TOSCANA,Centro,0
046013,D730,Forte dei Marmi,Forte dei Marmi,FORTE DEI MARMI,Lucca,LU,046,LUCCA,Toscana,09,TOSCANA,Centro,0
046014,D734,Fosciandora,Fosciandora,FOSCIANDORA,Lucca,LU,046,LUCCA,Toscana,09,TOSCANA,Centro,0
046015,D874,Gallicano,Gallicano,GALLICANO,Lucca,LU,046,LUCCA,Toscana,09,TOSCANA,Centro,0
046017,E715,Lucca,Lucca,LUCCA,Lucca,LU,046,LUCCA,Toscana,09,TOSCANA,Centro,1
046018,F035,Massarosa,Massarosa,MASSAROSA,Lucca,LU,046,LUCCA,Toscana,09,TOSCANA,Centro,0
046019,F225,Minucciano,Minucciano,MINUCCIANO,Lucca,LU,046,LUCCA,Toscana,09,TOSCANA,Centro,0
046020,F283,Molazzana,Molazzana,MOLAZZANA,Lucca,LU,046,LUCCA,Toscana,09,TOSCANA,Centro,0
046021,F452,Montecarlo,Montecarlo,MONTECARLO,Lucca,LU,046,LUCCA,Toscana,09,TOSCANA,Centro,0
046022,G480,Pescaglia,Pescaglia,PESCAGLIA,Lucca,LU,046,LUCCA,Toscana,09,TOSCANA,Centro,0
046023,G582,Piazza al Serchio,Piazza al Serchio,PIAZZA AL SERCHIO,Lucca,LU,046,LUCCA,Toscana,09,TOSCANA,Centro,0
046024,G628,Pietrasanta,Pietrasanta,PIETRASANTA,Lucca,LU,046,LUCCA,Toscana,09,TOSCANA,Centro,0
046025,G648,Pieve Fosciana,Pieve Fosciana,PIEVE FOSCIANA,Lucca,LU,046,LUCCA,Toscana,09,TOSCANA,Centro,0
046026,G882,Porcari,Porcari,PORCARI,Lucca,LU,046,LUCCA,Toscana,09,TOSCANA,Centro,0
046027,I142,San Romano in Garfagnana,San Romano in Garfagnana,SAN ROMANO IN GARFAGNANA,Lucca,LU,046,LUCCA,Toscana,09,TOSCANA,Centro,0
046028,I622,Seravezza,Seravezza,SERAVEZZA,Lucca,LU,046,LUCCA,Toscana,09,TOSCANA,Centro,0
046037,M347,Sillano Giuncugnano,Sillano Giuncugnano,SILLANO GIUNCUGNANO,Lucca,LU,046,LUCCA,Toscana,09,TOSCANA,Centro,0
046030,I942,Stazzema,Stazzema,STAZZEMA,Lucca,LU,046,LUCCA,Toscana,09,TOSCANA,Centro,0
046031,L533,Vagli Sotto,Vagli Sotto,VAGLI SOTTO,Lucca,LU,046,LUCCA,Toscana,09,TOSCANA,Centro,0
046033,L833,Viareggio,Viareggio,VIAREGGIO,Lucca,LU,046,LUCCA,Toscana,09,TOSCANA,Centro,0
046034,L913,Villa Basilica,Villa Basilica,VILLA BASILICA,Lucca,LU,046,LUCCA,Toscana,09,TOSCANA,Centro,0
046035,L926,Villa Collemandina,Villa Collemandina,VILLA COLLEMANDINA,Lucca,LU,046,LUCCA,Toscana,09,TOSCANA,Centro,0
045001,A496,Aulla,Aulla,AULLA,Massa-Carrara,MS,045,MASSA CARRARA,Toscana,09,TOSCANA,Centro,0
045002,A576,Bagnone,Bagnone,BAGNONE,Massa-Carrara,MS,045,MASSA CARRARA,Toscana,09,TOSCANA,Centro,0
045003,B832,Carrara,Carrara,CARRARA,Massa-Carrara,MS,045,MASSA CARRARA,Toscana,09,TOSCANA,Centro,1
045004,B979,Casola in Lunigiana,Casola in Lunigiana,CASOLA IN LUNIGIANA,Massa-Carrara,MS,045,MASSA CARRARA,Toscana,09,TOSCANA,Centro,0
045005,C914,Comano,Comano,COMANO,Massa-Carrara,MS,045,MASSA CARRARA,Toscana,09,TOSCANA,Centro,0
045006,D590,Filattiera,Filattiera,FILATTIERA,Massa-Carrara,MS,045,MASSA CARRARA,Toscana,09,TOSCANA,Centro,0
045007,D629,Fivizzano,Fivizzano,FIVIZZANO,Massa-Carrara,MS,045,MASSA CARRARA,Toscana,09,TOSCANA,Centro,0
045008,D735,Fosdinovo,Fosdinovo,FOSDINOVO,Massa-Carrara,MS,045,MASSA CARRARA,Toscana,09,TOSCANA,Centro,0
045009,E574,Licciana Nardi,Licciana Nardi,LICCIANA NARDI,Massa-Carrara,MS,045,MASSA CARRARA,Toscana,09,TOSCANA,Centro,0
045010,F023,Massa,Massa,MASSA,Massa-Carrara,MS,045,MASSA CARRARA,Toscana,09,TOSCANA,Centro,1
045011,F679,Montignoso,Montignoso,MONTIGNOSO,Massa-Carrara,MS,045,MASSA CARRARA,Toscana,09,TOSCANA,Centro,0
045012,F802,Mulazzo,Mulazzo,MULAZZO,Massa-Carrara,MS,045,MASSA CARRARA,Toscana,09,TOSCANA,Centro,0
045013,G746,Podenzana,Podenzana,PODENZANA,Massa-Carrara,MS,045,MASSA CARRARA,Toscana,09,TOSCANA,Centro,0
045014,G870,Pontremoli,Pontremoli,PONTREMOLI,Massa-Carrara,MS,045,MASSA CARRARA,Toscana,09,TOSCANA,Centro,0
045015,L386,Tresana,Tresana,TRESANA,Massa-Carrara,MS,045,MASSA CARRARA,Toscana,09,TOSCANA,Centro,0
045016,L946,Villafranca in Lunigiana,Villafranca in Lunigiana,VILLAFRANCA IN LUNIGIANA,Massa-Carrara,MS,045,MASSA CARRARA,Toscana,09,TOSCANA,Centro,0
045017,M169,Zeri,Zeri,ZERI,Massa-Carrara,MS,045,MASSA CARRARA,Toscana,09,TOSCANA,Centro,0
050001,A864,Bientina,Bientina,BIENTINA,Pisa,PI,050,PISA,Toscana,09,TOSCANA,Centro,0
050002,B303,Buti,Buti,BUTI,Pisa,PI,050,PISA,Toscana,09,TOSCANA,Centro,0
050003,B390,Calci,Calci,CALCI,Pisa,PI,050,PISA,Toscana,09,TOSCANA,Centro,0
050004,B392,Calcinaia,Calcinaia,CALCINAIA,Pisa,PI,050,PISA,Toscana,09,TOSCANA,Centro,0
050005,B647,Capannoli,Capannoli,CAPANNOLI,Pisa,PI,050,PISA,Toscana,09,TOSCANA,Centro,0
050006,B878,Casale Marittimo,Casale Marittimo,CASALE MARITTIMO,Pisa,PI,050,PISA,Toscana,09,TOSCANA,Centro,0
050040,M327,Casciana Terme Lari,Casciana Terme Lari,CASCIANA TERME LARI,Pisa,PI,050,PISA,Toscana,09,TOSCANA,Centro,0
050008,B950,Cascina,Cascina,CASCINA,Pisa,PI,050,PISA,Toscana,09,TOSCANA,Centro,0
050009,C113,Castelfranco di Sotto,Castelfranco di Sotto,CASTELFRANCO DI SOTTO,Pisa,PI,050,PISA,Toscana,09,TOSCANA,Centro,0
050010,C174,Castellina Marittima,Castellina Marittima,CASTELLINA MARITTIMA,Pisa,PI,050,PISA,Toscana,09,TOSCANA,Centro,0
050011,C244,Castelnuovo di Val di Cecina,Castelnuovo di Val di Cecina,CASTELNUOVO DI VAL DI CECINA,Pisa,PI,050,PISA,Toscana,09,TOSCANA,Centro,0
050012,C609,Chianni,Chianni,CHIANNI,Pisa,PI,050,PISA,Toscana,09,TOSCANA,Centro,0
050041,M328,Crespina Lorenzana,Crespina Lorenzana,CRESPINA LORENZANA,Pisa,PI,050,PISA,Toscana,09,TOSCANA,Centro,0
050014,D510,Fauglia,Fauglia,FAUGLIA,Pisa,PI,050,PISA,Toscana,09,TOSCANA,Centro,0
050015,E250,Guardistallo,Guardistallo,GUARDISTALLO,Pisa,PI,050,PISA,Toscana,09,TOSCANA,Centro,0
050016,E413,Lajatico,Lajatico,LAJATICO,Pisa,PI,050,PISA,Toscana,09,TOSCANA,Centro,0
050019,F458,Montecatini Val di Cecina,Montecatini Val di Cecina,MONTECATINI VAL DI CECINA,Pisa,PI,050,PISA,Toscana,09,TOSCANA,Centro,0
050020,F640,Montescudaio,Montescudaio,MONTESCUDAIO,Pisa,PI,050,PISA,Toscana,09,TOSCANA,Centro,0
050021,F661,Monteverdi Marittimo,Monteverdi Marittimo,MONTEVERDI MARITTIMO,Pisa,PI,050,PISA,Toscana,09,TOSCANA,Centro,0
050022,F686,Montopoli in Val d'Arno,Montopoli in Val d'Arno,MONTOPOLI IN VAL D ARNO,Pisa,PI,050,PISA,Toscana,09,TOSCANA,Centro,0
050023,G090,Orciano Pisano,Orciano Pisano,ORCIANO PISANO,Pisa,PI,050,PISA,Toscana,09,TOSCANA,Centro,0
050024,G254,Palaia,Palaia,PALAIA,Pisa,PI,050,PISA,Toscana,09,TOSCANA,Centro,0
050025,G395,Peccioli,Peccioli,PECCIOLI,Pisa,PI,050,PISA,Toscana,09,TOSCANA,Centro,0
050026,G702,Pisa,Pisa,PISA,Pisa,PI,050,PISA,Toscana,09,TOSCANA,Centro,1
050027,G804,Pomarance,Pomarance,POMARANCE,Pisa,PI,050,PISA,Toscana,09,TOSCANA,Centro,0
050028,G822,Ponsacco,Ponsacco,PONSACCO,Pisa,PI,050,PISA,Toscana,09,TOSCANA,Centro,0
050029,G843,Pontedera,Pontedera,PONTEDERA,Pisa,PI,050,PISA,Toscana,09,TOSCANA,Centro,0
050030,H319,Riparbella,Riparbella,RIPARBELLA,Pisa,PI,050,PISA,Toscana,09,TOSCANA,Centro,0
050031,A562,San Giuliano Terme,San Giuliano Terme,SAN GIULIANO TERME,Pisa,PI,050,PISA,Toscana,09,TOSCANA,Centro,0
050032,I046,San Miniato,San Miniato,SAN MINIATO,Pisa,PI,050,PISA,Toscana,09,TOSCANA,Centro,0
050033,I177,Santa Croce sull'Arno,Santa Croce sull'Arno,SANTA CROCE SULL ARNO,Pisa,PI,050,PISA,Toscana,09,TOSCANA,Centro,0
050034,I217,Santa Luce,Santa Luce,SANTA LUCE,Pisa,PI,050,PISA,Toscana,09,TOSCANA,Centro,0
050035,I232,Santa Maria a Monte,Santa Maria a Monte,SANTA MARIA A MONTE,Pisa,PI,050,PISA,Toscana,09,TOSCANA,Centro,0
050036,L138,Terricciola,Terricciola,TERRICCIOLA,Pisa,PI,050,PISA,Toscana,09,TOSCANA,Centro,0
050037,L702,Vecchiano,Vecchiano,VECCHIANO,Pisa,PI,050,PISA,Toscana,09,TOSCANA,Centro,0
050038,L850,Vicopisano,Vicopisano,VICOPISANO,Pisa,PI,050,PISA,Toscana,09,TOSCANA,Centro,0
050039,M126,Volterra,Volterra,VOLTERRA,Pisa,PI,050,PISA,Toscana,09,TOSCANA,Centro,0
047023,M376,Abetone Cutigliano,Abetone Cutigliano,ABETONE CUTIGLIANO,Pistoia,PT,047,PISTOIA,Toscana,09,TOSCANA,Centro,0
047002,A071,Agliana,Agliana,AGLIANA,Pistoia,PT,047,PISTOIA,Toscana,09,TOSCANA,Centro,0
047003,B251,Buggiano,Buggiano,BUGGIANO,Pistoia,PT,047,PISTOIA,Toscana,09,TOSCANA,Centro,0
047022,C631,Chiesina Uzzanese,Chiesina Uzzanese,CHIESINA UZZANESE,Pistoia,PT,047,PISTOIA,Toscana,09,TOSCANA,Centro,0
047005,E432,Lamporecchio,Lamporecchio,LAMPORECCHIO,Pistoia,PT,047,PISTOIA,Toscana,09,TOSCANA,Centro,0
047006,E451,Larciano,Larciano,LARCIANO,Pistoia,PT,047,PISTOIA,Toscana,09,TOSCANA,Centro,0
047007,E960,Marliana,Marliana,MARLIANA,Pistoia,PT,047,PISTOIA,Toscana,09,TOSCANA,Centro,0
047008,F025,Massa e Cozzile,Massa e Cozzile,MASSA E COZZILE,Pistoia,PT,047,PISTOIA,Toscana,09,TOSCANA,Centro,0
047009,F384,Monsummano Terme,Monsummano Terme,MONSUMMANO TERME,Pistoia,PT,047,PISTOIA,Toscana,09,TOSCANA,Centro,0
047010,F410,Montale,Montale,MONTALE,Pistoia,PT,047,PISTOIA,Toscana,09,TOSCANA,Centro,0
047011,A561,Montecatini-Terme,Montecatini-Terme,MONTECATINI TERME,Pistoia,PT,047,PISTOIA,Toscana,09,TOSCANA,Centro,0
047012,G491,Pescia,Pescia,PESCIA,Pistoia,PT,047,PISTOIA,Toscana,09,TOSCANA,Centro,0
047013,G636,Pieve a Nievole,Pieve a Nievole,PIEVE A NIEVOLE,Pistoia,PT,047,PISTOIA,Toscana,09,TOSCANA,Centro,0
047014,G713,Pistoia,Pistoia,PISTOIA,Pistoia,PT,047,PISTOIA,Toscana,09,TOSCANA,Centro,1
047016,G833,Ponte Buggianese,Ponte Buggianese,PONTE BUGGIANESE,Pistoia,PT,047,PISTOIA,Toscana,09,TOSCANA,Centro,0
047017,H109,Quarrata,Quarrata,QUARRATA,Pistoia,PT,047,PISTOIA,Toscana,09,TOSCANA,Centro,0
047018,H744,Sambuca Pistoiese,Sambuca Pistoiese,SAMBUCA PISTOIESE,Pistoia,PT,047,PISTOIA,Toscana,09,TOSCANA,Centro,0
047024,M377,San Marcello Piteglio,San Marcello Piteglio,SAN MARCELLO PITEGLIO,Pistoia,PT,047,PISTOIA,Toscana,09,TOSCANA,Centro,0
047020,I660,Serravalle Pistoiese,Serravalle Pistoiese,SERRAVALLE PISTOIESE,Pistoia,PT,047,PISTOIA,Toscana,09,TOSCANA,Centro,0
047021,L522,Uzzano,Uzzano,UZZANO,Pistoia,PT,047,PISTOIA,Toscana,09,TOSCANA,Centro,0
100001,B626,Cantagallo,Cantagallo,CANTAGALLO,Prato,PO,100,PRATO,Toscana,09,TOSCANA,Centro,0
100002,B794,Carmignano,Carmignano,CARMIGNANO,Prato,PO,100,PRATO,Toscana,09,TOSCANA,Centro,0
100003,F572,Montemurlo,Montemurlo,MONTEMURLO,Prato,PO,100,PRATO,Toscana,09,TOSCANA,Centro,0
100004,G754,Poggio a Caiano,Poggio a Caiano,POGGIO A CAIANO,Prato,PO,100,PRATO,Toscana,09,TOSCANA,Centro,0
100005,G999,Prato,Prato,PRATO,Prato,PO,100,PRATO,Toscana,09,TOSCANA,Centro,1
100006,L537,Vaiano,Vaiano,VAIANO,Prato,PO,100,PRATO,Toscana,09,TOSCANA,Centro,0
100007,L775,Vernio,Vernio,VERNIO,Prato,PO,100,PRATO,Toscana,09,TOSCANA,Centro,0
052001,A006,Abbadia San Salvatore,Abbadia San Salvatore,ABBADIA SAN SALVATORE,Siena,SI,052,SIENA,Toscana,09,TOSCANA,Centro,0
052002,A461,Asciano,Asciano,ASCIANO,Siena,SI,052,SIENA,Toscana,09,TOSCANA,Centro,0
052003,B269,Buonconvento,Buonconvento,BUONCONVENTO,Siena,SI,052,SIENA,Toscana,09,TOSCANA,Centro,0
052004,B984,Casole d'Elsa,Casole d'Elsa,CASOLE D ELSA,Siena,SI,052,SIENA,Toscana,09,TOSCANA,Centro,0
052005,C172,Castellina in Chianti,Castellina in Chianti,CASTELLINA IN CHIANTI,Siena,SI,052,SIENA,Toscana,09,TOSCANA,Centro,0
052006,C227,Castelnuovo Berardenga,Castelnuovo Berardenga,CASTELNUOVO BERARDENGA,Siena,SI,052,SIENA,Toscana,09,TOSCANA,Centro,0
052007,C313,Castiglione d'Orcia,Castiglione d'Orcia,CASTIGLIONE D ORCIA,Siena,SI,052,SIENA,Toscana,09,TOSCANA,Centro,0
052008,C587,Cetona,Cetona,CETONA,Siena,SI,052,SIENA,Toscana,09,TOSCANA,Centro,0
052009,C608,Chianciano Terme,Chianciano Terme,CHIANCIANO TERME,Siena,SI,052,SIENA,Toscana,09,TOSCANA,Centro,0
052010,C661,Chiusdino,Chiusdino,CHIUSDINO,Siena,SI,052,SIENA,Toscana,09,TOSCANA,Centro,0
052011,C662,Chiusi,Chiusi,CHIUSI,Siena,SI,052,SIENA,Toscana,09,TOSCANA,Centro,0
052012,C847,Colle di Val d'Elsa,Colle di Val d'Elsa,COLLE DI VAL D ELSA,Siena,SI,052,SIENA,Toscana,09,TOSCANA,Centro,0
052013,D858,Gaiole in Chianti,Gaiole in Chianti,GAIOLE IN CHIANTI,Siena,SI,052,SIENA,Toscana,09,TOSCANA,Centro,0
052037,M378,Montalcino,Montalcino,MONTALCINO,Siena,SI,052,SIENA,Toscana,09,TOSCANA,Centro,0
052015,F592,Montepulciano,Montepulciano,MONTEPULCIANO,Siena,SI,052,SIENA,Toscana,09,TOSCANA,Centro,0
052016,F598,Monteriggioni,Monteriggioni,MONTERIGGIONI,Siena,SI,052,SIENA,Toscana,09,TOSCANA,Centro,0
052017,F605,Monteroni d'Arbia,Monteroni d'Arbia,MONTERONI D ARBIA,Siena,SI,052,SIENA,Toscana,09,TOSCANA,Centro,0
052018,F676,Monticiano,Monticiano,MONTICIANO,Siena,SI,052,SIENA,Toscana,09,TOSCANA,Centro,0
052019,F815,Murlo,Murlo,MURLO,Siena,SI,052,SIENA,Toscana,09,TOSCANA,Centro,0
052020,G547,Piancastagnaio,Piancastagnaio,PIANCASTAGNAIO,Siena,SI,052,SIENA,Toscana,09,TOSCANA,Centro,0
052021,G602,Pienza,Pienza,PIENZA,Siena,SI,052,SIENA,Toscana,09,TOSCANA,Centro,0
052022,G752,Poggibonsi,Poggibonsi,POGGIBONSI,Siena,SI,052,SIENA,Toscana,09,TOSCANA,Centro,0
052023,H153,Radda in Chianti,Radda in Chianti,RADDA IN CHIANTI,Siena,SI,052,SIENA,Toscana,09,TOSCANA,Centro,0
052024,H156,Radicofani,Radicofani,RADICOFANI,Siena,SI,052,SIENA,Toscana,09,TOSCANA,Centro,0
052025,H157,Radicondoli,Radicondoli,RADICONDOLI,Siena,SI,052,SIENA,Toscana,09,TOSCANA,Centro,0
052026,H185,Rapolano Terme,Rapolano Terme,RAPOLANO TERME,Siena,SI,052,SIENA,Toscana,09,TOSCANA,Centro,0
052027,H790,San Casciano dei Bagni,San Casciano dei Bagni,SAN CASCIANO DEI BAGNI,Siena,SI,052,SIENA,Toscana,09,TOSCANA,Centro,0
052028,H875,San Gimignano,San Gimignano,SAN GIMIGNANO,Siena,SI,052,SIENA,Toscana,09,TOSCANA,Centro,0
052030,I135,San Quirico d'Orcia,San Quirico d'Orcia,SAN QUIRICO D ORCIA,Siena,SI,052,SIENA,Toscana,09,TOSCANA,Centro,0
052031,I445,Sarteano,Sarteano,SARTEANO,Siena,SI,052,SIENA,Toscana,09,TOSCANA,Centro,0
052032,I726,Siena,Siena,SIENA,Siena,SI,052,SIENA,Toscana,09,TOSCANA,Centro,1
052033,A468,Sinalunga,Sinalunga,SINALUNGA,Siena,SI,052,SIENA,Toscana,09,TOSCANA,Centro,0
052034,I877,Sovicille,Sovicille,SOVICILLE,Siena,SI,052,SIENA,Toscana,09,TOSCANA,Centro,0
052035,L303,Torrita di Siena,Torrita di Siena,TORRITA DI SIENA,Siena,SI,052,SIENA,Toscana,09,TOSCANA,Centro,0
052036,L384,Trequanda,Trequanda,TREQUANDA,Siena,SI,052,SIENA,Toscana,09,TOSCANA,Centro,0
021001,A179,Aldino/Aldein,Aldino,ALDINO,Bolzano/Bozen,BZ,021,BOLZANO BOZEN,Trentino-Alto Adige/Südtirol,04,TRENTINO ALTO ADIGE SUDTIROL,Nord-est,0
021002,A286,Andriano/Andrian,Andriano,ANDRIANO,Bolzano/Bozen,BZ,021,BOLZANO BOZEN,Trentino-Alto Adige/Südtirol,04,TRENTINO ALTO ADIGE SUDTIROL,Nord-est,0
021003,A306,Anterivo/Altrei,Anterivo,ANTERIVO,Bolzano/Bozen,BZ,021,BOLZANO BOZEN,Trentino-Alto Adige/Südtirol,04,TRENTINO ALTO ADIGE SUDTIROL,Nord-est,0
021004,A332,Appiano sulla strada del vino/Eppan an der Weinstraße,Appiano sulla strada del vino,APPIANO SULLA STRADA DEL VINO,Bolzano/Bozen,BZ,021,BOLZANO BOZEN,Trentino-Alto Adige/Südtirol,04,TRENTINO ALTO ADIGE SUDTIROL,Nord-est,0
021005,A507,Avelengo/Hafling,Avelengo,AVELENGO,Bolzano/Bozen,BZ,021,BOLZANO BOZEN,Trentino-Alto Adige/Südtirol,04,TRENTINO ALTO ADIGE SUDTIROL,Nord-est,0
021006,A537,Badia/Abtei,Badia,BADIA,Bolzano/Bozen,BZ,021,BOLZANO BOZEN,Trentino-Alto Adige/Südtirol,04,TRENTINO ALTO ADIGE SUDTIROL,Nord-est,0
021007,A635,Barbiano/Barbian,Barbiano,BARBIANO,Bolzano/Bozen,BZ,021,BOLZANO BOZEN,Trentino-Alto Adige/Südtirol,04,TRENTINO ALTO ADIGE SUDTIROL,Nord-est,0
021008,A952,Bolzano/Bozen,Bolzano,BOLZANO,Bolzano/Bozen,BZ,021,BOLZANO BOZEN,Trentino-Alto Adige/Südtirol,04,TRENTINO ALTO ADIGE SUDTIROL,Nord-est,1
021009,B116,Braies/Prags,Braies,BRAIES,Bolzano/Bozen,BZ,021,BOLZANO BOZEN,Trentino-Alto Adige/Südtirol,04,TRENTINO ALTO ADIGE SUDTIROL,Nord-est,0
021010,B145,Brennero/Brenner,Brennero,BRENNERO,Bolzano/Bozen,BZ,021,BOLZANO BOZEN,Trentino-Alto Adige/Südtirol,04,TRENTINO ALTO ADIGE SUDTIROL,Nord-est,0
021011,B160,Bressanone/Brixen,Bressanone,BRESSANONE,Bolzano/Bozen,BZ,021,BOLZANO BOZEN,Trentino-Alto Adige/Südtirol,04,TRENTINO ALTO ADIGE SUDTIROL,Nord-est,0
021012,B203,Bronzolo/Branzoll,Bronzolo,BRONZOLO,Bolzano/Bozen,BZ,021,BOLZANO BOZEN,Trentino-Alto Adige/Südtirol,04,TRENTINO ALTO ADIGE SUDTIROL,Nord-est,0
021013,B220,Brunico/Bruneck,Brunico,BRUNICO,Bolzano/Bozen,BZ,021,BOLZANO BOZEN,Trentino-Alto Adige/Südtirol,04,TRENTINO ALTO ADIGE SUDTIROL,Nord-est,0
021014,B364,Caines/Kuens,Caines,CAINES,Bolzano/Bozen,BZ,021,BOLZANO BOZEN,Trentino-Alto Adige/Südtirol,04,TRENTINO ALTO ADIGE SUDTIROL,Nord-est,0
021015,B397,Caldaro sulla strada del vino/Kaltern an der Weinstraße,Caldaro sulla strada del vino,CALDARO SULLA STRADA DEL VINO,Bolzano/Bozen,BZ,021,BOLZANO BOZEN,Trentino-Alto Adige/Südtirol,04,TRENTINO ALTO ADIGE SUDTIROL,Nord-est,0
021017,B570,Campo Tures/Sand in Taufers,Campo Tures,CAMPO TURES,Bolzano/Bozen,BZ,021,BOLZANO BOZEN,Trentino-Alto Adige/Südtirol,04,TRENTINO ALTO ADIGE SUDTIROL,Nord-est,0
021016,B529,Campo di Trens/Freienfeld,Campo di Trens,CAMPO DI TRENS,Bolzano/Bozen,BZ,021,BOLZANO BOZEN,Trentino-Alto Adige/Südtirol,04,TRENTINO ALTO ADIGE SUDTIROL,Nord-est,0
021018,C062,Castelbello-Ciardes/Kastelbell-Tschars,Castelbello-Ciardes,CASTELBELLO CIARDES,Bolzano/Bozen,BZ,021,BOLZANO BOZEN,Trentino-Alto Adige/Südtirol,04,TRENTINO ALTO ADIGE SUDTIROL,Nord-est,0
021019,C254,Castelrotto/Kastelruth,Castelrotto,CASTELROTTO,Bolzano/Bozen,BZ,021,BOLZANO BOZEN,Trentino-Alto Adige/Südtirol,04,TRENTINO ALTO ADIGE SUDTIROL,Nord-est,0
021020,A022,Cermes/Tscherms,Cermes,CERMES,Bolzano/Bozen,BZ,021,BOLZANO BOZEN,Trentino-Alto Adige/Südtirol,04,TRENTINO ALTO ADIGE SUDTIROL,Nord-est,0
021021,C625,Chienes/Kiens,Chienes,CHIENES,Bolzano/Bozen,BZ,021,BOLZANO BOZEN,Trentino-Alto Adige/Südtirol,04,TRENTINO ALTO ADIGE SUDTIROL,Nord-est,0
021022,C652,Chiusa/Klausen,Chiusa,CHIUSA,Bolzano/Bozen,BZ,021,BOLZANO BOZEN,Trentino-Alto Adige/Südtirol,04,TRENTINO ALTO ADIGE SUDTIROL,Nord-est,0
021023,B799,Cornedo all'Isarco/Karneid,Cornedo all'Isarco,CORNEDO ALL ISARCO,Bolzano/Bozen,BZ,021,BOLZANO BOZEN,Trentino-Alto Adige/Südtirol,04,TRENTINO ALTO ADIGE SUDTIROL,Nord-est,0
021024,D048,Cortaccia sulla strada del vino/Kurtatsch an der Weinstraße,Cortaccia sulla strada del vino,CORTACCIA SULLA STRADA DEL VINO,Bolzano/Bozen,BZ,021,BOLZANO BOZEN,Trentino-Alto Adige/Südtirol,04,TRENTINO ALTO ADIGE SUDTIROL,Nord-est,0
021025,D075,Cortina sulla strada del vino/Kurtinig an der Weinstraße,Cortina sulla strada del vino,CORTINA SULLA STRADA DEL VINO,Bolzano/Bozen,BZ,021,BOLZANO BOZEN,Trentino-Alto Adige/Südtirol,04,TRENTINO ALTO ADIGE SUDTIROL,Nord-est,0
021026,D079,Corvara in Badia/Corvara,Corvara in Badia,CORVARA IN BADIA,Bolzano/Bozen,BZ,021,BOLZANO BOZEN,Trentino-Alto Adige/Südtirol,04,TRENTINO ALTO ADIGE SUDTIROL,Nord-est,0
021027,D222,Curon Venosta/Graun im Vinschgau,Curon Venosta,CURON VENOSTA,Bolzano/Bozen,BZ,021,BOLZANO BOZEN,Trentino-Alto Adige/Südtirol,04,TRENTINO ALTO ADIGE SUDTIROL,Nord-est,0
021028,D311,Dobbiaco/Toblach,Dobbiaco,DOBBIACO,Bolzano/Bozen,BZ,021,BOLZANO BOZEN,Trentino-Alto Adige/Südtirol,04,TRENTINO ALTO ADIGE SUDTIROL,Nord-est,0
021029,D392,Egna/Neumarkt,Egna,EGNA,Bolzano/Bozen,BZ,021,BOLZANO BOZEN,Trentino-Alto Adige/Südtirol,04,TRENTINO ALTO ADIGE SUDTIROL,Nord-est,0
021030,D484,Falzes/Pfalzen,Falzes,FALZES,Bolzano/Bozen,BZ,021,BOLZANO BOZEN,Trentino-Alto Adige/Südtirol,04,TRENTINO ALTO ADIGE SUDTIROL,Nord-est,0
021031,D571,Fiè allo Sciliar/Völs am Schlern,Fiè allo Sciliar,FIE ALLO SCILIAR,Bolzano/Bozen,BZ,021,BOLZANO BOZEN,Trentino-Alto Adige/Südtirol,04,TRENTINO ALTO ADIGE SUDTIROL,Nord-est,0
021032,D731,Fortezza/Franzensfeste,Fortezza,FORTEZZA,Bolzano/Bozen,BZ,021,BOLZANO BOZEN,Trentino-Alto Adige/Südtirol,04,TRENTINO ALTO ADIGE SUDTIROL,Nord-est,0
021033,D821,Funes/Villnöß,Funes,FUNES,Bolzano/Bozen,BZ,021,BOLZANO BOZEN,Trentino-Alto Adige/Südtirol,04,TRENTINO ALTO ADIGE SUDTIROL,Nord-est,0
021034,D860,Gais/Gais,Gais,GAIS,Bolzano/Bozen,BZ,021,BOLZANO BOZEN,Trentino-Alto Adige/Südtirol,04,TRENTINO ALTO ADIGE SUDTIROL,Nord-est,0
021035,D923,Gargazzone/Gargazon,Gargazzone,GARGAZZONE,Bolzano/Bozen,BZ,021,BOLZANO BOZEN,Trentino-Alto Adige/Südtirol,04,TRENTINO ALTO ADIGE SUDTIROL,Nord-est,0
021036,E069,Glorenza/Glurns,Glorenza,GLORENZA,Bolzano/Bozen,BZ,021,BOLZANO BOZEN,Trentino-Alto Adige/Südtirol,04,TRENTINO ALTO ADIGE SUDTIROL,Nord-est,0
021117,E491,La Valle/Wengen,La Valle,LA VALLE,Bolzano/Bozen,BZ,021,BOLZANO BOZEN,Trentino-Alto Adige/Südtirol,04,TRENTINO ALTO ADIGE SUDTIROL,Nord-est,0
021037,E398,Laces/Latsch,Laces,LACES,Bolzano/Bozen,BZ,021,BOLZANO BOZEN,Trentino-Alto Adige/Südtirol,04,TRENTINO ALTO ADIGE SUDTIROL,Nord-est,0
021038,E412,Lagundo/Algund,Lagundo,LAGUNDO,Bolzano/Bozen,BZ,021,BOLZANO BOZEN,Trentino-Alto Adige/Südtirol,04,TRENTINO ALTO ADIGE SUDTIROL,Nord-est,0
021039,E420,Laion/Lajen,Laion,LAION,Bolzano/Bozen,BZ,021,BOLZANO BOZEN,Trentino-Alto Adige/Südtirol,04,TRENTINO ALTO ADIGE SUDTIROL,Nord-est,0
021040,E421,Laives/Leifers,Laives,LAIVES,Bolzano/Bozen,BZ,021,BOLZANO BOZEN,Trentino-Alto Adige/Südtirol,04,TRENTINO ALTO ADIGE SUDTIROL,Nord-est,0
021041,E434,Lana/Lana,Lana,LANA,Bolzano/Bozen,BZ,021,BOLZANO BOZEN,Trentino-Alto Adige/Südtirol,04,TRENTINO ALTO ADIGE SUDTIROL,Nord-est,0
021042,E457,Lasa/Laas,Lasa,LASA,Bolzano/Bozen,BZ,021,BOLZANO BOZEN,Trentino-Alto Adige/Südtirol,04,TRENTINO ALTO ADIGE SUDTIROL,Nord-est,0
021043,E481,Lauregno/Laurein,Lauregno,LAUREGNO,Bolzano/Bozen,BZ,021,BOLZANO BOZEN,Trentino-Alto Adige/Südtirol,04,TRENTINO ALTO ADIGE SUDTIROL,Nord-est,0
021044,E764,Luson/Lüsen,Luson,LUSON,Bolzano/Bozen,BZ,021,BOLZANO BOZEN,Trentino-Alto Adige/Südtirol,04,TRENTINO ALTO ADIGE SUDTIROL,Nord-est,0
021045,E829,Magrè sulla strada del vino/Margreid an der Weinstraße,Magrè sulla strada del vino,MAGRE SULLA STRADA DEL VINO,Bolzano/Bozen,BZ,021,BOLZANO BOZEN,Trentino-Alto Adige/Südtirol,04,TRENTINO ALTO ADIGE SUDTIROL,Nord-est,0
021046,E862,Malles Venosta/Mals,Malles Venosta,MALLES VENOSTA,Bolzano/Bozen,BZ,021,BOLZANO BOZEN,Trentino-Alto Adige/Südtirol,04,TRENTINO ALTO ADIGE SUDTIROL,Nord-est,0
021047,E938,Marebbe/Enneberg,Marebbe,MAREBBE,Bolzano/Bozen,BZ,021,BOLZANO BOZEN,Trentino-Alto Adige/Südtirol,04,TRENTINO ALTO ADIGE SUDTIROL,Nord-est,0
021048,E959,Marlengo/Marling,Marlengo,MARLENGO,Bolzano/Bozen,BZ,021,BOLZANO BOZEN,Trentino-Alto Adige/Südtirol,04,TRENTINO ALTO ADIGE SUDTIROL,Nord-est,0
021049,E981,Martello/Martell,Martello,MARTELLO,Bolzano/Bozen,BZ,021,BOLZANO BOZEN,Trentino-Alto Adige/Südtirol,04,TRENTINO ALTO ADIGE SUDTIROL,Nord-est,0
021050,F118,Meltina/Mölten,Meltina,MELTINA,Bolzano/Bozen,BZ,021,BOLZANO BOZEN,Trentino-Alto Adige/Südtirol,04,TRENTINO ALTO ADIGE SUDTIROL,Nord-est,0
021051,F132,Merano/Meran,Merano,MERANO,Bolzano/Bozen,BZ,021,BOLZANO BOZEN,Trentino-Alto Adige/Südtirol,04,TRENTINO ALTO ADIGE SUDTIROL,Nord-est,0
021052,F371,Monguelfo-Tesido/Welsberg-Taisten,Monguelfo-Tesido,MONGUELFO TESIDO,Bolzano/Bozen,BZ,021,BOLZANO BOZEN,Trentino-Alto Adige/Südtirol,04,TRENTINO ALTO ADIGE SUDTIROL,Nord-est,0
021053,F392,Montagna sulla strada del vino/Montan an der Weinstraße,Montagna sulla strada del vino,MONTAGNA SULLA STRADA DEL VINO,Bolzano/Bozen,BZ,021,BOLZANO BOZEN,Trentino-Alto Adige/Südtirol,04,TRENTINO ALTO ADIGE SUDTIROL,Nord-est,0
021054,F766,Moso in Passiria/Moos in Passeier,Moso in Passiria,MOSO IN PASSIRIA,Bolzano/Bozen,BZ,021,BOLZANO BOZEN,Trentino-Alto Adige/Südtirol,04,TRENTINO ALTO ADIGE SUDTIROL,Nord-est,0
021055,F836,Nalles/Nals,Nalles,NALLES,Bolzano/Bozen,BZ,021,BOLZANO BOZEN,Trentino-Alto Adige/Südtirol,04,TRENTINO ALTO ADIGE SUDTIROL,Nord-est,0
021056,F849,Naturno/Naturns,Naturno,NATURNO,Bolzano/Bozen,BZ,021,BOLZANO BOZEN,Trentino-Alto Adige/Südtirol,04,TRENTINO ALTO ADIGE SUDTIROL,Nord-est,0
021057,F856,Naz-Sciaves/Natz-Schabs,Naz-Sciaves,NAZ SCIAVES,Bolzano/Bozen,BZ,021,BOLZANO BOZEN,Trentino-Alto Adige/Südtirol,04,TRENTINO ALTO ADIGE SUDTIROL,Nord-est,0
021058,F949,Nova Levante/Welschnofen,Nova Levante,NOVA LEVANTE,Bolzano/Bozen,BZ,021,BOLZANO BOZEN,Trentino-Alto Adige/Südtirol,04,TRENTINO ALTO ADIGE SUDTIROL,Nord-est,0
021059,F950,Nova Ponente/Deutschnofen,Nova Ponente,NOVA PONENTE,Bolzano/Bozen,BZ,021,BOLZANO BOZEN,Trentino-Alto Adige/Südtirol,04,TRENTINO ALTO ADIGE SUDTIROL,Nord-est,0
021060,G083,Ora/Auer,Ora,ORA,Bolzano/Bozen,BZ,021,BOLZANO BOZEN,Trentino-Alto Adige/Südtirol,04,TRENTINO ALTO ADIGE SUDTIROL,Nord-est,0
021061,G140,Ortisei/St. Ulrich,Ortisei,ORTISEI,Bolzano/Bozen,BZ,021,BOLZANO BOZEN,Trentino-Alto Adige/Südtirol,04,TRENTINO ALTO ADIGE SUDTIROL,Nord-est,0
021062,G328,Parcines/Partschins,Parcines,PARCINES,Bolzano/Bozen,BZ,021,BOLZANO BOZEN,Trentino-Alto Adige/Südtirol,04,TRENTINO ALTO ADIGE SUDTIROL,Nord-est,0
021063,G443,Perca/Percha,Perca,PERCA,Bolzano/Bozen,BZ,021,BOLZANO BOZEN,Trentino-Alto Adige/Südtirol,04,TRENTINO ALTO ADIGE SUDTIROL,Nord-est,0
021064,G299,Plaus/Plaus,Plaus,PLAUS,Bolzano/Bozen,BZ,021,BOLZANO BOZEN,Trentino-Alto Adige/Südtirol,04,TRENTINO ALTO ADIGE SUDTIROL,Nord-est,0
021065,G830,Ponte Gardena/Waidbruck,Ponte Gardena,PONTE GARDENA,Bolzano/Bozen,BZ,021,BOLZANO BOZEN,Trentino-Alto Adige/Südtirol,04,TRENTINO ALTO ADIGE SUDTIROL,Nord-est,0
021066,G936,Postal/Burgstall,Postal,POSTAL,Bolzano/Bozen,BZ,021,BOLZANO BOZEN,Trentino-Alto Adige/Südtirol,04,TRENTINO ALTO ADIGE SUDTIROL,Nord-est,0
021067,H004,Prato allo Stelvio/Prad am Stilfserjoch,Prato allo Stelvio,PRATO ALLO STELVIO,Bolzano/Bozen,BZ,021,BOLZANO BOZEN,Trentino-Alto Adige/Südtirol,04,TRENTINO ALTO ADIGE SUDTIROL,Nord-est,0
021068,H019,Predoi/Prettau,Predoi,PREDOI,Bolzano/Bozen,BZ,021,BOLZANO BOZEN,Trentino-Alto Adige/Südtirol,04,TRENTINO ALTO ADIGE SUDTIROL,Nord-est,0
021069,H081,Proves/Proveis,Proves,PROVES,Bolzano/Bozen,BZ,021,BOLZANO BOZEN,Trentino-Alto Adige/Südtirol,04,TRENTINO ALTO ADIGE SUDTIROL,Nord-est,0
021070,H152,Racines/Ratschings,Racines,RACINES,Bolzano/Bozen,BZ,021,BOLZANO BOZEN,Trentino-Alto Adige/Südtirol,04,TRENTINO ALTO ADIGE SUDTIROL,Nord-est,0
021071,H189,Rasun-Anterselva/Rasen-Antholz,Rasun-Anterselva,RASUN ANTERSELVA,Bolzano/Bozen,BZ,021,BOLZANO BOZEN,Trentino-Alto Adige/Südtirol,04,TRENTINO ALTO ADIGE SUDTIROL,Nord-est,0
021072,H236,Renon/Ritten,Renon,RENON,Bolzano/Bozen,BZ,021,BOLZANO BOZEN,Trentino-Alto Adige/Südtirol,04,TRENTINO ALTO ADIGE SUDTIROL,Nord-est,0
021073,H284,Rifiano/Riffian,Rifiano,RIFIANO,Bolzano/Bozen,BZ,021,BOLZANO BOZEN,Trentino-Alto Adige/Südtirol,04,TRENTINO ALTO ADIGE SUDTIROL,Nord-est,0
021074,H299,Rio di Pusteria/Mühlbach,Rio di Pusteria,RIO DI PUSTERIA,Bolzano/Bozen,BZ,021,BOLZANO BOZEN,Trentino-Alto Adige/Südtirol,04,TRENTINO ALTO ADIGE SUDTIROL,Nord-est,0
021075,H475,Rodengo/Rodeneck,Rodengo,RODENGO,Bolzano/Bozen,BZ,021,BOLZANO BOZEN,Trentino-Alto Adige/Südtirol,04,TRENTINO ALTO ADIGE SUDTIROL,Nord-est,0
021076,H719,Salorno sulla strada del vino/Salurn an der Weinstraße,Salorno sulla strada del vino,SALORNO SULLA STRADA DEL VINO,Bolzano/Bozen,BZ,021,BOLZANO BOZEN,Trentino-Alto Adige/Südtirol,04,TRENTINO ALTO ADIGE SUDTIROL,Nord-est,0
021077,H786,San Candido/Innichen,San Candido,SAN CANDIDO,Bolzano/Bozen,BZ,021,BOLZANO BOZEN,Trentino-Alto Adige/Südtirol,04,TRENTINO ALTO ADIGE SUDTIROL,Nord-est,0
021079,H858,San Genesio Atesino/Jenesien,San Genesio Atesino,SAN GENESIO ATESINO,Bolzano/Bozen,BZ,021,BOLZANO BOZEN,Trentino-Alto Adige/Südtirol,04,TRENTINO ALTO ADIGE SUDTIROL,Nord-est,0
021080,H952,San Leonardo in Passiria/St. Leonhard in Passeier,San Leonardo in Passiria,SAN LEONARDO IN PASSIRIA,Bolzano/Bozen,BZ,021,BOLZANO BOZEN,Trentino-Alto Adige/Südtirol,04,TRENTINO ALTO ADIGE SUDTIROL,Nord-est,0
021081,H956,San Lorenzo di Sebato/St. Lorenzen,San Lorenzo di Sebato,SAN LORENZO DI SEBATO,Bolzano/Bozen,BZ,021,BOLZANO BOZEN,Trentino-Alto Adige/Südtirol,04,TRENTINO ALTO ADIGE SUDTIROL,Nord-est,0
021082,H988,San Martino in Badia/St. Martin in Thurn,San Martino in Badia,SAN MARTINO IN BADIA,Bolzano/Bozen,BZ,021,BOLZANO BOZEN,Trentino-Alto Adige/Südtirol,04,TRENTINO ALTO ADIGE SUDTIROL,Nord-est,0
021083,H989,San Martino in Passiria/St. Martin in Passeier,San Martino in Passiria,SAN MARTINO IN PASSIRIA,Bolzano/Bozen,BZ,021,BOLZANO BOZEN,Trentino-Alto Adige/Südtirol,04,TRENTINO ALTO ADIGE SUDTIROL,Nord-est,0
021084,I065,San Pancrazio/St. Pankraz,San Pancrazio,SAN PANCRAZIO,Bolzano/Bozen,BZ,021,BOLZANO BOZEN,Trentino-Alto Adige/Südtirol,04,TRENTINO ALTO ADIGE SUDTIROL,Nord-est,0
021085,I173,Santa Cristina Valgardena/St. Christina in Gröden,Santa Cristina Valgardena,SANTA CRISTINA VALGARDENA,Bolzano/Bozen,BZ,021,BOLZANO BOZEN,Trentino-Alto Adige/Südtirol,04,TRENTINO ALTO ADIGE SUDTIROL,Nord-est,0
021086,I431,Sarentino/Sarntal,Sarentino,SARENTINO,Bolzano/Bozen,BZ,021,BOLZANO BOZEN,Trentino-Alto Adige/Südtirol,04,TRENTINO ALTO ADIGE SUDTIROL,Nord-est,0
021087,I519,Scena/Schenna,Scena,SCENA,Bolzano/Bozen,BZ,021,BOLZANO BOZEN,Trentino-Alto Adige/Südtirol,04,TRENTINO ALTO ADIGE SUDTIROL,Nord-est,0
021088,I593,Selva dei Molini/Mühlwald,Selva dei Molini,SELVA DEI MOLINI,Bolzano/Bozen,BZ,021,BOLZANO BOZEN,Trentino-Alto Adige/Südtirol,04,TRENTINO ALTO ADIGE SUDTIROL,Nord-est,0
021089,I591,Selva di Val Gardena/Wolkenstein in Gröden,Selva di Val Gardena,SELVA DI VAL GARDENA,Bolzano/Bozen,BZ,021,BOLZANO BOZEN,Trentino-Alto Adige/Südtirol,04,TRENTINO ALTO ADIGE SUDTIROL,Nord-est,0
021118,I603,Senale-San Felice/Unsere Liebe Frau im Walde-St. Felix,Senale-San Felice,SENALE SAN FELICE,Bolzano/Bozen,BZ,021,BOLZANO BOZEN,Trentino-Alto Adige/Südtirol,04,TRENTINO ALTO ADIGE SUDTIROL,Nord-est,0
021091,I604,Senales/Schnals,Senales,SENALES,Bolzano/Bozen,BZ,021,BOLZANO BOZEN,Trentino-Alto Adige/Südtirol,04,TRENTINO ALTO ADIGE SUDTIROL,Nord-est,0
021092,I687,Sesto/Sexten,Sesto,SESTO,Bolzano/Bozen,BZ,021,BOLZANO BOZEN,Trentino-Alto Adige/Südtirol,04,TRENTINO ALTO ADIGE SUDTIROL,Nord-est,0
021093,I729,Silandro/Schlanders,Silandro,SILANDRO,Bolzano/Bozen,BZ,021,BOLZANO BOZEN,Trentino-Alto Adige/Südtirol,04,TRENTINO ALTO ADIGE SUDTIROL,Nord-est,0
021094,I771,Sluderno/Schluderns,Sluderno,SLUDERNO,Bolzano/Bozen,BZ,021,BOLZANO BOZEN,Trentino-Alto Adige/Südtirol,04,TRENTINO ALTO ADIGE SUDTIROL,Nord-est,0
021095,I948,Stelvio/Stilfs,Stelvio,STELVIO,Bolzano/Bozen,BZ,021,BOLZANO BOZEN,Trentino-Alto Adige/Südtirol,04,TRENTINO ALTO ADIGE SUDTIROL,Nord-est,0
021096,L106,Terento/Terenten,Terento,TERENTO,Bolzano/Bozen,BZ,021,BOLZANO BOZEN,Trentino-Alto Adige/Südtirol,04,TRENTINO ALTO ADIGE SUDTIROL,Nord-est,0
021097,L108,Terlano/Terlan,Terlano,TERLANO,Bolzano/Bozen,BZ,021,BOLZANO BOZEN,Trentino-Alto Adige/Südtirol,04,TRENTINO ALTO ADIGE SUDTIROL,Nord-est,0
021098,L111,Termeno sulla strada del vino/Tramin an der Weinstraße,Termeno sulla strada del vino,TERMENO SULLA STRADA DEL VINO,Bolzano/Bozen,BZ,021,BOLZANO BOZEN,Trentino-Alto Adige/Südtirol,04,TRENTINO ALTO ADIGE SUDTIROL,Nord-est,0
021099,L149,Tesimo/Tisens,Tesimo,TESIMO,Bolzano/Bozen,BZ,021,BOLZANO BOZEN,Trentino-Alto Adige/Südtirol,04,TRENTINO ALTO ADIGE SUDTIROL,Nord-est,0
021100,L176,Tires/Tiers,Tires,TIRES,Bolzano/Bozen,BZ,021,BOLZANO BOZEN,Trentino-Alto Adige/Südtirol,04,TRENTINO ALTO ADIGE SUDTIROL,Nord-est,0
021101,L178,Tirolo/Tirol,Tirolo,TIROLO,Bolzano/Bozen,BZ,021,BOLZANO BOZEN,Trentino-Alto Adige/Südtirol,04,TRENTINO ALTO ADIGE SUDTIROL,Nord-est,0
021102,L444,Trodena nel parco naturale/Truden im Naturpark,Trodena nel parco naturale,TRODENA NEL PARCO NATURALE,Bolzano/Bozen,BZ,021,BOLZANO BOZEN,Trentino-Alto Adige/Südtirol,04,TRENTINO ALTO ADIGE SUDTIROL,Nord-est,0
021103,L455,Tubre/Taufers im Münstertal,Tubre,TUBRE,Bolzano/Bozen,BZ,021,BOLZANO BOZEN,Trentino-Alto Adige/Südtirol,04,TRENTINO ALTO ADIGE SUDTIROL,Nord-est,0
021104,L490,Ultimo/Ulten,Ultimo,ULTIMO,Bolzano/Bozen,BZ,021,BOLZANO BOZEN,Trentino-Alto Adige/Südtirol,04,TRENTINO ALTO ADIGE SUDTIROL,Nord-est,0
021105,L527,Vadena/Pfatten,Vadena,VADENA,Bolzano/Bozen,BZ,021,BOLZANO BOZEN,Trentino-Alto Adige/Südtirol,04,TRENTINO ALTO ADIGE SUDTIROL,Nord-est,0
021107,L564,Val di Vizze/Pfitsch,Val di Vizze,VAL DI VIZZE,Bolzano/Bozen,BZ,021,BOLZANO BOZEN,Trentino-Alto Adige/Südtirol,04,TRENTINO ALTO ADIGE SUDTIROL,Nord-est,0
021106,L552,Valdaora/Olang,Valdaora,VALDAORA,Bolzano/Bozen,BZ,021,BOLZANO BOZEN,Trentino-Alto Adige/Südtirol,04,TRENTINO ALTO ADIGE SUDTIROL,Nord-est,0
021108,L595,Valle Aurina/Ahrntal,Valle Aurina,VALLE AURINA,Bolzano/Bozen,BZ,021,BOLZANO BOZEN,Trentino-Alto Adige/Südtirol,04,TRENTINO ALTO ADIGE SUDTIROL,Nord-est,0
021109,L601,Valle di Casies/Gsies,Valle di Casies,VALLE DI CASIES,Bolzano/Bozen,BZ,021,BOLZANO BOZEN,Trentino-Alto Adige/Südtirol,04,TRENTINO ALTO ADIGE SUDTIROL,Nord-est,0
021110,L660,Vandoies/Vintl,Vandoies,VANDOIES,Bolzano/Bozen,BZ,021,BOLZANO BOZEN,Trentino-Alto Adige/Südtirol,04,TRENTINO ALTO ADIGE SUDTIROL,Nord-est,0
021111,L687,Varna/Vahrn,Varna,VARNA,Bolzano/Bozen,BZ,021,BOLZANO BOZEN,Trentino-Alto Adige/Südtirol,04,TRENTINO ALTO ADIGE SUDTIROL,Nord-est,0
021116,L724,Velturno/Feldthurns,Velturno,VELTURNO,Bolzano/Bozen,BZ,021,BOLZANO BOZEN,Trentino-Alto Adige/Südtirol,04,TRENTINO ALTO ADIGE SUDTIROL,Nord-est,0
021112,L745,Verano/Vöran,Verano,VERANO,Bolzano/Bozen,BZ,021,BOLZANO BOZEN,Trentino-Alto Adige/Südtirol,04,TRENTINO ALTO ADIGE SUDTIROL,Nord-est,0
021113,L915,Villabassa/Niederdorf,Villabassa,VILLABASSA,Bolzano/Bozen,BZ,021,BOLZANO BOZEN,Trentino-Alto Adige/Südtirol,04,TRENTINO ALTO ADIGE SUDTIROL,Nord-est,0
021114,L971,Villandro/Villanders,Villandro,VILLANDRO,Bolzano/Bozen,BZ,021,BOLZANO BOZEN,Trentino-Alto Adige/Südtirol,04,TRENTINO ALTO ADIGE SUDTIROL,Nord-est,0
021115,M067,Vipiteno/Sterzing,Vipiteno,VIPITENO,Bolzano/Bozen,BZ,021,BOLZANO BOZEN,Trentino-Alto Adige/Südtirol,04,TRENTINO ALTO ADIGE SUDTIROL,Nord-est,0
022001,A116,Ala,Ala,ALA,Trento,TN,022,TRENTO,Trentino-Alto Adige/Südtirol,04,TRENTINO ALTO ADIGE SUDTIROL,Nord-est,0
022002,A158,Albiano,Albiano,ALBIANO,Trento,TN,022,TRENTO,Trentino-Alto Adige/Südtirol,04,TRENTINO ALTO ADIGE SUDTIROL,Nord-est,0
022003,A178,Aldeno,Aldeno,ALDENO,Trento,TN,022,TRENTO,Trentino-Alto Adige/Südtirol,04,TRENTINO ALTO ADIGE SUDTIROL,Nord-est,0
022235,M349,Altavalle,Altavalle,ALTAVALLE,Trento,TN,022,TRENTO,Trentino-Alto Adige/Südtirol,04,TRENTINO ALTO ADIGE SUDTIROL,Nord-est,0
022236,M350,Altopiano della Vigolana,Altopiano della Vigolana,ALTOPIANO DELLA VIGOLANA,Trento,TN,022,TRENTO,Trentino-Alto Adige/Südtirol,04,TRENTINO ALTO ADIGE SUDTIROL,Nord-est,0
022237,M351,Amblar-Don,Amblar-Don,AMBLAR DON,Trento,TN,022,TRENTO,Trentino-Alto Adige/Südtirol,04,TRENTINO ALTO ADIGE SUDTIROL,Nord-est,0
022005,A274,Andalo,Andalo,ANDALO,Trento,TN,022,TRENTO,Trentino-Alto Adige/Südtirol,04,TRENTINO ALTO ADIGE SUDTIROL,Nord-est,0
022006,A372,Arco,Arco,ARCO,Trento,TN,022,TRENTO,Trentino-Alto Adige/Südtirol,04,TRENTINO ALTO ADIGE SUDTIROL,Nord-est,0
022007,A520,Avio,Avio,AVIO,Trento,TN,022,TRENTO,Trentino-Alto Adige/Südtirol,04,TRENTINO ALTO ADIGE SUDTIROL,Nord-est,0
022009,A694,Baselga di Pinè,Baselga di Pinè,BASELGA DI PINE,Trento,TN,022,TRENTO,Trentino-Alto Adige/Südtirol,04,TRENTINO ALTO ADIGE SUDTIROL,Nord-est,0
022011,A730,Bedollo,Bedollo,BEDOLLO,Trento,TN,022,TRENTO,Trentino-Alto Adige/Südtirol,04,TRENTINO ALTO ADIGE SUDTIROL,Nord-est,0
022013,A821,Besenello,Besenello,BESENELLO,Trento,TN,022,TRENTO,Trentino-Alto Adige/Südtirol,04,TRENTINO ALTO ADIGE SUDTIROL,Nord-est,0
022015,A863,Bieno,Bieno,BIENO,Trento,TN,022,TRENTO,Trentino-Alto Adige/Südtirol,04,TRENTINO ALTO ADIGE SUDTIROL,Nord-est,0
022017,A902,Bleggio Superiore,Bleggio Superiore,BLEGGIO SUPERIORE,Trento,TN,022,TRENTO,Trentino-Alto Adige/Südtirol,04,TRENTINO ALTO ADIGE SUDTIROL,Nord-est,0
022018,A916,Bocenago,Bocenago,BOCENAGO,Trento,TN,022,TRENTO,Trentino-Alto Adige/Südtirol,04,TRENTINO ALTO ADIGE SUDTIROL,Nord-est,0
022021,A968,Bondone,Bondone,BONDONE,Trento,TN,022,TRENTO,Trentino-Alto Adige/Südtirol,04,TRENTINO ALTO ADIGE SUDTIROL,Nord-est,0
022238,M352,Borgo Chiese,Borgo Chiese,BORGO CHIESE,Trento,TN,022,TRENTO,Trentino-Alto Adige/Südtirol,04,TRENTINO ALTO ADIGE SUDTIROL,Nord-est,0
022239,M353,Borgo Lares,Borgo Lares,BORGO LARES,Trento,TN,022,TRENTO,Trentino-Alto Adige/Südtirol,04,TRENTINO ALTO ADIGE SUDTIROL,Nord-est,0
022022,B006,Borgo Valsugana,Borgo Valsugana,BORGO VALSUGANA,Trento,TN,022,TRENTO,Trentino-Alto Adige/Südtirol,04,TRENTINO ALTO ADIGE SUDTIROL,Nord-est,0
022252,M429,Borgo d'Anaunia,Borgo d'Anaunia,BORGO D ANAUNIA,Trento,TN,022,TRENTO,Trentino-Alto Adige/Südtirol,04,TRENTINO ALTO ADIGE SUDTIROL,Nord-est,0
022025,B153,Brentonico,Brentonico,BRENTONICO,Trento,TN,022,TRENTO,Trentino-Alto Adige/Südtirol,04,TRENTINO ALTO ADIGE SUDTIROL,Nord-est,0
022026,B158,Bresimo,Bresimo,BRESIMO,Trento,TN,022,TRENTO,Trentino-Alto Adige/Südtirol,04,TRENTINO ALTO ADIGE SUDTIROL,Nord-est,0
022029,B335,Caderzone Terme,Caderzone Terme,CADERZONE TERME,Trento,TN,022,TRENTO,Trentino-Alto Adige/Südtirol,04,TRENTINO ALTO ADIGE SUDTIROL,Nord-est,0
022032,B389,Calceranica al Lago,Calceranica al Lago,CALCERANICA AL LAGO,Trento,TN,022,TRENTO,Trentino-Alto Adige/Südtirol,04,TRENTINO ALTO ADIGE SUDTIROL,Nord-est,0
022033,B400,Caldes,Caldes,CALDES,Trento,TN,022,TRENTO,Trentino-Alto Adige/Südtirol,04,TRENTINO ALTO ADIGE SUDTIROL,Nord-est,0
022034,B404,Caldonazzo,Caldonazzo,CALDONAZZO,Trento,TN,022,TRENTO,Trentino-Alto Adige/Südtirol,04,TRENTINO ALTO ADIGE SUDTIROL,Nord-est,0
022035,B419,Calliano,Calliano,CALLIANO,Trento,TN,022,TRENTO,Trentino-Alto Adige/Südtirol,04,TRENTINO ALTO ADIGE SUDTIROL,Nord-est,0
022036,B514,Campitello di Fassa,Campitello di Fassa,CAMPITELLO DI FASSA,Trento,TN,022,TRENTO,Trentino-Alto Adige/Südtirol,04,TRENTINO ALTO ADIGE SUDTIROL,Nord-est,0
022037,B525,Campodenno,Campodenno,CAMPODENNO,Trento,TN,022,TRENTO,Trentino-Alto Adige/Südtirol,04,TRENTINO ALTO ADIGE SUDTIROL,Nord-est,0
022038,B577,Canal San Bovo,Canal San Bovo,CANAL SAN BOVO,Trento,TN,022,TRENTO,Trentino-Alto Adige/Südtirol,04,TRENTINO ALTO ADIGE SUDTIROL,Nord-est,0
022039,B579,Canazei,Canazei,CANAZEI,Trento,TN,022,TRENTO,Trentino-Alto Adige/Südtirol,04,TRENTINO ALTO ADIGE SUDTIROL,Nord-est,0
022040,B697,Capriana,Capriana,CAPRIANA,Trento,TN,022,TRENTO,Trentino-Alto Adige/Südtirol,04,TRENTINO ALTO ADIGE SUDTIROL,Nord-est,0
022042,B783,Carisolo,Carisolo,CARISOLO,Trento,TN,022,TRENTO,Trentino-Alto Adige/Südtirol,04,TRENTINO ALTO ADIGE SUDTIROL,Nord-est,0
022043,B856,Carzano,Carzano,CARZANO,Trento,TN,022,TRENTO,Trentino-Alto Adige/Südtirol,04,TRENTINO ALTO ADIGE SUDTIROL,Nord-est,0
022045,C183,Castel Condino,Castel Condino,CASTEL CONDINO,Trento,TN,022,TRENTO,Trentino-Alto Adige/Südtirol,04,TRENTINO ALTO ADIGE SUDTIROL,Nord-est,0
022240,M354,Castel Ivano,Castel Ivano,CASTEL IVANO,Trento,TN,022,TRENTO,Trentino-Alto Adige/Südtirol,04,TRENTINO ALTO ADIGE SUDTIROL,Nord-est,0
022048,C194,Castello Tesino,Castello Tesino,CASTELLO TESINO,Trento,TN,022,TRENTO,Trentino-Alto Adige/Südtirol,04,TRENTINO ALTO ADIGE SUDTIROL,Nord-est,0
022047,C189,Castello-Molina di Fiemme,Castello-Molina di Fiemme,CASTELLO MOLINA DI FIEMME,Trento,TN,022,TRENTO,Trentino-Alto Adige/Südtirol,04,TRENTINO ALTO ADIGE SUDTIROL,Nord-est,0
022049,C216,Castelnuovo,Castelnuovo,CASTELNUOVO,Trento,TN,022,TRENTO,Trentino-Alto Adige/Südtirol,04,TRENTINO ALTO ADIGE SUDTIROL,Nord-est,0
022050,C372,Cavalese,Cavalese,CAVALESE,Trento,TN,022,TRENTO,Trentino-Alto Adige/Südtirol,04,TRENTINO ALTO ADIGE SUDTIROL,Nord-est,0
022051,C380,Cavareno,Cavareno,CAVARENO,Trento,TN,022,TRENTO,Trentino-Alto Adige/Südtirol,04,TRENTINO ALTO ADIGE SUDTIROL,Nord-est,0
022052,C392,Cavedago,Cavedago,CAVEDAGO,Trento,TN,022,TRENTO,Trentino-Alto Adige/Südtirol,04,TRENTINO ALTO ADIGE SUDTIROL,Nord-est,0
022053,C393,Cavedine,Cavedine,CAVEDINE,Trento,TN,022,TRENTO,Trentino-Alto Adige/Südtirol,04,TRENTINO ALTO ADIGE SUDTIROL,Nord-est,0
022054,C400,Cavizzana,Cavizzana,CAVIZZANA,Trento,TN,022,TRENTO,Trentino-Alto Adige/Südtirol,04,TRENTINO ALTO ADIGE SUDTIROL,Nord-est,0
022241,M355,Cembra Lisignago,Cembra Lisignago,CEMBRA LISIGNAGO,Trento,TN,022,TRENTO,Trentino-Alto Adige/Südtirol,04,TRENTINO ALTO ADIGE SUDTIROL,Nord-est,0
022058,C700,Cimone,Cimone,CIMONE,Trento,TN,022,TRENTO,Trentino-Alto Adige/Südtirol,04,TRENTINO ALTO ADIGE SUDTIROL,Nord-est,0
022059,C712,Cinte Tesino,Cinte Tesino,CINTE TESINO,Trento,TN,022,TRENTO,Trentino-Alto Adige/Südtirol,04,TRENTINO ALTO ADIGE SUDTIROL,Nord-est,0
022060,C727,Cis,Cis,CIS,Trento,TN,022,TRENTO,Trentino-Alto Adige/Südtirol,04,TRENTINO ALTO ADIGE SUDTIROL,Nord-est,0
022061,C756,Civezzano,Civezzano,CIVEZZANO,Trento,TN,022,TRENTO,Trentino-Alto Adige/Südtirol,04,TRENTINO ALTO ADIGE SUDTIROL,Nord-est,0
022062,C794,Cles,Cles,CLES,Trento,TN,022,TRENTO,Trentino-Alto Adige/Südtirol,04,TRENTINO ALTO ADIGE SUDTIROL,Nord-est,0
022228,M314,Comano Terme,Comano Terme,COMANO TERME,Trento,TN,022,TRENTO,Trentino-Alto Adige/Südtirol,04,TRENTINO ALTO ADIGE SUDTIROL,Nord-est,0
022064,C931,Commezzadura,Commezzadura,COMMEZZADURA,Trento,TN,022,TRENTO,Trentino-Alto Adige/Südtirol,04,TRENTINO ALTO ADIGE SUDTIROL,Nord-est,0
022242,M356,Contà,Contà,CONTA,Trento,TN,022,TRENTO,Trentino-Alto Adige/Südtirol,04,TRENTINO ALTO ADIGE SUDTIROL,Nord-est,0
022068,D188,Croviana,Croviana,CROVIANA,Trento,TN,022,TRENTO,Trentino-Alto Adige/Südtirol,04,TRENTINO ALTO ADIGE SUDTIROL,Nord-est,0
022071,D246,Dambel,Dambel,DAMBEL,Trento,TN,022,TRENTO,Trentino-Alto Adige/Südtirol,04,TRENTINO ALTO ADIGE SUDTIROL,Nord-est,0
022074,D273,Denno,Denno,DENNO,Trento,TN,022,TRENTO,Trentino-Alto Adige/Südtirol,04,TRENTINO ALTO ADIGE SUDTIROL,Nord-est,0
022233,M366,Dimaro Folgarida,Dimaro Folgarida,DIMARO FOLGARIDA,Trento,TN,022,TRENTO,Trentino-Alto Adige/Südtirol,04,TRENTINO ALTO ADIGE SUDTIROL,Nord-est,0
022078,D365,Drena,Drena,DRENA,Trento,TN,022,TRENTO,Trentino-Alto Adige/Südtirol,04,TRENTINO ALTO ADIGE SUDTIROL,Nord-est,0
022079,D371,Dro,Dro,DRO,Trento,TN,022,TRENTO,Trentino-Alto Adige/Südtirol,04,TRENTINO ALTO ADIGE SUDTIROL,Nord-est,0
022081,D468,Fai della Paganella,Fai della Paganella,FAI DELLA PAGANELLA,Trento,TN,022,TRENTO,Trentino-Alto Adige/Südtirol,04,TRENTINO ALTO ADIGE SUDTIROL,Nord-est,0
022083,D565,Fiavè,Fiavè,FIAVE,Trento,TN,022,TRENTO,Trentino-Alto Adige/Südtirol,04,TRENTINO ALTO ADIGE SUDTIROL,Nord-est,0
022085,D573,Fierozzo,Fierozzo,FIEROZZO,Trento,TN,022,TRENTO,Trentino-Alto Adige/Südtirol,04,TRENTINO ALTO ADIGE SUDTIROL,Nord-est,0
022087,D651,Folgaria,Folgaria,FOLGARIA,Trento,TN,022,TRENTO,Trentino-Alto Adige/Südtirol,04,TRENTINO ALTO ADIGE SUDTIROL,Nord-est,0
022089,D714,Fornace,Fornace,FORNACE,Trento,TN,022,TRENTO,Trentino-Alto Adige/Südtirol,04,TRENTINO ALTO ADIGE SUDTIROL,Nord-est,0
022090,D775,Frassilongo,Frassilongo,FRASSILONGO,Trento,TN,022,TRENTO,Trentino-Alto Adige/Südtirol,04,TRENTINO ALTO ADIGE SUDTIROL,Nord-est,0
022091,D928,Garniga Terme,Garniga Terme,GARNIGA TERME,Trento,TN,022,TRENTO,Trentino-Alto Adige/Südtirol,04,TRENTINO ALTO ADIGE SUDTIROL,Nord-est,0
022092,E048,Giovo,Giovo,GIOVO,Trento,TN,022,TRENTO,Trentino-Alto Adige/Südtirol,04,TRENTINO ALTO ADIGE SUDTIROL,Nord-est,0
022093,E065,Giustino,Giustino,GIUSTINO,Trento,TN,022,TRENTO,Trentino-Alto Adige/Südtirol,04,TRENTINO ALTO ADIGE SUDTIROL,Nord-est,0
022095,E178,Grigno,Grigno,GRIGNO,Trento,TN,022,TRENTO,Trentino-Alto Adige/Südtirol,04,TRENTINO ALTO ADIGE SUDTIROL,Nord-est,0
022097,E288,Imer,Imer,IMER,Trento,TN,022,TRENTO,Trentino-Alto Adige/Südtirol,04,TRENTINO ALTO ADIGE SUDTIROL,Nord-est,0
022098,E334,Isera,Isera,ISERA,Trento,TN,022,TRENTO,Trentino-Alto Adige/Südtirol,04,TRENTINO ALTO ADIGE SUDTIROL,Nord-est,0
022102,E492,Lavarone,Lavarone,LAVARONE,Trento,TN,022,TRENTO,Trentino-Alto Adige/Südtirol,04,TRENTINO ALTO ADIGE SUDTIROL,Nord-est,0
022103,E500,Lavis,Lavis,LAVIS,Trento,TN,022,TRENTO,Trentino-Alto Adige/Südtirol,04,TRENTINO ALTO ADIGE SUDTIROL,Nord-est,0
022229,M313,Ledro,Ledro,LEDRO,Trento,TN,022,TRENTO,Trentino-Alto Adige/Südtirol,04,TRENTINO ALTO ADIGE SUDTIROL,Nord-est,0
022104,E565,Levico Terme,Levico Terme,LEVICO TERME,Trento,TN,022,TRENTO,Trentino-Alto Adige/Südtirol,04,TRENTINO ALTO ADIGE SUDTIROL,Nord-est,0
022106,E624,Livo,Livo,LIVO,Trento,TN,022,TRENTO,Trentino-Alto Adige/Südtirol,04,TRENTINO ALTO ADIGE SUDTIROL,Nord-est,0
022108,E664,Lona-Lases,Lona-Lases,LONA LASES,Trento,TN,022,TRENTO,Trentino-Alto Adige/Südtirol,04,TRENTINO ALTO ADIGE SUDTIROL,Nord-est,0
022109,E757,Luserna,Luserna,LUSERNA,Trento,TN,022,TRENTO,Trentino-Alto Adige/Südtirol,04,TRENTINO ALTO ADIGE SUDTIROL,Nord-est,0
022243,M357,Madruzzo,Madruzzo,MADRUZZO,Trento,TN,022,TRENTO,Trentino-Alto Adige/Südtirol,04,TRENTINO ALTO ADIGE SUDTIROL,Nord-est,0
022110,E850,Malé,Malé,MALE,Trento,TN,022,TRENTO,Trentino-Alto Adige/Südtirol,04,TRENTINO ALTO ADIGE SUDTIROL,Nord-est,0
022112,F045,Massimeno,Massimeno,MASSIMENO,Trento,TN,022,TRENTO,Trentino-Alto Adige/Südtirol,04,TRENTINO ALTO ADIGE SUDTIROL,Nord-est,0
022113,F068,Mazzin,Mazzin,MAZZIN,Trento,TN,022,TRENTO,Trentino-Alto Adige/Südtirol,04,TRENTINO ALTO ADIGE SUDTIROL,Nord-est,0
022114,F168,Mezzana,Mezzana,MEZZANA,Trento,TN,022,TRENTO,Trentino-Alto Adige/Südtirol,04,TRENTINO ALTO ADIGE SUDTIROL,Nord-est,0
022115,F176,Mezzano,Mezzano,MEZZANO,Trento,TN,022,TRENTO,Trentino-Alto Adige/Südtirol,04,TRENTINO ALTO ADIGE SUDTIROL,Nord-est,0
022116,F183,Mezzocorona,Mezzocorona,MEZZOCORONA,Trento,TN,022,TRENTO,Trentino-Alto Adige/Südtirol,04,TRENTINO ALTO ADIGE SUDTIROL,Nord-est,0
022117,F187,Mezzolombardo,Mezzolombardo,MEZZOLOMBARDO,Trento,TN,022,TRENTO,Trentino-Alto Adige/Südtirol,04,TRENTINO ALTO ADIGE SUDTIROL,Nord-est,0
022118,F263,Moena,Moena,MOENA,Trento,TN,022,TRENTO,Trentino-Alto Adige/Südtirol,04,TRENTINO ALTO ADIGE SUDTIROL,Nord-est,0
022120,F307,Molveno,Molveno,MOLVENO,Trento,TN,022,TRENTO,Trentino-Alto Adige/Südtirol,04,TRENTINO ALTO ADIGE SUDTIROL,Nord-est,0
022123,F728,Mori,Mori,MORI,Trento,TN,022,TRENTO,Trentino-Alto Adige/Südtirol,04,TRENTINO ALTO ADIGE SUDTIROL,Nord-est,0
022124,F835,Nago-Torbole,Nago-Torbole,NAGO TORBOLE,Trento,TN,022,TRENTO,Trentino-Alto Adige/Südtirol,04,TRENTINO ALTO ADIGE SUDTIROL,Nord-est,0
022127,F920,Nogaredo,Nogaredo,NOGAREDO,Trento,TN,022,TRENTO,Trentino-Alto Adige/Südtirol,04,TRENTINO ALTO ADIGE SUDTIROL,Nord-est,0
022128,F929,Nomi,Nomi,NOMI,Trento,TN,022,TRENTO,Trentino-Alto Adige/Südtirol,04,TRENTINO ALTO ADIGE SUDTIROL,Nord-est,0
022129,F947,Novaledo,Novaledo,NOVALEDO,Trento,TN,022,TRENTO,Trentino-Alto Adige/Südtirol,04,TRENTINO ALTO ADIGE SUDTIROL,Nord-est,0
022253,M430,Novella,Novella,NOVELLA,Trento,TN,022,TRENTO,Trentino-Alto Adige/Südtirol,04,TRENTINO ALTO ADIGE SUDTIROL,Nord-est,0
022130,G168,Ospedaletto,Ospedaletto,OSPEDALETTO,Trento,TN,022,TRENTO,Trentino-Alto Adige/Südtirol,04,TRENTINO ALTO ADIGE SUDTIROL,Nord-est,0
022131,G173,Ossana,Ossana,OSSANA,Trento,TN,022,TRENTO,Trentino-Alto Adige/Südtirol,04,TRENTINO ALTO ADIGE SUDTIROL,Nord-est,0
022133,G296,Palù del Fersina,Palù del Fersina,PALU DEL FERSINA,Trento,TN,022,TRENTO,Trentino-Alto Adige/Südtirol,04,TRENTINO ALTO ADIGE SUDTIROL,Nord-est,0
022134,G305,Panchià,Panchià,PANCHIA,Trento,TN,022,TRENTO,Trentino-Alto Adige/Südtirol,04,TRENTINO ALTO ADIGE SUDTIROL,Nord-est,0
022136,G419,Peio,Peio,PEIO,Trento,TN,022,TRENTO,Trentino-Alto Adige/Südtirol,04,TRENTINO ALTO ADIGE SUDTIROL,Nord-est,0
022137,G428,Pellizzano,Pellizzano,PELLIZZANO,Trento,TN,022,TRENTO,Trentino-Alto Adige/Südtirol,04,TRENTINO ALTO ADIGE SUDTIROL,Nord-est,0
022138,G429,Pelugo,Pelugo,PELUGO,Trento,TN,022,TRENTO,Trentino-Alto Adige/Südtirol,04,TRENTINO ALTO ADIGE SUDTIROL,Nord-est,0
022139,G452,Pergine Valsugana,Pergine Valsugana,PERGINE VALSUGANA,Trento,TN,022,TRENTO,Trentino-Alto Adige/Südtirol,04,TRENTINO ALTO ADIGE SUDTIROL,Nord-est,0
022142,G656,Pieve Tesino,Pieve Tesino,PIEVE TESINO,Trento,TN,022,TRENTO,Trentino-Alto Adige/Südtirol,04,TRENTINO ALTO ADIGE SUDTIROL,Nord-est,0
022234,M365,Pieve di Bono-Prezzo,Pieve di Bono-Prezzo,PIEVE DI BONO PREZZO,Trento,TN,022,TRENTO,Trentino-Alto Adige/Südtirol,04,TRENTINO ALTO ADIGE SUDTIROL,Nord-est,0
022143,G681,Pinzolo,Pinzolo,PINZOLO,Trento,TN,022,TRENTO,Trentino-Alto Adige/Südtirol,04,TRENTINO ALTO ADIGE SUDTIROL,Nord-est,0
022144,G808,Pomarolo,Pomarolo,POMAROLO,Trento,TN,022,TRENTO,Trentino-Alto Adige/Südtirol,04,TRENTINO ALTO ADIGE SUDTIROL,Nord-est,0
022244,M358,Porte di Rendena,Porte di Rendena,PORTE DI RENDENA,Trento,TN,022,TRENTO,Trentino-Alto Adige/Südtirol,04,TRENTINO ALTO ADIGE SUDTIROL,Nord-est,0
022230,M344,Predaia,Predaia,PREDAIA,Trento,TN,022,TRENTO,Trentino-Alto Adige/Südtirol,04,TRENTINO ALTO ADIGE SUDTIROL,Nord-est,0
022147,H018,Predazzo,Predazzo,PREDAZZO,Trento,TN,022,TRENTO,Trentino-Alto Adige/Südtirol,04,TRENTINO ALTO ADIGE SUDTIROL,Nord-est,0
022245,M359,Primiero San Martino di Castrozza,Primiero San Martino di Castrozza,PRIMIERO SAN MARTINO DI CASTROZZA,Trento,TN,022,TRENTO,Trentino-Alto Adige/Südtirol,04,TRENTINO ALTO ADIGE SUDTIROL,Nord-est,0
022150,H146,Rabbi,Rabbi,RABBI,Trento,TN,022,TRENTO,Trentino-Alto Adige/Südtirol,04,TRENTINO ALTO ADIGE SUDTIROL,Nord-est,0
022153,H330,Riva del Garda,Riva del Garda,RIVA DEL GARDA,Trento,TN,022,TRENTO,Trentino-Alto Adige/Südtirol,04,TRENTINO ALTO ADIGE SUDTIROL,Nord-est,0
022155,H517,Romeno,Romeno,ROMENO,Trento,TN,022,TRENTO,Trentino-Alto Adige/Südtirol,04,TRENTINO ALTO ADIGE SUDTIROL,Nord-est,0
022156,H528,Roncegno Terme,Roncegno Terme,RONCEGNO TERME,Trento,TN,022,TRENTO,Trentino-Alto Adige/Südtirol,04,TRENTINO ALTO ADIGE SUDTIROL,Nord-est,0
022157,H532,Ronchi Valsugana,Ronchi Valsugana,RONCHI VALSUGANA,Trento,TN,022,TRENTO,Trentino-Alto Adige/Südtirol,04,TRENTINO ALTO ADIGE SUDTIROL,Nord-est,0
022135,M303,Ronzo-Chienis,Ronzo-Chienis,RONZO CHIENIS,Trento,TN,022,TRENTO,Trentino-Alto Adige/Südtirol,04,TRENTINO ALTO ADIGE SUDTIROL,Nord-est,0
022159,H552,Ronzone,Ronzone,RONZONE,Trento,TN,022,TRENTO,Trentino-Alto Adige/Südtirol,04,TRENTINO ALTO ADIGE SUDTIROL,Nord-est,0
022161,H612,Rovereto,Rovereto,ROVERETO,Trento,TN,022,TRENTO,Trentino-Alto Adige/Südtirol,04,TRENTINO ALTO ADIGE SUDTIROL,Nord-est,0
022160,H607,Roverè della Luna,Roverè della Luna,ROVERE DELLA LUNA,Trento,TN,022,TRENTO,Trentino-Alto Adige/Südtirol,04,TRENTINO ALTO ADIGE SUDTIROL,Nord-est,0
022162,H634,Ruffrè-Mendola,Ruffrè-Mendola,RUFFRE MENDOLA,Trento,TN,022,TRENTO,Trentino-Alto Adige/Südtirol,04,TRENTINO ALTO ADIGE SUDTIROL,Nord-est,0
022163,H639,Rumo,Rumo,RUMO,Trento,TN,022,TRENTO,Trentino-Alto Adige/Südtirol,04,TRENTINO ALTO ADIGE SUDTIROL,Nord-est,0
022164,H666,Sagron Mis,Sagron Mis,SAGRON MIS,Trento,TN,022,TRENTO,Trentino-Alto Adige/Südtirol,04,TRENTINO ALTO ADIGE SUDTIROL,Nord-est,0
022165,H754,Samone,Samone,SAMONE,Trento,TN,022,TRENTO,Trentino-Alto Adige/Südtirol,04,TRENTINO ALTO ADIGE SUDTIROL,Nord-est,0
022250,M390,San Giovanni di Fassa-Sèn Jan,San Giovanni di Fassa,SAN GIOVANNI DI FASSA,Trento,TN,022,TRENTO,Trentino-Alto Adige/Südtirol,04,TRENTINO ALTO ADIGE SUDTIROL,Nord-est,0
022231,M345,San Lorenzo Dorsino,San Lorenzo Dorsino,SAN LORENZO DORSINO,Trento,TN,022,TRENTO,Trentino-Alto Adige/Südtirol,04,TRENTINO ALTO ADIGE SUDTIROL,Nord-est,0
022167,I042,San Michele all'Adige,San Michele all'Adige,SAN MICHELE ALL ADIGE,Trento,TN,022,TRENTO,Trentino-Alto Adige/Südtirol,04,TRENTINO ALTO ADIGE SUDTIROL,Nord-est,0
022168,I354,Sant'Orsola Terme,Sant'Orsola Terme,SANT ORSOLA TERME,Trento,TN,022,TRENTO,Trentino-Alto Adige/Südtirol,04,TRENTINO ALTO ADIGE SUDTIROL,Nord-est,0
022169,I411,Sanzeno,Sanzeno,SANZENO,Trento,TN,022,TRENTO,Trentino-Alto Adige/Südtirol,04,TRENTINO ALTO ADIGE SUDTIROL,Nord-est,0
022170,I439,Sarnonico,Sarnonico,SARNONICO,Trento,TN,022,TRENTO,Trentino-Alto Adige/Südtirol,04,TRENTINO ALTO ADIGE SUDTIROL,Nord-est,0
022171,I554,Scurelle,Scurelle,SCURELLE,Trento,TN,022,TRENTO,Trentino-Alto Adige/Südtirol,04,TRENTINO ALTO ADIGE SUDTIROL,Nord-est,0
022172,I576,Segonzano,Segonzano,SEGONZANO,Trento,TN,022,TRENTO,Trentino-Alto Adige/Südtirol,04,TRENTINO ALTO ADIGE SUDTIROL,Nord-est,0
022246,M360,Sella Giudicarie,Sella Giudicarie,SELLA GIUDICARIE,Trento,TN,022,TRENTO,Trentino-Alto Adige/Südtirol,04,TRENTINO ALTO ADIGE SUDTIROL,Nord-est,0
022173,I714,Sfruz,Sfruz,SFRUZ,Trento,TN,022,TRENTO,Trentino-Alto Adige/Südtirol,04,TRENTINO ALTO ADIGE SUDTIROL,Nord-est,0
022176,I839,Soraga di Fassa,Soraga di Fassa,SORAGA DI FASSA,Trento,TN,022,TRENTO,Trentino-Alto Adige/Südtirol,04,TRENTINO ALTO ADIGE SUDTIROL,Nord-est,0
022177,I871,Sover,Sover,SOVER,Trento,TN,022,TRENTO,Trentino-Alto Adige/Südtirol,04,TRENTINO ALTO ADIGE SUDTIROL,Nord-est,0
022179,I899,Spiazzo,Spiazzo,SPIAZZO,Trento,TN,022,TRENTO,Trentino-Alto Adige/Südtirol,04,TRENTINO ALTO ADIGE SUDTIROL,Nord-est,0
022180,I924,Spormaggiore,Spormaggiore,SPORMAGGIORE,Trento,TN,022,TRENTO,Trentino-Alto Adige/Südtirol,04,TRENTINO ALTO ADIGE SUDTIROL,Nord-est,0
022181,I925,Sporminore,Sporminore,SPORMINORE,Trento,TN,022,TRENTO,Trentino-Alto Adige/Südtirol,04,TRENTINO ALTO ADIGE SUDTIROL,Nord-est,0
022182,I949,Stenico,Stenico,STENICO,Trento,TN,022,TRENTO,Trentino-Alto Adige/Südtirol,04,TRENTINO ALTO ADIGE SUDTIROL,Nord-est,0
022183,I964,Storo,Storo,STORO,Trento,TN,022,TRENTO,Trentino-Alto Adige/Südtirol,04,TRENTINO ALTO ADIGE SUDTIROL,Nord-est,0
022184,I975,Strembo,Strembo,STREMBO,Trento,TN,022,TRENTO,Trentino-Alto Adige/Südtirol,04,TRENTINO ALTO ADIGE SUDTIROL,Nord-est,0
022188,L089,Telve,Telve,TELVE,Trento,TN,022,TRENTO,Trentino-Alto Adige/Südtirol,04,TRENTINO ALTO ADIGE SUDTIROL,Nord-est,0
022189,L090,Telve di Sopra,Telve di Sopra,TELVE DI SOPRA,Trento,TN,022,TRENTO,Trentino-Alto Adige/Südtirol,04,TRENTINO ALTO ADIGE SUDTIROL,Nord-est,0
022190,L096,Tenna,Tenna,TENNA,Trento,TN,022,TRENTO,Trentino-Alto Adige/Südtirol,04,TRENTINO ALTO ADIGE SUDTIROL,Nord-est,0
022191,L097,Tenno,Tenno,TENNO,Trento,TN,022,TRENTO,Trentino-Alto Adige/Südtirol,04,TRENTINO ALTO ADIGE SUDTIROL,Nord-est,0
022193,L121,Terragnolo,Terragnolo,TERRAGNOLO,Trento,TN,022,TRENTO,Trentino-Alto Adige/Südtirol,04,TRENTINO ALTO ADIGE SUDTIROL,Nord-est,0
022251,M407,Terre d'Adige,Terre d'Adige,TERRE D ADIGE,Trento,TN,022,TRENTO,Trentino-Alto Adige/Südtirol,04,TRENTINO ALTO ADIGE SUDTIROL,Nord-est,0
022195,L145,Terzolas,Terzolas,TERZOLAS,Trento,TN,022,TRENTO,Trentino-Alto Adige/Südtirol,04,TRENTINO ALTO ADIGE SUDTIROL,Nord-est,0
022196,L147,Tesero,Tesero,TESERO,Trento,TN,022,TRENTO,Trentino-Alto Adige/Südtirol,04,TRENTINO ALTO ADIGE SUDTIROL,Nord-est,0
022199,L174,Tione di Trento,Tione di Trento,TIONE DI TRENTO,Trento,TN,022,TRENTO,Trentino-Alto Adige/Südtirol,04,TRENTINO ALTO ADIGE SUDTIROL,Nord-est,0
022200,L200,Ton,Ton,TON,Trento,TN,022,TRENTO,Trentino-Alto Adige/Südtirol,04,TRENTINO ALTO ADIGE SUDTIROL,Nord-est,0
022202,L211,Torcegno,Torcegno,TORCEGNO,Trento,TN,022,TRENTO,Trentino-Alto Adige/Südtirol,04,TRENTINO ALTO ADIGE SUDTIROL,Nord-est,0
022203,L322,Trambileno,Trambileno,TRAMBILENO,Trento,TN,022,TRENTO,Trentino-Alto Adige/Südtirol,04,TRENTINO ALTO ADIGE SUDTIROL,Nord-est,0
022247,M361,Tre Ville,Tre Ville,TRE VILLE,Trento,TN,022,TRENTO,Trentino-Alto Adige/Südtirol,04,TRENTINO ALTO ADIGE SUDTIROL,Nord-est,0
022205,L378,Trento,Trento,TRENTO,Trento,TN,022,TRENTO,Trentino-Alto Adige/Südtirol,04,TRENTINO ALTO ADIGE SUDTIROL,Nord-est,1
022232,M343,Valdaone,Valdaone,VALDAONE,Trento,TN,022,TRENTO,Trentino-Alto Adige/Südtirol,04,TRENTINO ALTO ADIGE SUDTIROL,Nord-est,0
022209,L575,Valfloriana,Valfloriana,VALFLORIANA,Trento,TN,022,TRENTO,Trentino-Alto Adige/Südtirol,04,TRENTINO ALTO ADIGE SUDTIROL,Nord-est,0
022210,L588,Vallarsa,Vallarsa,VALLARSA,Trento,TN,022,TRENTO,Trentino-Alto Adige/Südtirol,04,TRENTINO ALTO ADIGE SUDTIROL,Nord-est,0
022248,M362,Vallelaghi,Vallelaghi,VALLELAGHI,Trento,TN,022,TRENTO,Trentino-Alto Adige/Südtirol,04,TRENTINO ALTO ADIGE SUDTIROL,Nord-est,0
022213,L769,Vermiglio,Vermiglio,VERMIGLIO,Trento,TN,022,TRENTO,Trentino-Alto Adige/Südtirol,04,TRENTINO ALTO ADIGE SUDTIROL,Nord-est,0
022216,L886,Vignola-Falesina,Vignola-Falesina,VIGNOLA FALESINA,Trento,TN,022,TRENTO,Trentino-Alto Adige/Südtirol,04,TRENTINO ALTO ADIGE SUDTIROL,Nord-est,0
022222,L957,Villa Lagarina,Villa Lagarina,VILLA LAGARINA,Trento,TN,022,TRENTO,Trentino-Alto Adige/Südtirol,04,TRENTINO ALTO ADIGE SUDTIROL,Nord-est,0
022249,M363,Ville d'Anaunia,Ville d'Anaunia,VILLE D ANAUNIA,Trento,TN,022,TRENTO,Trentino-Alto Adige/Südtirol,04,TRENTINO ALTO ADIGE SUDTIROL,Nord-est,0
022254,M431,Ville di Fiemme,Ville di Fiemme,VILLE DI FIEMME,Trento,TN,022,TRENTO,Trentino-Alto Adige/Südtirol,04,TRENTINO ALTO ADIGE SUDTIROL,Nord-est,0
022224,M113,Volano,Volano,VOLANO,Trento,TN,022,TRENTO,Trentino-Alto Adige/Südtirol,04,TRENTINO ALTO ADIGE SUDTIROL,Nord-est,0
022226,M173,Ziano di Fiemme,Ziano di Fiemme,ZIANO DI FIEMME,Trento,TN,022,TRENTO,Trentino-Alto Adige/Südtirol,04,TRENTINO ALTO ADIGE SUDTIROL,Nord-est,0
054001,A475,Assisi,Assisi,ASSISI,Perugia,PG,054,PERUGIA,Umbria,10,UMBRIA,Centro,0
054002,A710,Bastia Umbra,Bastia Umbra,BASTIA UMBRA,Perugia,PG,054,PERUGIA,Umbria,10,UMBRIA,Centro,0
054003,A832,Bettona,Bettona,BETTONA,Perugia,PG,054,PERUGIA,Umbria,10,UMBRIA,Centro,0
054004,A835,Bevagna,Bevagna,BEVAGNA,Perugia,PG,054,PERUGIA,Umbria,10,UMBRIA,Centro,0
054005,B504,Campello sul Clitunno,Campello sul Clitunno,CAMPELLO SUL CLITUNNO,Perugia,PG,054,PERUGIA,Umbria,10,UMBRIA,Centro,0
054006,B609,Cannara,Cannara,CANNARA,Perugia,PG,054,PERUGIA,Umbria,10,UMBRIA,Centro,0
054007,B948,Cascia,Cascia,CASCIA,Perugia,PG,054,PERUGIA,Umbria,10,UMBRIA,Centro,0
054008,C252,Castel Ritaldi,Castel Ritaldi,CASTEL RITALDI,Perugia,PG,054,PERUGIA,Umbria,10,UMBRIA,Centro,0
054009,C309,Castiglione del Lago,Castiglione del Lago,CASTIGLIONE DEL LAGO,Perugia,PG,054,PERUGIA,Umbria,10,UMBRIA,Centro,0
054010,C527,Cerreto di Spoleto,Cerreto di Spoleto,CERRETO DI SPOLETO,Perugia,PG,054,PERUGIA,Umbria,10,UMBRIA,Centro,0
054011,C742,Citerna,Citerna,CITERNA,Perugia,PG,054,PERUGIA,Umbria,10,UMBRIA,Centro,0
054012,C744,Città della Pieve,Città della Pieve,CITTA DELLA PIEVE,Perugia,PG,054,PERUGIA,Umbria,10,UMBRIA,Centro,0
054013,C745,Città di Castello,Città di Castello,CITTA DI CASTELLO,Perugia,PG,054,PERUGIA,Umbria,10,UMBRIA,Centro,0
054014,C845,Collazzone,Collazzone,COLLAZZONE,Perugia,PG,054,PERUGIA,Umbria,10,UMBRIA,Centro,0
054015,C990,Corciano,Corciano,CORCIANO,Perugia,PG,054,PERUGIA,Umbria,10,UMBRIA,Centro,0
054016,D108,Costacciaro,Costacciaro,COSTACCIARO,Perugia,PG,054,PERUGIA,Umbria,10,UMBRIA,Centro,0
054017,D279,Deruta,Deruta,DERUTA,Perugia,PG,054,PERUGIA,Umbria,10,UMBRIA,Centro,0
054018,D653,Foligno,Foligno,FOLIGNO,Perugia,PG,054,PERUGIA,Umbria,10,UMBRIA,Centro,0
054019,D745,Fossato di Vico,Fossato di Vico,FOSSATO DI VICO,Perugia,PG,054,PERUGIA,Umbria,10,UMBRIA,Centro,0
054020,D787,Fratta Todina,Fratta Todina,FRATTA TODINA,Perugia,PG,054,PERUGIA,Umbria,10,UMBRIA,Centro,0
054021,E012,Giano dell'Umbria,Giano dell'Umbria,GIANO DELL UMBRIA,Perugia,PG,054,PERUGIA,Umbria,10,UMBRIA,Centro,0
054022,E229,Gualdo Cattaneo,Gualdo Cattaneo,GUALDO CATTANEO,Perugia,PG,054,PERUGIA,Umbria,10,UMBRIA,Centro,0
054023,E230,Gualdo Tadino,Gualdo Tadino,GUALDO TADINO,Perugia,PG,054,PERUGIA,Umbria,10,UMBRIA,Centro,0
054024,E256,Gubbio,Gubbio,GUBBIO,Perugia,PG,054,PERUGIA,Umbria,10,UMBRIA,Centro,0
054025,E613,Lisciano Niccone,Lisciano Niccone,LISCIANO NICCONE,Perugia,PG,054,PERUGIA,Umbria,10,UMBRIA,Centro,0
054026,E805,Magione,Magione,MAGIONE,Perugia,PG,054,PERUGIA,Umbria,10,UMBRIA,Centro,0
054027,E975,Marsciano,Marsciano,MARSCIANO,Perugia,PG,054,PERUGIA,Umbria,10,UMBRIA,Centro,0
054028,F024,Massa Martana,Massa Martana,MASSA MARTANA,Perugia,PG,054,PERUGIA,Umbria,10,UMBRIA,Centro,0
054029,F456,Monte Castello di Vibio,Monte Castello di Vibio,MONTE CASTELLO DI VIBIO,Perugia,PG,054,PERUGIA,Umbria,10,UMBRIA,Centro,0
054032,F629,Monte Santa Maria Tiberina,Monte Santa Maria Tiberina,MONTE SANTA MARIA TIBERINA,Perugia,PG,054,PERUGIA,Umbria,10,UMBRIA,Centro,0
054030,F492,Montefalco,Montefalco,MONTEFALCO,Perugia,PG,054,PERUGIA,Umbria,10,UMBRIA,Centro,0
054031,F540,Monteleone di Spoleto,Monteleone di Spoleto,MONTELEONE DI SPOLETO,Perugia,PG,054,PERUGIA,Umbria,10,UMBRIA,Centro,0
054033,F685,Montone,Montone,MONTONE,Perugia,PG,054,PERUGIA,Umbria,10,UMBRIA,Centro,0
054034,F911,Nocera Umbra,Nocera Umbra,NOCERA UMBRA,Perugia,PG,054,PERUGIA,Umbria,10,UMBRIA,Centro,0
054035,F935,Norcia,Norcia,NORCIA,Perugia,PG,054,PERUGIA,Umbria,10,UMBRIA,Centro,0
054036,G212,Paciano,Paciano,PACIANO,Perugia,PG,054,PERUGIA,Umbria,10,UMBRIA,Centro,0
054037,G308,Panicale,Panicale,PANICALE,Perugia,PG,054,PERUGIA,Umbria,10,UMBRIA,Centro,0
054038,G359,Passignano sul Trasimeno,Passignano sul Trasimeno,PASSIGNANO SUL TRASIMENO,Perugia,PG,054,PERUGIA,Umbria,10,UMBRIA,Centro,0
054039,G478,Perugia,Perugia,PERUGIA,Perugia,PG,054,PERUGIA,Umbria,10,UMBRIA,Centro,1
054040,G601,Piegaro,Piegaro,PIEGARO,Perugia,PG,054,PERUGIA,Umbria,10,UMBRIA,Centro,0
054041,G618,Pietralunga,Pietralunga,PIETRALUNGA,Perugia,PG,054,PERUGIA,Umbria,10,UMBRIA,Centro,0
054042,G758,Poggiodomo,Poggiodomo,POGGIODOMO,Perugia,PG,054,PERUGIA,Umbria,10,UMBRIA,Centro,0
054043,H015,Preci,Preci,PRECI,Perugia,PG,054,PERUGIA,Umbria,10,UMBRIA,Centro,0
054044,H935,San Giustino,San Giustino,SAN GIUSTINO,Perugia,PG,054,PERUGIA,Umbria,10,UMBRIA,Centro,0
054045,I263,Sant'Anatolia di Narco,Sant'Anatolia di Narco,SANT ANATOLIA DI NARCO,Perugia,PG,054,PERUGIA,Umbria,10,UMBRIA,Centro,0
054046,I522,Scheggia e Pascelupo,Scheggia e Pascelupo,SCHEGGIA E PASCELUPO,Perugia,PG,054,PERUGIA,Umbria,10,UMBRIA,Centro,0
054047,I523,Scheggino,Scheggino,SCHEGGINO,Perugia,PG,054,PERUGIA,Umbria,10,UMBRIA,Centro,0
054048,I585,Sellano,Sellano,SELLANO,Perugia,PG,054,PERUGIA,Umbria,10,UMBRIA,Centro,0
054049,I727,Sigillo,Sigillo,SIGILLO,Perugia,PG,054,PERUGIA,Umbria,10,UMBRIA,Centro,0
054050,I888,Spello,Spello,SPELLO,Perugia,PG,054,PERUGIA,Umbria,10,UMBRIA,Centro,0
054051,I921,Spoleto,Spoleto,SPOLETO,Perugia,PG,054,PERUGIA,Umbria,10,UMBRIA,Centro,0
054052,L188,Todi,Todi,TODI,Perugia,PG,054,PERUGIA,Umbria,10,UMBRIA,Centro,0
054053,L216,Torgiano,Torgiano,TORGIANO,Perugia,PG,054,PERUGIA,Umbria,10,UMBRIA,Centro,0
054054,L397,Trevi,Trevi,TREVI,Perugia,PG,054,PERUGIA,Umbria,10,UMBRIA,Centro,0
054055,L466,Tuoro sul Trasimeno,Tuoro sul Trasimeno,TUORO SUL TRASIMENO,Perugia,PG,054,PERUGIA,Umbria,10,UMBRIA,Centro,0
054056,D786,Umbertide,Umbertide,UMBERTIDE,Perugia,PG,054,PERUGIA,Umbria,10,UMBRIA,Centro,0
054057,L573,Valfabbrica,Valfabbrica,VALFABBRICA,Perugia,PG,054,PERUGIA,Umbria,10,UMBRIA,Centro,0
054058,L627,Vallo di Nera,Vallo di Nera,VALLO DI NERA,Perugia,PG,054,PERUGIA,Umbria,10,UMBRIA,Centro,0
054059,L653,Valtopina,Valtopina,VALTOPINA,Perugia,PG,054,PERUGIA,Umbria,10,UMBRIA,Centro,0
055001,A045,Acquasparta,Acquasparta,ACQUASPARTA,Terni,TR,055,TERNI,Umbria,10,UMBRIA,Centro,0
055002,A207,Allerona,Allerona,ALLERONA,Terni,TR,055,TERNI,Umbria,10,UMBRIA,Centro,0
055003,A242,Alviano,Alviano,ALVIANO,Terni,TR,055,TERNI,Umbria,10,UMBRIA,Centro,0
055004,A262,Amelia,Amelia,AMELIA,Terni,TR,055,TERNI,Umbria,10,UMBRIA,Centro,0
055005,A439,Arrone,Arrone,ARRONE,Terni,TR,055,TERNI,Umbria,10,UMBRIA,Centro,0
055006,A490,Attigliano,Attigliano,ATTIGLIANO,Terni,TR,055,TERNI,Umbria,10,UMBRIA,Centro,0
055033,M258,Avigliano Umbro,Avigliano Umbro,AVIGLIANO UMBRO,Terni,TR,055,TERNI,Umbria,10,UMBRIA,Centro,0
055007,A691,Baschi,Baschi,BASCHI,Terni,TR,055,TERNI,Umbria,10,UMBRIA,Centro,0
055008,B446,Calvi dell'Umbria,Calvi dell'Umbria,CALVI DELL UMBRIA,Terni,TR,055,TERNI,Umbria,10,UMBRIA,Centro,0
055009,C117,Castel Giorgio,Castel Giorgio,CASTEL GIORGIO,Terni,TR,055,TERNI,Umbria,10,UMBRIA,Centro,0
055010,C289,Castel Viscardo,Castel Viscardo,CASTEL VISCARDO,Terni,TR,055,TERNI,Umbria,10,UMBRIA,Centro,0
055011,D454,Fabro,Fabro,FABRO,Terni,TR,055,TERNI,Umbria,10,UMBRIA,Centro,0
055012,D538,Ferentillo,Ferentillo,FERENTILLO,Terni,TR,055,TERNI,Umbria,10,UMBRIA,Centro,0
055013,D570,Ficulle,Ficulle,FICULLE,Terni,TR,055,TERNI,Umbria,10,UMBRIA,Centro,0
055014,E045,Giove,Giove,GIOVE,Terni,TR,055,TERNI,Umbria,10,UMBRIA,Centro,0
055015,E241,Guardea,Guardea,GUARDEA,Terni,TR,055,TERNI,Umbria,10,UMBRIA,Centro,0
055016,E729,Lugnano in Teverina,Lugnano in Teverina,LUGNANO IN TEVERINA,Terni,TR,055,TERNI,Umbria,10,UMBRIA,Centro,0
055017,F457,Montecastrilli,Montecastrilli,MONTECASTRILLI,Terni,TR,055,TERNI,Umbria,10,UMBRIA,Centro,0
055018,F462,Montecchio,Montecchio,MONTECCHIO,Terni,TR,055,TERNI,Umbria,10,UMBRIA,Centro,0
055019,F510,Montefranco,Montefranco,MONTEFRANCO,Terni,TR,055,TERNI,Umbria,10,UMBRIA,Centro,0
055020,F513,Montegabbione,Montegabbione,MONTEGABBIONE,Terni,TR,055,TERNI,Umbria,10,UMBRIA,Centro,0
055021,F543,Monteleone d'Orvieto,Monteleone d'Orvieto,MONTELEONE D ORVIETO,Terni,TR,055,TERNI,Umbria,10,UMBRIA,Centro,0
055022,F844,Narni,Narni,NARNI,Terni,TR,055,TERNI,Umbria,10,UMBRIA,Centro,0
055023,G148,Orvieto,Orvieto,ORVIETO,Terni,TR,055,TERNI,Umbria,10,UMBRIA,Centro,0
055024,G189,Otricoli,Otricoli,OTRICOLI,Terni,TR,055,TERNI,Umbria,10,UMBRIA,Centro,0
055025,G344,Parrano,Parrano,PARRANO,Terni,TR,055,TERNI,Umbria,10,UMBRIA,Centro,0
055026,G432,Penna in Teverina,Penna in Teverina,PENNA IN TEVERINA,Terni,TR,055,TERNI,Umbria,10,UMBRIA,Centro,0
055027,G790,Polino,Polino,POLINO,Terni,TR,055,TERNI,Umbria,10,UMBRIA,Centro,0
055028,G881,Porano,Porano,PORANO,Terni,TR,055,TERNI,Umbria,10,UMBRIA,Centro,0
055029,H857,San Gemini,San Gemini,SAN GEMINI,Terni,TR,055,TERNI,Umbria,10,UMBRIA,Centro,0
055030,I381,San Venanzo,San Venanzo,SAN VENANZO,Terni,TR,055,TERNI,Umbria,10,UMBRIA,Centro,0
055031,I981,Stroncone,Stroncone,STRONCONE,Terni,TR,055,TERNI,Umbria,10,UMBRIA,Centro,0
055032,L117,Terni,Terni,TERNI,Terni,TR,055,TERNI,Umbria,10,UMBRIA,Centro,1
007001,A205,Allein,Allein,ALLEIN,Valle d'Aosta/Vallée d'Aoste,AO,007,VALLE D AOSTA VALLEE D AOSTE,Valle d'Aosta/Vallée d'Aoste,02,VALLE D AOSTA VALLEE D AOSTE,Nord-ovest,0
007002,A305,Antey-Saint-André,Antey-Saint-André,ANTEY SAINT ANDRE,Valle d'Aosta/Vallée d'Aoste,AO,007,VALLE D AOSTA VALLEE D AOSTE,Valle d'Aosta/Vallée d'Aoste,02,VALLE D AOSTA VALLEE D AOSTE,Nord-ovest,0
007003,A326,Aosta,Aosta,AOSTA,Valle d'Aosta/Vallée d'Aoste,AO,007,VALLE D AOSTA VALLEE D AOSTE,Valle d'Aosta/Vallée d'Aoste,02,VALLE D AOSTA VALLEE D AOSTE,Nord-ovest,1
007004,A424,Arnad,Arnad,ARNAD,Valle d'Aosta/Vallée d'Aoste,AO,007,VALLE D AOSTA VALLEE D AOSTE,Valle d'Aosta/Vallée d'Aoste,02,VALLE D AOSTA VALLEE D AOSTE,Nord-ovest,0
007005,A452,Arvier,Arvier,ARVIER,Valle d'Aosta/Vallée d'Aoste,AO,007,VALLE D AOSTA VALLEE D AOSTE,Valle d'Aosta/Vallée d'Aoste,02,VALLE D AOSTA VALLEE D AOSTE,Nord-ovest,0
007006,A521,Avise,Avise,AVISE,Valle d'Aosta/Vallée d'Aoste,AO,007,VALLE D AOSTA VALLEE D AOSTE,Valle d'Aosta/Vallée d'Aoste,02,VALLE D AOSTA VALLEE D AOSTE,Nord-ovest,0
007007,A094,Ayas,Ayas,AYAS,Valle d'Aosta/Vallée d'Aoste,AO,007,VALLE D AOSTA VALLEE D AOSTE,Valle d'Aosta/Vallée d'Aoste,02,VALLE D AOSTA VALLEE D AOSTE,Nord-ovest,0
007008,A108,Aymavilles,Aymavilles,AYMAVILLES,Valle d'Aosta/Vallée d'Aoste,AO,007,VALLE D AOSTA VALLEE D AOSTE,Valle d'Aosta/Vallée d'Aoste,02,VALLE D AOSTA VALLEE D AOSTE,Nord-ovest,0
007009,A643,Bard,Bard,BARD,Valle d'Aosta/Vallée d'Aoste,AO,007,VALLE D AOSTA VALLEE D AOSTE,Valle d'Aosta/Vallée d'Aoste,02,VALLE D AOSTA VALLEE D AOSTE,Nord-ovest,0
007010,A877,Bionaz,Bionaz,BIONAZ,Valle d'Aosta/Vallée d'Aoste,AO,007,VALLE D AOSTA VALLEE D AOSTE,Valle d'Aosta/Vallée d'Aoste,02,VALLE D AOSTA VALLEE D AOSTE,Nord-ovest,0
007011,B192,Brissogne,Brissogne,BRISSOGNE,Valle d'Aosta/Vallée d'Aoste,AO,007,VALLE D AOSTA VALLEE D AOSTE,Valle d'Aosta/Vallée d'Aoste,02,VALLE D AOSTA VALLEE D AOSTE,Nord-ovest,0
007012,B230,Brusson,Brusson,BRUSSON,Valle d'Aosta/Vallée d'Aoste,AO,007,VALLE D AOSTA VALLEE D AOSTE,Valle d'Aosta/Vallée d'Aoste,02,VALLE D AOSTA VALLEE D AOSTE,Nord-ovest,0
007013,C593,Challand-Saint-Anselme,Challand-Saint-Anselme,CHALLAND SAINT ANSELME,Valle d'Aosta/Vallée d'Aoste,AO,007,VALLE D AOSTA VALLEE D AOSTE,Valle d'Aosta/Vallée d'Aoste,02,VALLE D AOSTA VALLEE D AOSTE,Nord-ovest,0
007014,C594,Challand-Saint-Victor,Challand-Saint-Victor,CHALLAND SAINT VICTOR,Valle d'Aosta/Vallée d'Aoste,AO,007,VALLE D AOSTA VALLEE D AOSTE,Valle d'Aosta/Vallée d'Aoste,02,VALLE D AOSTA VALLEE D AOSTE,Nord-ovest,0
007015,C595,Chambave,Chambave,CHAMBAVE,Valle d'Aosta/Vallée d'Aoste,AO,007,VALLE D AOSTA VALLEE D AOSTE,Valle d'Aosta/Vallée d'Aoste,02,VALLE D AOSTA VALLEE D AOSTE,Nord-ovest,0
007016,B491,Chamois,Chamois,CHAMOIS,Valle d'Aosta/Vallée d'Aoste,AO,007,VALLE D AOSTA VALLEE D AOSTE,Valle d'Aosta/Vallée d'Aoste,02,VALLE D AOSTA VALLEE D AOSTE,Nord-ovest,0
007017,C596,Champdepraz,Champdepraz,CHAMPDEPRAZ,Valle d'Aosta/Vallée d'Aoste,AO,007,VALLE D AOSTA VALLEE D AOSTE,Valle d'Aosta/Vallée d'Aoste,02,VALLE D AOSTA VALLEE D AOSTE,Nord-ovest,0
007018,B540,Champorcher,Champorcher,CHAMPORCHER,Valle d'Aosta/Vallée d'Aoste,AO,007,VALLE D AOSTA VALLEE D AOSTE,Valle d'Aosta/Vallée d'Aoste,02,VALLE D AOSTA VALLEE D AOSTE,Nord-ovest,0
007019,C598,Charvensod,Charvensod,CHARVENSOD,Valle d'Aosta/Vallée d'Aoste,AO,007,VALLE D AOSTA VALLEE D AOSTE,Valle d'Aosta/Vallée d'Aoste,02,VALLE D AOSTA VALLEE D AOSTE,Nord-ovest,0
007020,C294,Châtillon,Châtillon,CHATILLON,Valle d'Aosta/Vallée d'Aoste,AO,007,VALLE D AOSTA VALLEE D AOSTE,Valle d'Aosta/Vallée d'Aoste,02,VALLE D AOSTA VALLEE D AOSTE,Nord-ovest,0
007021,C821,Cogne,Cogne,COGNE,Valle d'Aosta/Vallée d'Aoste,AO,007,VALLE D AOSTA VALLEE D AOSTE,Valle d'Aosta/Vallée d'Aoste,02,VALLE D AOSTA VALLEE D AOSTE,Nord-ovest,0
007022,D012,Courmayeur,Courmayeur,COURMAYEUR,Valle d'Aosta/Vallée d'Aoste,AO,007,VALLE D AOSTA VALLEE D AOSTE,Valle d'Aosta/Vallée d'Aoste,02,VALLE D AOSTA VALLEE D AOSTE,Nord-ovest,0
007023,D338,Donnas,Donnas,DONNAS,Valle d'Aosta/Vallée d'Aoste,AO,007,VALLE D AOSTA VALLEE D AOSTE,Valle d'Aosta/Vallée d'Aoste,02,VALLE D AOSTA VALLEE D AOSTE,Nord-ovest,0
007024,D356,Doues,Doues,DOUES,Valle d'Aosta/Vallée d'Aoste,AO,007,VALLE D AOSTA VALLEE D AOSTE,Valle d'Aosta/Vallée d'Aoste,02,VALLE D AOSTA VALLEE D AOSTE,Nord-ovest,0
007025,D402,Emarèse,Emarèse,EMARESE,Valle d'Aosta/Vallée d'Aoste,AO,007,VALLE D AOSTA VALLEE D AOSTE,Valle d'Aosta/Vallée d'Aoste,02,VALLE D AOSTA VALLEE D AOSTE,Nord-ovest,0
007026,D444,Etroubles,Etroubles,ETROUBLES,Valle d'Aosta/Vallée d'Aoste,AO,007,VALLE D AOSTA VALLEE D AOSTE,Valle d'Aosta/Vallée d'Aoste,02,VALLE D AOSTA VALLEE D AOSTE,Nord-ovest,0
007028,D666,Fontainemore,Fontainemore,FONTAINEMORE,Valle d'Aosta/Vallée d'Aoste,AO,007,VALLE D AOSTA VALLEE D AOSTE,Valle d'Aosta/Vallée d'Aoste,02,VALLE D AOSTA VALLEE D AOSTE,Nord-ovest,0
007027,D537,Fénis,Fénis,FENIS,Valle d'Aosta/Vallée d'Aoste,AO,007,VALLE D AOSTA VALLEE D AOSTE,Valle d'Aosta/Vallée d'Aoste,02,VALLE D AOSTA VALLEE D AOSTE,Nord-ovest,0
007029,D839,Gaby,Gaby,GABY,Valle d'Aosta/Vallée d'Aoste,AO,007,VALLE D AOSTA VALLEE D AOSTE,Valle d'Aosta/Vallée d'Aoste,02,VALLE D AOSTA VALLEE D AOSTE,Nord-ovest,0
007030,E029,Gignod,Gignod,GIGNOD,Valle d'Aosta/Vallée d'Aoste,AO,007,VALLE D AOSTA VALLEE D AOSTE,Valle d'Aosta/Vallée d'Aoste,02,VALLE D AOSTA VALLEE D AOSTE,Nord-ovest,0
007031,E165,Gressan,Gressan,GRESSAN,Valle d'Aosta/Vallée d'Aoste,AO,007,VALLE D AOSTA VALLEE D AOSTE,Valle d'Aosta/Vallée d'Aoste,02,VALLE D AOSTA VALLEE D AOSTE,Nord-ovest,0
007032,E167,Gressoney-La-Trinité,Gressoney-La-Trinité,GRESSONEY LA TRINITE,Valle d'Aosta/Vallée d'Aoste,AO,007,VALLE D AOSTA VALLEE D AOSTE,Valle d'Aosta/Vallée d'Aoste,02,VALLE D AOSTA VALLEE D AOSTE,Nord-ovest,0
007033,E168,Gressoney-Saint-Jean,Gressoney-Saint-Jean,GRESSONEY SAINT JEAN,Valle d'Aosta/Vallée d'Aoste,AO,007,VALLE D AOSTA VALLEE D AOSTE,Valle d'Aosta/Vallée d'Aoste,02,VALLE D AOSTA VALLEE D AOSTE,Nord-ovest,0
007034,E273,Hône,Hône,HONE,Valle d'Aosta/Vallée d'Aoste,AO,007,VALLE D AOSTA VALLEE D AOSTE,Valle d'Aosta/Vallée d'Aoste,02,VALLE D AOSTA VALLEE D AOSTE,Nord-ovest,0
007035,E306,Introd,Introd,INTROD,Valle d'Aosta/Vallée d'Aoste,AO,007,VALLE D AOSTA VALLEE D AOSTE,Valle d'Aosta/Vallée d'Aoste,02,VALLE D AOSTA VALLEE D AOSTE,Nord-ovest,0
007036,E369,Issime,Issime,ISSIME,Valle d'Aosta/Vallée d'Aoste,AO,007,VALLE D AOSTA VALLEE D AOSTE,Valle d'Aosta/Vallée d'Aoste,02,VALLE D AOSTA VALLEE D AOSTE,Nord-ovest,0
007037,E371,Issogne,Issogne,ISSOGNE,Valle d'Aosta/Vallée d'Aoste,AO,007,VALLE D AOSTA VALLEE D AOSTE,Valle d'Aosta/Vallée d'Aoste,02,VALLE D AOSTA VALLEE D AOSTE,Nord-ovest,0
007038,E391,Jovençan,Jovençan,JOVENCAN,Valle d'Aosta/Vallée d'Aoste,AO,007,VALLE D AOSTA VALLEE D AOSTE,Valle d'Aosta/Vallée d'Aoste,02,VALLE D AOSTA VALLEE D AOSTE,Nord-ovest,0
007039,A308,La Magdeleine,La Magdeleine,LA MAGDELEINE,Valle d'Aosta/Vallée d'Aoste,AO,007,VALLE D AOSTA VALLEE D AOSTE,Valle d'Aosta/Vallée d'Aoste,02,VALLE D AOSTA VALLEE D AOSTE,Nord-ovest,0
007040,E458,La Salle,La Salle,LA SALLE,Valle d'Aosta/Vallée d'Aoste,AO,007,VALLE D AOSTA VALLEE D AOSTE,Valle d'Aosta/Vallée d'Aoste,02,VALLE D AOSTA VALLEE D AOSTE,Nord-ovest,0
007041,E470,La Thuile,La Thuile,LA THUILE,Valle d'Aosta/Vallée d'Aoste,AO,007,VALLE D AOSTA VALLEE D AOSTE,Valle d'Aosta/Vallée d'Aoste,02,VALLE D AOSTA VALLEE D AOSTE,Nord-ovest,0
007042,E587,Lillianes,Lillianes,LILLIANES,Valle d'Aosta/Vallée d'Aoste,AO,007,VALLE D AOSTA VALLEE D AOSTE,Valle d'Aosta/Vallée d'Aoste,02,VALLE D AOSTA VALLEE D AOSTE,Nord-ovest,0
007043,F367,Montjovet,Montjovet,MONTJOVET,Valle d'Aosta/Vallée d'Aoste,AO,007,VALLE D AOSTA VALLEE D AOSTE,Valle d'Aosta/Vallée d'Aoste,02,VALLE D AOSTA VALLEE D AOSTE,Nord-ovest,0
007044,F726,Morgex,Morgex,MORGEX,Valle d'Aosta/Vallée d'Aoste,AO,007,VALLE D AOSTA VALLEE D AOSTE,Valle d'Aosta/Vallée d'Aoste,02,VALLE D AOSTA VALLEE D AOSTE,Nord-ovest,0
007045,F987,Nus,Nus,NUS,Valle d'Aosta/Vallée d'Aoste,AO,007,VALLE D AOSTA VALLEE D AOSTE,Valle d'Aosta/Vallée d'Aoste,02,VALLE D AOSTA VALLEE D AOSTE,Nord-ovest,0
007046,G045,Ollomont,Ollomont,OLLOMONT,Valle d'Aosta/Vallée d'Aoste,AO,007,VALLE D AOSTA VALLEE D AOSTE,Valle d'Aosta/Vallée d'Aoste,02,VALLE D AOSTA VALLEE D AOSTE,Nord-ovest,0
007047,G012,Oyace,Oyace,OYACE,Valle d'Aosta/Vallée d'Aoste,AO,007,VALLE D AOSTA VALLEE D AOSTE,Valle d'Aosta/Vallée d'Aoste,02,VALLE D AOSTA VALLEE D AOSTE,Nord-ovest,0
007048,G459,Perloz,Perloz,PERLOZ,Valle d'Aosta/Vallée d'Aoste,AO,007,VALLE D AOSTA VALLEE D AOSTE,Valle d'Aosta/Vallée d'Aoste,02,VALLE D AOSTA VALLEE D AOSTE,Nord-ovest,0
007049,G794,Pollein,Pollein,POLLEIN,Valle d'Aosta/Vallée d'Aoste,AO,007,VALLE D AOSTA VALLEE D AOSTE,Valle d'Aosta/Vallée d'Aoste,02,VALLE D AOSTA VALLEE D AOSTE,Nord-ovest,0
007052,G854,Pont-Saint-Martin,Pont-Saint-Martin,PONT SAINT MARTIN,Valle d'Aosta/Vallée d'Aoste,AO,007,VALLE D AOSTA VALLEE D AOSTE,Valle d'Aosta/Vallée d'Aoste,02,VALLE D AOSTA VALLEE D AOSTE,Nord-ovest,0
007050,G545,Pontboset,Pontboset,PONTBOSET,Valle d'Aosta/Vallée d'Aoste,AO,007,VALLE D AOSTA VALLEE D AOSTE,Valle d'Aosta/Vallée d'Aoste,02,VALLE D AOSTA VALLEE D AOSTE,Nord-ovest,0
007051,G860,Pontey,Pontey,PONTEY,Valle d'Aosta/Vallée d'Aoste,AO,007,VALLE D AOSTA VALLEE D AOSTE,Valle d'Aosta/Vallée d'Aoste,02,VALLE D AOSTA VALLEE D AOSTE,Nord-ovest,0
007053,H042,Pré-Saint-Didier,Pré-Saint-Didier,PRE SAINT DIDIER,Valle d'Aosta/Vallée d'Aoste,AO,007,VALLE D AOSTA VALLEE D AOSTE,Valle d'Aosta/Vallée d'Aoste,02,VALLE D AOSTA VALLEE D AOSTE,Nord-ovest,0
007054,H110,Quart,Quart,QUART,Valle d'Aosta/Vallée d'Aoste,AO,007,VALLE D AOSTA VALLEE D AOSTE,Valle d'Aosta/Vallée d'Aoste,02,VALLE D AOSTA VALLEE D AOSTE,Nord-ovest,0
007055,H262,Rhêmes-Notre-Dame,Rhêmes-Notre-Dame,RHEMES NOTRE DAME,Valle d'Aosta/Vallée d'Aoste,AO,007,VALLE D AOSTA VALLEE D AOSTE,Valle d'Aosta/Vallée d'Aoste,02,VALLE D AOSTA VALLEE D AOSTE,Nord-ovest,0
007056,H263,Rhêmes-Saint-Georges,Rhêmes-Saint-Georges,RHEMES SAINT GEORGES,Valle d'Aosta/Vallée d'Aoste,AO,007,VALLE D AOSTA VALLEE D AOSTE,Valle d'Aosta/Vallée d'Aoste,02,VALLE D AOSTA VALLEE D AOSTE,Nord-ovest,0
007057,H497,Roisan,Roisan,ROISAN,Valle d'Aosta/Vallée d'Aoste,AO,007,VALLE D AOSTA VALLEE D AOSTE,Valle d'Aosta/Vallée d'Aoste,02,VALLE D AOSTA VALLEE D AOSTE,Nord-ovest,0
007058,H669,Saint-Christophe,Saint-Christophe,SAINT CHRISTOPHE,Valle d'Aosta/Vallée d'Aoste,AO,007,VALLE D AOSTA VALLEE D AOSTE,Valle d'Aosta/Vallée d'Aoste,02,VALLE D AOSTA VALLEE D AOSTE,Nord-ovest,0
007059,H670,Saint-Denis,Saint-Denis,SAINT DENIS,Valle d'Aosta/Vallée d'Aoste,AO,007,VALLE D AOSTA VALLEE D AOSTE,Valle d'Aosta/Vallée d'Aoste,02,VALLE D AOSTA VALLEE D AOSTE,Nord-ovest,0
007060,H671,Saint-Marcel,Saint-Marcel,SAINT MARCEL,Valle d'Aosta/Vallée d'Aoste,AO,007,VALLE D AOSTA VALLEE D AOSTE,Valle d'Aosta/Vallée d'Aoste,02,VALLE D AOSTA VALLEE D AOSTE,Nord-ovest,0
007061,H672,Saint-Nicolas,Saint-Nicolas,SAINT NICOLAS,Valle d'Aosta/Vallée d'Aoste,AO,007,VALLE D AOSTA VALLEE D AOSTE,Valle d'Aosta/Vallée d'Aoste,02,VALLE D AOSTA VALLEE D AOSTE,Nord-ovest,0
007062,H673,Saint-Oyen,Saint-Oyen,SAINT OYEN,Valle d'Aosta/Vallée d'Aoste,AO,007,VALLE D AOSTA VALLEE D AOSTE,Valle d'Aosta/Vallée d'Aoste,02,VALLE D AOSTA VALLEE D AOSTE,Nord-ovest,0
007063,H674,Saint-Pierre,Saint-Pierre,SAINT PIERRE,Valle d'Aosta/Vallée d'Aoste,AO,007,VALLE D AOSTA VALLEE D AOSTE,Valle d'Aosta/Vallée d'Aoste,02,VALLE D AOSTA VALLEE D AOSTE,Nord-ovest,0
007064,H675,Saint-Rhémy-en-Bosses,Saint-Rhémy-en-Bosses,SAINT RHEMY EN BOSSES,Valle d'Aosta/Vallée d'Aoste,AO,007,VALLE D AOSTA VALLEE D AOSTE,Valle d'Aosta/Vallée d'Aoste,02,VALLE D AOSTA VALLEE D AOSTE,Nord-ovest,0
007065,H676,Saint-Vincent,Saint-Vincent,SAINT VINCENT,Valle d'Aosta/Vallée d'Aoste,AO,007,VALLE D AOSTA VALLEE D AOSTE,Valle d'Aosta/Vallée d'Aoste,02,VALLE D AOSTA VALLEE D AOSTE,Nord-ovest,0
007066,I442,Sarre,Sarre,SARRE,Valle d'Aosta/Vallée d'Aoste,AO,007,VALLE D AOSTA VALLEE D AOSTE,Valle d'Aosta/Vallée d'Aoste,02,VALLE D AOSTA VALLEE D AOSTE,Nord-ovest,0
007067,L217,Torgnon,Torgnon,TORGNON,Valle d'Aosta/Vallée d'Aoste,AO,007,VALLE D AOSTA VALLEE D AOSTE,Valle d'Aosta/Vallée d'Aoste,02,VALLE D AOSTA VALLEE D AOSTE,Nord-ovest,0
007068,L582,Valgrisenche,Valgrisenche,VALGRISENCHE,Valle d'Aosta/Vallée d'Aoste,AO,007,VALLE D AOSTA VALLEE D AOSTE,Valle d'Aosta/Vallée d'Aoste,02,VALLE D AOSTA VALLEE D AOSTE,Nord-ovest,0
007069,L643,Valpelline,Valpelline,VALPELLINE,Valle d'Aosta/Vallée d'Aoste,AO,007,VALLE D AOSTA VALLEE D AOSTE,Valle d'Aosta/Vallée d'Aoste,02,VALLE D AOSTA VALLEE D AOSTE,Nord-ovest,0
007070,L647,Valsavarenche,Valsavarenche,VALSAVARENCHE,Valle d'Aosta/Vallée d'Aoste,AO,007,VALLE D AOSTA VALLEE D AOSTE,Valle d'Aosta/Vallée d'Aoste,02,VALLE D AOSTA VALLEE D AOSTE,Nord-ovest,0
007071,L654,Valtournenche,Valtournenche,VALTOURNENCHE,Valle d'Aosta/Vallée d'Aoste,AO,007,VALLE D AOSTA VALLEE D AOSTE,Valle d'Aosta/Vallée d'Aoste,02,VALLE D AOSTA VALLEE D AOSTE,Nord-ovest,0
007072,L783,Verrayes,Verrayes,VERRAYES,Valle d'Aosta/Vallée d'Aoste,AO,007,VALLE D AOSTA VALLEE D AOSTE,Valle d'Aosta/Vallée d'Aoste,02,VALLE D AOSTA VALLEE D AOSTE,Nord-ovest,0
007073,C282,Verrès,Verrès,VERRES,Valle d'Aosta/Vallée d'Aoste,AO,007,VALLE D AOSTA VALLEE D AOSTE,Valle d'Aosta/Vallée d'Aoste,02,VALLE D AOSTA VALLEE D AOSTE,Nord-ovest,0
007074,L981,Villeneuve,Villeneuve,VILLENEUVE,Valle d'Aosta/Vallée d'Aoste,AO,007,VALLE D AOSTA VALLEE D AOSTE,Valle d'Aosta/Vallée d'Aoste,02,VALLE D AOSTA VALLEE D AOSTE,Nord-ovest,0
025001,A083,Agordo,Agordo,AGORDO,Belluno,BL,025,BELLUNO,Veneto,05,VENETO,Nord-est,0
025003,A206,Alleghe,Alleghe,ALLEGHE,Belluno,BL,025,BELLUNO,Veneto,05,VENETO,Nord-est,0
025072,M375,Alpago,Alpago,ALPAGO,Belluno,BL,025,BELLUNO,Veneto,05,VENETO,Nord-est,0
025004,A443,Arsiè,Arsiè,ARSIE,Belluno,BL,025,BELLUNO,Veneto,05,VENETO,Nord-est,0
025005,A501,Auronzo di Cadore,Auronzo di Cadore,AURONZO DI CADORE,Belluno,BL,025,BELLUNO,Veneto,05,VENETO,Nord-est,0
025006,A757,Belluno,Belluno,BELLUNO,Belluno,BL,025,BELLUNO,Veneto,05,VENETO,Nord-est,1
025007,A982,Borca di Cadore,Borca di Cadore,BORCA DI CADORE,Belluno,BL,025,BELLUNO,Veneto,05,VENETO,Nord-est,0
025074,M421,Borgo Valbelluna,Borgo Valbelluna,BORGO VALBELLUNA,Belluno,BL,025,BELLUNO,Veneto,05,VENETO,Nord-est,0
025008,B375,Calalzo di Cadore,Calalzo di Cadore,CALALZO DI CADORE,Belluno,BL,025,BELLUNO,Veneto,05,VENETO,Nord-est,0
025023,B574,Canale d'Agordo,Canale d'Agordo,CANALE D AGORDO,Belluno,BL,025,BELLUNO,Veneto,05,VENETO,Nord-est,0
025010,C458,Cencenighe Agordino,Cencenighe Agordino,CENCENIGHE AGORDINO,Belluno,BL,025,BELLUNO,Veneto,05,VENETO,Nord-est,0
025011,C577,Cesiomaggiore,Cesiomaggiore,CESIOMAGGIORE,Belluno,BL,025,BELLUNO,Veneto,05,VENETO,Nord-est,0
025012,C630,Chies d'Alpago,Chies d'Alpago,CHIES D ALPAGO,Belluno,BL,025,BELLUNO,Veneto,05,VENETO,Nord-est,0
025013,C672,Cibiana di Cadore,Cibiana di Cadore,CIBIANA DI CADORE,Belluno,BL,025,BELLUNO,Veneto,05,VENETO,Nord-est,0
025014,C872,Colle Santa Lucia,Colle Santa Lucia,COLLE SANTA LUCIA,Belluno,BL,025,BELLUNO,Veneto,05,VENETO,Nord-est,0
025015,C920,Comelico Superiore,Comelico Superiore,COMELICO SUPERIORE,Belluno,BL,025,BELLUNO,Veneto,05,VENETO,Nord-est,0
025016,A266,Cortina d'Ampezzo,Cortina d'Ampezzo,CORTINA D AMPEZZO,Belluno,BL,025,BELLUNO,Veneto,05,VENETO,Nord-est,0
025017,D247,Danta di Cadore,Danta di Cadore,DANTA DI CADORE,Belluno,BL,025,BELLUNO,Veneto,05,VENETO,Nord-est,0
025018,D330,Domegge di Cadore,Domegge di Cadore,DOMEGGE DI CADORE,Belluno,BL,025,BELLUNO,Veneto,05,VENETO,Nord-est,0
025019,D470,Falcade,Falcade,FALCADE,Belluno,BL,025,BELLUNO,Veneto,05,VENETO,Nord-est,0
025021,D530,Feltre,Feltre,FELTRE,Belluno,BL,025,BELLUNO,Veneto,05,VENETO,Nord-est,0
025022,D686,Fonzaso,Fonzaso,FONZASO,Belluno,BL,025,BELLUNO,Veneto,05,VENETO,Nord-est,0
025025,E113,Gosaldo,Gosaldo,GOSALDO,Belluno,BL,025,BELLUNO,Veneto,05,VENETO,Nord-est,0
025027,E490,La Valle Agordina,La Valle Agordina,LA VALLE AGORDINA,Belluno,BL,025,BELLUNO,Veneto,05,VENETO,Nord-est,0
025026,E429,Lamon,Lamon,LAMON,Belluno,BL,025,BELLUNO,Veneto,05,VENETO,Nord-est,0
025029,E588,Limana,Limana,LIMANA,Belluno,BL,025,BELLUNO,Veneto,05,VENETO,Nord-est,0
025030,E622,Livinallongo del Col di Lana,Livinallongo del Col di Lana,LIVINALLONGO DEL COL DI LANA,Belluno,BL,025,BELLUNO,Veneto,05,VENETO,Nord-est,0
025071,M342,Longarone,Longarone,LONGARONE,Belluno,BL,025,BELLUNO,Veneto,05,VENETO,Nord-est,0
025032,E687,Lorenzago di Cadore,Lorenzago di Cadore,LORENZAGO DI CADORE,Belluno,BL,025,BELLUNO,Veneto,05,VENETO,Nord-est,0
025033,E708,Lozzo di Cadore,Lozzo di Cadore,LOZZO DI CADORE,Belluno,BL,025,BELLUNO,Veneto,05,VENETO,Nord-est,0
025035,G169,Ospitale di Cadore,Ospitale di Cadore,OSPITALE DI CADORE,Belluno,BL,025,BELLUNO,Veneto,05,VENETO,Nord-est,0
025036,G404,Pedavena,Pedavena,PEDAVENA,Belluno,BL,025,BELLUNO,Veneto,05,VENETO,Nord-est,0
025037,G442,Perarolo di Cadore,Perarolo di Cadore,PERAROLO DI CADORE,Belluno,BL,025,BELLUNO,Veneto,05,VENETO,Nord-est,0
025039,G642,Pieve di Cadore,Pieve di Cadore,PIEVE DI CADORE,Belluno,BL,025,BELLUNO,Veneto,05,VENETO,Nord-est,0
025040,B662,Ponte nelle Alpi,Ponte nelle Alpi,PONTE NELLE ALPI,Belluno,BL,025,BELLUNO,Veneto,05,VENETO,Nord-est,0
025043,H327,Rivamonte Agordino,Rivamonte Agordino,RIVAMONTE AGORDINO,Belluno,BL,025,BELLUNO,Veneto,05,VENETO,Nord-est,0
025044,H379,Rocca Pietore,Rocca Pietore,ROCCA PIETORE,Belluno,BL,025,BELLUNO,Veneto,05,VENETO,Nord-est,0
025045,H938,San Gregorio nelle Alpi,San Gregorio nelle Alpi,SAN GREGORIO NELLE ALPI,Belluno,BL,025,BELLUNO,Veneto,05,VENETO,Nord-est,0
025046,I063,San Nicolò di Comelico,San Nicolò di Comelico,SAN NICOLO DI COMELICO,Belluno,BL,025,BELLUNO,Veneto,05,VENETO,Nord-est,0
025047,I088,San Pietro di Cadore,San Pietro di Cadore,SAN PIETRO DI CADORE,Belluno,BL,025,BELLUNO,Veneto,05,VENETO,Nord-est,0
025049,I347,San Tomaso Agordino,San Tomaso Agordino,SAN TOMASO AGORDINO,Belluno,BL,025,BELLUNO,Veneto,05,VENETO,Nord-est,0
025051,I392,San Vito di Cadore,San Vito di Cadore,SAN VITO DI CADORE,Belluno,BL,025,BELLUNO,Veneto,05,VENETO,Nord-est,0
025048,I206,Santa Giustina,Santa Giustina,SANTA GIUSTINA,Belluno,BL,025,BELLUNO,Veneto,05,VENETO,Nord-est,0
025050,C919,Santo Stefano di Cadore,Santo Stefano di Cadore,SANTO STEFANO DI CADORE,Belluno,BL,025,BELLUNO,Veneto,05,VENETO,Nord-est,0
025053,I563,Sedico,Sedico,SEDICO,Belluno,BL,025,BELLUNO,Veneto,05,VENETO,Nord-est,0
025054,I592,Selva di Cadore,Selva di Cadore,SELVA DI CADORE,Belluno,BL,025,BELLUNO,Veneto,05,VENETO,Nord-est,0
025055,I626,Seren del Grappa,Seren del Grappa,SEREN DEL GRAPPA,Belluno,BL,025,BELLUNO,Veneto,05,VENETO,Nord-est,0
025075,M437,Setteville,Setteville,SETTEVILLE,Belluno,BL,025,BELLUNO,Veneto,05,VENETO,Nord-est,0
025056,I866,Sospirolo,Sospirolo,SOSPIROLO,Belluno,BL,025,BELLUNO,Veneto,05,VENETO,Nord-est,0
025057,I876,Soverzene,Soverzene,SOVERZENE,Belluno,BL,025,BELLUNO,Veneto,05,VENETO,Nord-est,0
025058,I673,Sovramonte,Sovramonte,SOVRAMONTE,Belluno,BL,025,BELLUNO,Veneto,05,VENETO,Nord-est,0
025059,L030,Taibon Agordino,Taibon Agordino,TAIBON AGORDINO,Belluno,BL,025,BELLUNO,Veneto,05,VENETO,Nord-est,0
025060,L040,Tambre,Tambre,TAMBRE,Belluno,BL,025,BELLUNO,Veneto,05,VENETO,Nord-est,0
025073,M374,Val di Zoldo,Val di Zoldo,VAL DI ZOLDO,Belluno,BL,025,BELLUNO,Veneto,05,VENETO,Nord-est,0
025062,L584,Vallada Agordina,Vallada Agordina,VALLADA AGORDINA,Belluno,BL,025,BELLUNO,Veneto,05,VENETO,Nord-est,0
025063,L590,Valle di Cadore,Valle di Cadore,VALLE DI CADORE,Belluno,BL,025,BELLUNO,Veneto,05,VENETO,Nord-est,0
025065,L890,Vigo di Cadore,Vigo di Cadore,VIGO DI CADORE,Belluno,BL,025,BELLUNO,Veneto,05,VENETO,Nord-est,0
025066,M108,Vodo Cadore,Vodo Cadore,VODO CADORE,Belluno,BL,025,BELLUNO,Veneto,05,VENETO,Nord-est,0
025067,M124,Voltago Agordino,Voltago Agordino,VOLTAGO AGORDINO,Belluno,BL,025,BELLUNO,Veneto,05,VENETO,Nord-est,0
025069,M189,Zoppè di Cadore,Zoppè di Cadore,ZOPPE DI CADORE,Belluno,BL,025,BELLUNO,Veneto,05,VENETO,Nord-est,0
028001,A001,Abano Terme,Abano Terme,ABANO TERME,Padova,PD,028,PADOVA,Veneto,05,VENETO,Nord-est,0
028002,A075,Agna,Agna,AGNA,Padova,PD,028,PADOVA,Veneto,05,VENETO,Nord-est,0
028003,A161,Albignasego,Albignasego,ALBIGNASEGO,Padova,PD,028,PADOVA,Veneto,05,VENETO,Nord-est,0
028004,A296,Anguillara Veneta,Anguillara Veneta,ANGUILLARA VENETA,Padova,PD,028,PADOVA,Veneto,05,VENETO,Nord-est,0
028005,A434,Arquà Petrarca,Arquà Petrarca,ARQUA PETRARCA,Padova,PD,028,PADOVA,Veneto,05,VENETO,Nord-est,0
028006,A438,Arre,Arre,ARRE,Padova,PD,028,PADOVA,Veneto,05,VENETO,Nord-est,0
028007,A458,Arzergrande,Arzergrande,ARZERGRANDE,Padova,PD,028,PADOVA,Veneto,05,VENETO,Nord-est,0
028008,A568,Bagnoli di Sopra,Bagnoli di Sopra,BAGNOLI DI SOPRA,Padova,PD,028,PADOVA,Veneto,05,VENETO,Nord-est,0
028009,A613,Baone,Baone,BAONE,Padova,PD,028,PADOVA,Veneto,05,VENETO,Nord-est,0
028010,A637,Barbona,Barbona,BARBONA,Padova,PD,028,PADOVA,Veneto,05,VENETO,Nord-est,0
028011,A714,Battaglia Terme,Battaglia Terme,BATTAGLIA TERME,Padova,PD,028,PADOVA,Veneto,05,VENETO,Nord-est,0
028012,A906,Boara Pisani,Boara Pisani,BOARA PISANI,Padova,PD,028,PADOVA,Veneto,05,VENETO,Nord-est,0
028107,M402,Borgo Veneto,Borgo Veneto,BORGO VENETO,Padova,PD,028,PADOVA,Veneto,05,VENETO,Nord-est,0
028013,B031,Borgoricco,Borgoricco,BORGORICCO,Padova,PD,028,PADOVA,Veneto,05,VENETO,Nord-est,0
028014,B106,Bovolenta,Bovolenta,BOVOLENTA,Padova,PD,028,PADOVA,Veneto,05,VENETO,Nord-est,0
028015,B213,Brugine,Brugine,BRUGINE,Padova,PD,028,PADOVA,Veneto,05,VENETO,Nord-est,0
028016,B345,Cadoneghe,Cadoneghe,CADONEGHE,Padova,PD,028,PADOVA,Veneto,05,VENETO,Nord-est,0
028020,B564,Campo San Martino,Campo San Martino,CAMPO SAN MARTINO,Padova,PD,028,PADOVA,Veneto,05,VENETO,Nord-est,0
028017,B524,Campodarsego,Campodarsego,CAMPODARSEGO,Padova,PD,028,PADOVA,Veneto,05,VENETO,Nord-est,0
028018,B531,Campodoro,Campodoro,CAMPODORO,Padova,PD,028,PADOVA,Veneto,05,VENETO,Nord-est,0
028019,B563,Camposampiero,Camposampiero,CAMPOSAMPIERO,Padova,PD,028,PADOVA,Veneto,05,VENETO,Nord-est,0
028021,B589,Candiana,Candiana,CANDIANA,Padova,PD,028,PADOVA,Veneto,05,VENETO,Nord-est,0
028023,B795,Carmignano di Brenta,Carmignano di Brenta,CARMIGNANO DI BRENTA,Padova,PD,028,PADOVA,Veneto,05,VENETO,Nord-est,0
028026,B848,Cartura,Cartura,CARTURA,Padova,PD,028,PADOVA,Veneto,05,VENETO,Nord-est,0
028027,B877,Casale di Scodosia,Casale di Scodosia,CASALE DI SCODOSIA,Padova,PD,028,PADOVA,Veneto,05,VENETO,Nord-est,0
028028,B912,Casalserugo,Casalserugo,CASALSERUGO,Padova,PD,028,PADOVA,Veneto,05,VENETO,Nord-est,0
028029,C057,Castelbaldo,Castelbaldo,CASTELBALDO,Padova,PD,028,PADOVA,Veneto,05,VENETO,Nord-est,0
028030,C544,Cervarese Santa Croce,Cervarese Santa Croce,CERVARESE SANTA CROCE,Padova,PD,028,PADOVA,Veneto,05,VENETO,Nord-est,0
028031,C713,Cinto Euganeo,Cinto Euganeo,CINTO EUGANEO,Padova,PD,028,PADOVA,Veneto,05,VENETO,Nord-est,0
028032,C743,Cittadella,Cittadella,CITTADELLA,Padova,PD,028,PADOVA,Veneto,05,VENETO,Nord-est,0
028033,C812,Codevigo,Codevigo,CODEVIGO,Padova,PD,028,PADOVA,Veneto,05,VENETO,Nord-est,0
028034,C964,Conselve,Conselve,CONSELVE,Padova,PD,028,PADOVA,Veneto,05,VENETO,Nord-est,0
028035,D040,Correzzola,Correzzola,CORREZZOLA,Padova,PD,028,PADOVA,Veneto,05,VENETO,Nord-est,0
028036,D226,Curtarolo,Curtarolo,CURTAROLO,Padova,PD,028,PADOVA,Veneto,05,VENETO,Nord-est,0
028106,M300,Due Carrare,Due Carrare,DUE CARRARE,Padova,PD,028,PADOVA,Veneto,05,VENETO,Nord-est,0
028037,D442,Este,Este,ESTE,Padova,PD,028,PADOVA,Veneto,05,VENETO,Nord-est,0
028038,D679,Fontaniva,Fontaniva,FONTANIVA,Padova,PD,028,PADOVA,Veneto,05,VENETO,Nord-est,0
028039,D879,Galliera Veneta,Galliera Veneta,GALLIERA VENETA,Padova,PD,028,PADOVA,Veneto,05,VENETO,Nord-est,0
028040,D889,Galzignano Terme,Galzignano Terme,GALZIGNANO TERME,Padova,PD,028,PADOVA,Veneto,05,VENETO,Nord-est,0
028041,D956,Gazzo,Gazzo,GAZZO,Padova,PD,028,PADOVA,Veneto,05,VENETO,Nord-est,0
028042,E145,Grantorto,Grantorto,GRANTORTO,Padova,PD,028,PADOVA,Veneto,05,VENETO,Nord-est,0
028043,E146,Granze,Granze,GRANZE,Padova,PD,028,PADOVA,Veneto,05,VENETO,Nord-est,0
028044,E515,Legnaro,Legnaro,LEGNARO,Padova,PD,028,PADOVA,Veneto,05,VENETO,Nord-est,0
028045,E592,Limena,Limena,LIMENA,Padova,PD,028,PADOVA,Veneto,05,VENETO,Nord-est,0
028046,E684,Loreggia,Loreggia,LOREGGIA,Padova,PD,028,PADOVA,Veneto,05,VENETO,Nord-est,0
028047,E709,Lozzo Atestino,Lozzo Atestino,LOZZO ATESTINO,Padova,PD,028,PADOVA,Veneto,05,VENETO,Nord-est,0
028048,F011,Maserà di Padova,Maserà di Padova,MASERA DI PADOVA,Padova,PD,028,PADOVA,Veneto,05,VENETO,Nord-est,0
028049,F013,Masi,Masi,MASI,Padova,PD,028,PADOVA,Veneto,05,VENETO,Nord-est,0
028050,F033,Massanzago,Massanzago,MASSANZAGO,Padova,PD,028,PADOVA,Veneto,05,VENETO,Nord-est,0
028052,F092,Megliadino San Vitale,Megliadino San Vitale,MEGLIADINO SAN VITALE,Padova,PD,028,PADOVA,Veneto,05,VENETO,Nord-est,0
028053,F148,Merlara,Merlara,MERLARA,Padova,PD,028,PADOVA,Veneto,05,VENETO,Nord-est,0
028054,F161,Mestrino,Mestrino,MESTRINO,Padova,PD,028,PADOVA,Veneto,05,VENETO,Nord-est,0
028055,F382,Monselice,Monselice,MONSELICE,Padova,PD,028,PADOVA,Veneto,05,VENETO,Nord-est,0
028056,F394,Montagnana,Montagnana,MONTAGNANA,Padova,PD,028,PADOVA,Veneto,05,VENETO,Nord-est,0
028057,F529,Montegrotto Terme,Montegrotto Terme,MONTEGROTTO TERME,Padova,PD,028,PADOVA,Veneto,05,VENETO,Nord-est,0
028058,F962,Noventa Padovana,Noventa Padovana,NOVENTA PADOVANA,Padova,PD,028,PADOVA,Veneto,05,VENETO,Nord-est,0
028059,G167,Ospedaletto Euganeo,Ospedaletto Euganeo,OSPEDALETTO EUGANEO,Padova,PD,028,PADOVA,Veneto,05,VENETO,Nord-est,0
028060,G224,Padova,Padova,PADOVA,Padova,PD,028,PADOVA,Veneto,05,VENETO,Nord-est,1
028061,G461,Pernumia,Pernumia,PERNUMIA,Padova,PD,028,PADOVA,Veneto,05,VENETO,Nord-est,0
028062,G534,Piacenza d'Adige,Piacenza d'Adige,PIACENZA D ADIGE,Padova,PD,028,PADOVA,Veneto,05,VENETO,Nord-est,0
028063,G587,Piazzola sul Brenta,Piazzola sul Brenta,PIAZZOLA SUL BRENTA,Padova,PD,028,PADOVA,Veneto,05,VENETO,Nord-est,0
028064,G688,Piombino Dese,Piombino Dese,PIOMBINO DESE,Padova,PD,028,PADOVA,Veneto,05,VENETO,Nord-est,0
028065,G693,Piove di Sacco,Piove di Sacco,PIOVE DI SACCO,Padova,PD,028,PADOVA,Veneto,05,VENETO,Nord-est,0
028066,G802,Polverara,Polverara,POLVERARA,Padova,PD,028,PADOVA,Veneto,05,VENETO,Nord-est,0
028067,G823,Ponso,Ponso,PONSO,Padova,PD,028,PADOVA,Veneto,05,VENETO,Nord-est,0
028069,G855,Ponte San Nicolò,Ponte San Nicolò,PONTE SAN NICOLO,Padova,PD,028,PADOVA,Veneto,05,VENETO,Nord-est,0
028068,G850,Pontelongo,Pontelongo,PONTELONGO,Padova,PD,028,PADOVA,Veneto,05,VENETO,Nord-est,0
028070,G963,Pozzonovo,Pozzonovo,POZZONOVO,Padova,PD,028,PADOVA,Veneto,05,VENETO,Nord-est,0
028071,H622,Rovolon,Rovolon,ROVOLON,Padova,PD,028,PADOVA,Veneto,05,VENETO,Nord-est,0
028072,H625,Rubano,Rubano,RUBANO,Padova,PD,028,PADOVA,Veneto,05,VENETO,Nord-est,0
028073,H655,Saccolongo,Saccolongo,SACCOLONGO,Padova,PD,028,PADOVA,Veneto,05,VENETO,Nord-est,0
028075,H893,San Giorgio delle Pertiche,San Giorgio delle Pertiche,SAN GIORGIO DELLE PERTICHE,Padova,PD,028,PADOVA,Veneto,05,VENETO,Nord-est,0
028076,H897,San Giorgio in Bosco,San Giorgio in Bosco,SAN GIORGIO IN BOSCO,Padova,PD,028,PADOVA,Veneto,05,VENETO,Nord-est,0
028077,I008,San Martino di Lupari,San Martino di Lupari,SAN MARTINO DI LUPARI,Padova,PD,028,PADOVA,Veneto,05,VENETO,Nord-est,0
028079,I120,San Pietro Viminario,San Pietro Viminario,SAN PIETRO VIMINARIO,Padova,PD,028,PADOVA,Veneto,05,VENETO,Nord-est,0
028078,I107,San Pietro in Gu,San Pietro in Gu,SAN PIETRO IN GU,Padova,PD,028,PADOVA,Veneto,05,VENETO,Nord-est,0
028082,I275,Sant'Angelo di Piove di Sacco,Sant'Angelo di Piove di Sacco,SANT ANGELO DI PIOVE DI SACCO,Padova,PD,028,PADOVA,Veneto,05,VENETO,Nord-est,0
028083,I319,Sant'Elena,Sant'Elena,SANT ELENA,Padova,PD,028,PADOVA,Veneto,05,VENETO,Nord-est,0
028084,I375,Sant'Urbano,Sant'Urbano,SANT URBANO,Padova,PD,028,PADOVA,Veneto,05,VENETO,Nord-est,0
028108,M438,Santa Caterina d'Este,Santa Caterina d'Este,SANTA CATERINA D ESTE,Padova,PD,028,PADOVA,Veneto,05,VENETO,Nord-est,0
028080,I207,Santa Giustina in Colle,Santa Giustina in Colle,SANTA GIUSTINA IN COLLE,Padova,PD,028,PADOVA,Veneto,05,VENETO,Nord-est,0
028085,I418,Saonara,Saonara,SAONARA,Padova,PD,028,PADOVA,Veneto,05,VENETO,Nord-est,0
028086,I595,Selvazzano Dentro,Selvazzano Dentro,SELVAZZANO DENTRO,Padova,PD,028,PADOVA,Veneto,05,VENETO,Nord-est,0
028087,I799,Solesino,Solesino,SOLESINO,Padova,PD,028,PADOVA,Veneto,05,VENETO,Nord-est,0
028088,I938,Stanghella,Stanghella,STANGHELLA,Padova,PD,028,PADOVA,Veneto,05,VENETO,Nord-est,0
028089,L100,Teolo,Teolo,TEOLO,Padova,PD,028,PADOVA,Veneto,05,VENETO,Nord-est,0
028090,L132,Terrassa Padovana,Terrassa Padovana,TERRASSA PADOVANA,Padova,PD,028,PADOVA,Veneto,05,VENETO,Nord-est,0
028091,L199,Tombolo,Tombolo,TOMBOLO,Padova,PD,028,PADOVA,Veneto,05,VENETO,Nord-est,0
028092,L270,Torreglia,Torreglia,TORREGLIA,Padova,PD,028,PADOVA,Veneto,05,VENETO,Nord-est,0
028093,L349,Trebaseleghe,Trebaseleghe,TREBASELEGHE,Padova,PD,028,PADOVA,Veneto,05,VENETO,Nord-est,0
028094,L414,Tribano,Tribano,TRIBANO,Padova,PD,028,PADOVA,Veneto,05,VENETO,Nord-est,0
028095,L497,Urbana,Urbana,URBANA,Padova,PD,028,PADOVA,Veneto,05,VENETO,Nord-est,0
028096,L710,Veggiano,Veggiano,VEGGIANO,Padova,PD,028,PADOVA,Veneto,05,VENETO,Nord-est,0
028097,L805,Vescovana,Vescovana,VESCOVANA,Padova,PD,028,PADOVA,Veneto,05,VENETO,Nord-est,0
028099,L892,Vigodarzere,Vigodarzere,VIGODARZERE,Padova,PD,028,PADOVA,Veneto,05,VENETO,Nord-est,0
028100,L900,Vigonza,Vigonza,VIGONZA,Padova,PD,028,PADOVA,Veneto,05,VENETO,Nord-est,0
028102,L937,Villa Estense,Villa Estense,VILLA ESTENSE,Padova,PD,028,PADOVA,Veneto,05,VENETO,Nord-est,0
028101,L934,Villa del Conte,Villa del Conte,VILLA DEL CONTE,Padova,PD,028,PADOVA,Veneto,05,VENETO,Nord-est,0
028103,L947,Villafranca Padovana,Villafranca Padovana,VILLAFRANCA PADOVANA,Padova,PD,028,PADOVA,Veneto,05,VENETO,Nord-est,0
028104,L979,Villanova di Camposampiero,Villanova di Camposampiero,VILLANOVA DI CAMPOSAMPIERO,Padova,PD,028,PADOVA,Veneto,05,VENETO,Nord-est,0
028105,M103,Vo',Vo',VO,Padova,PD,028,PADOVA,Veneto,05,VENETO,Nord-est,0
029001,A059,Adria,Adria,ADRIA,Rovigo,RO,029,ROVIGO,Veneto,05,VENETO,Nord-est,0
029002,A400,Ariano nel Polesine,Ariano nel Polesine,ARIANO NEL POLESINE,Rovigo,RO,029,ROVIGO,Veneto,05,VENETO,Nord-est,0
029003,A435,Arquà Polesine,Arquà Polesine,ARQUA POLESINE,Rovigo,RO,029,ROVIGO,Veneto,05,VENETO,Nord-est,0
029004,A539,Badia Polesine,Badia Polesine,BADIA POLESINE,Rovigo,RO,029,ROVIGO,Veneto,05,VENETO,Nord-est,0
029005,A574,Bagnolo di Po,Bagnolo di Po,BAGNOLO DI PO,Rovigo,RO,029,ROVIGO,Veneto,05,VENETO,Nord-est,0
029006,A795,Bergantino,Bergantino,BERGANTINO,Rovigo,RO,029,ROVIGO,Veneto,05,VENETO,Nord-est,0
029007,B069,Bosaro,Bosaro,BOSARO,Rovigo,RO,029,ROVIGO,Veneto,05,VENETO,Nord-est,0
029008,B432,Calto,Calto,CALTO,Rovigo,RO,029,ROVIGO,Veneto,05,VENETO,Nord-est,0
029009,B578,Canaro,Canaro,CANARO,Rovigo,RO,029,ROVIGO,Veneto,05,VENETO,Nord-est,0
029010,B582,Canda,Canda,CANDA,Rovigo,RO,029,ROVIGO,Veneto,05,VENETO,Nord-est,0
029011,C122,Castelguglielmo,Castelguglielmo,CASTELGUGLIELMO,Rovigo,RO,029,ROVIGO,Veneto,05,VENETO,Nord-est,0
029012,C207,Castelmassa,Castelmassa,CASTELMASSA,Rovigo,RO,029,ROVIGO,Veneto,05,VENETO,Nord-est,0
029013,C215,Castelnovo Bariano,Castelnovo Bariano,CASTELNOVO BARIANO,Rovigo,RO,029,ROVIGO,Veneto,05,VENETO,Nord-est,0
029014,C461,Ceneselli,Ceneselli,CENESELLI,Rovigo,RO,029,ROVIGO,Veneto,05,VENETO,Nord-est,0
029015,C500,Ceregnano,Ceregnano,CEREGNANO,Rovigo,RO,029,ROVIGO,Veneto,05,VENETO,Nord-est,0
029017,C987,Corbola,Corbola,CORBOLA,Rovigo,RO,029,ROVIGO,Veneto,05,VENETO,Nord-est,0
029018,D105,Costa di Rovigo,Costa di Rovigo,COSTA DI ROVIGO,Rovigo,RO,029,ROVIGO,Veneto,05,VENETO,Nord-est,0
029019,D161,Crespino,Crespino,CRESPINO,Rovigo,RO,029,ROVIGO,Veneto,05,VENETO,Nord-est,0
029021,D568,Ficarolo,Ficarolo,FICAROLO,Rovigo,RO,029,ROVIGO,Veneto,05,VENETO,Nord-est,0
029022,D577,Fiesso Umbertiano,Fiesso Umbertiano,FIESSO UMBERTIANO,Rovigo,RO,029,ROVIGO,Veneto,05,VENETO,Nord-est,0
029023,D776,Frassinelle Polesine,Frassinelle Polesine,FRASSINELLE POLESINE,Rovigo,RO,029,ROVIGO,Veneto,05,VENETO,Nord-est,0
029024,D788,Fratta Polesine,Fratta Polesine,FRATTA POLESINE,Rovigo,RO,029,ROVIGO,Veneto,05,VENETO,Nord-est,0
029025,D855,Gaiba,Gaiba,GAIBA,Rovigo,RO,029,ROVIGO,Veneto,05,VENETO,Nord-est,0
029026,D942,Gavello,Gavello,GAVELLO,Rovigo,RO,029,ROVIGO,Veneto,05,VENETO,Nord-est,0
029027,E008,Giacciano con Baruchella,Giacciano con Baruchella,GIACCIANO CON BARUCHELLA,Rovigo,RO,029,ROVIGO,Veneto,05,VENETO,Nord-est,0
029028,E240,Guarda Veneta,Guarda Veneta,GUARDA VENETA,Rovigo,RO,029,ROVIGO,Veneto,05,VENETO,Nord-est,0
029029,E522,Lendinara,Lendinara,LENDINARA,Rovigo,RO,029,ROVIGO,Veneto,05,VENETO,Nord-est,0
029030,E689,Loreo,Loreo,LOREO,Rovigo,RO,029,ROVIGO,Veneto,05,VENETO,Nord-est,0
029031,E761,Lusia,Lusia,LUSIA,Rovigo,RO,029,ROVIGO,Veneto,05,VENETO,Nord-est,0
029032,F095,Melara,Melara,MELARA,Rovigo,RO,029,ROVIGO,Veneto,05,VENETO,Nord-est,0
029033,F994,Occhiobello,Occhiobello,OCCHIOBELLO,Rovigo,RO,029,ROVIGO,Veneto,05,VENETO,Nord-est,0
029034,G323,Papozze,Papozze,PAPOZZE,Rovigo,RO,029,ROVIGO,Veneto,05,VENETO,Nord-est,0
029035,G525,Pettorazza Grimani,Pettorazza Grimani,PETTORAZZA GRIMANI,Rovigo,RO,029,ROVIGO,Veneto,05,VENETO,Nord-est,0
029036,G673,Pincara,Pincara,PINCARA,Rovigo,RO,029,ROVIGO,Veneto,05,VENETO,Nord-est,0
029037,G782,Polesella,Polesella,POLESELLA,Rovigo,RO,029,ROVIGO,Veneto,05,VENETO,Nord-est,0
029038,G836,Pontecchio Polesine,Pontecchio Polesine,PONTECCHIO POLESINE,Rovigo,RO,029,ROVIGO,Veneto,05,VENETO,Nord-est,0
029039,G923,Porto Tolle,Porto Tolle,PORTO TOLLE,Rovigo,RO,029,ROVIGO,Veneto,05,VENETO,Nord-est,0
029052,G926,Porto Viro,Porto Viro,PORTO VIRO,Rovigo,RO,029,ROVIGO,Veneto,05,VENETO,Nord-est,0
029040,H573,Rosolina,Rosolina,ROSOLINA,Rovigo,RO,029,ROVIGO,Veneto,05,VENETO,Nord-est,0
029041,H620,Rovigo,Rovigo,ROVIGO,Rovigo,RO,029,ROVIGO,Veneto,05,VENETO,Nord-est,1
029042,H689,Salara,Salara,SALARA,Rovigo,RO,029,ROVIGO,Veneto,05,VENETO,Nord-est,0
029043,H768,San Bellino,San Bellino,SAN BELLINO,Rovigo,RO,029,ROVIGO,Veneto,05,VENETO,Nord-est,0
029044,H996,San Martino di Venezze,San Martino di Venezze,SAN MARTINO DI VENEZZE,Rovigo,RO,029,ROVIGO,Veneto,05,VENETO,Nord-est,0
029045,I953,Stienta,Stienta,STIENTA,Rovigo,RO,029,ROVIGO,Veneto,05,VENETO,Nord-est,0
029046,L026,Taglio di Po,Taglio di Po,TAGLIO DI PO,Rovigo,RO,029,ROVIGO,Veneto,05,VENETO,Nord-est,0
029047,L359,Trecenta,Trecenta,TRECENTA,Rovigo,RO,029,ROVIGO,Veneto,05,VENETO,Nord-est,0
029048,L939,Villadose,Villadose,VILLADOSE,Rovigo,RO,029,ROVIGO,Veneto,05,VENETO,Nord-est,0
029049,L967,Villamarzana,Villamarzana,VILLAMARZANA,Rovigo,RO,029,ROVIGO,Veneto,05,VENETO,Nord-est,0
029051,L988,Villanova Marchesana,Villanova Marchesana,VILLANOVA MARCHESANA,Rovigo,RO,029,ROVIGO,Veneto,05,VENETO,Nord-est,0
029050,L985,Villanova del Ghebbo,Villanova del Ghebbo,VILLANOVA DEL GHEBBO,Rovigo,RO,029,ROVIGO,Veneto,05,VENETO,Nord-est,0
026001,A237,Altivole,Altivole,ALTIVOLE,Treviso,TV,026,TREVISO,Veneto,05,VENETO,Nord-est,0
026002,A360,Arcade,Arcade,ARCADE,Treviso,TV,026,TREVISO,Veneto,05,VENETO,Nord-est,0
026003,A471,Asolo,Asolo,ASOLO,Treviso,TV,026,TREVISO,Veneto,05,VENETO,Nord-est,0
026004,B061,Borso del Grappa,Borso del Grappa,BORSO DEL GRAPPA,Treviso,TV,026,TREVISO,Veneto,05,VENETO,Nord-est,0
026005,B128,Breda di Piave,Breda di Piave,BREDA DI PIAVE,Treviso,TV,026,TREVISO,Veneto,05,VENETO,Nord-est,0
026006,B349,Caerano di San Marco,Caerano di San Marco,CAERANO DI SAN MARCO,Treviso,TV,026,TREVISO,Veneto,05,VENETO,Nord-est,0
026007,B678,Cappella Maggiore,Cappella Maggiore,CAPPELLA MAGGIORE,Treviso,TV,026,TREVISO,Veneto,05,VENETO,Nord-est,0
026008,B744,Carbonera,Carbonera,CARBONERA,Treviso,TV,026,TREVISO,Veneto,05,VENETO,Nord-est,0
026009,B879,Casale sul Sile,Casale sul Sile,CASALE SUL SILE,Treviso,TV,026,TREVISO,Veneto,05,VENETO,Nord-est,0
026010,B965,Casier,Casier,CASIER,Treviso,TV,026,TREVISO,Veneto,05,VENETO,Nord-est,0
026011,C073,Castelcucco,Castelcucco,CASTELCUCCO,Treviso,TV,026,TREVISO,Veneto,05,VENETO,Nord-est,0
026012,C111,Castelfranco Veneto,Castelfranco Veneto,CASTELFRANCO VENETO,Treviso,TV,026,TREVISO,Veneto,05,VENETO,Nord-est,0
026013,C190,Castello di Godego,Castello di Godego,CASTELLO DI GODEGO,Treviso,TV,026,TREVISO,Veneto,05,VENETO,Nord-est,0
026014,C384,Cavaso del Tomba,Cavaso del Tomba,CAVASO DEL TOMBA,Treviso,TV,026,TREVISO,Veneto,05,VENETO,Nord-est,0
026015,C580,Cessalto,Cessalto,CESSALTO,Treviso,TV,026,TREVISO,Veneto,05,VENETO,Nord-est,0
026016,C614,Chiarano,Chiarano,CHIARANO,Treviso,TV,026,TREVISO,Veneto,05,VENETO,Nord-est,0
026017,C689,Cimadolmo,Cimadolmo,CIMADOLMO,Treviso,TV,026,TREVISO,Veneto,05,VENETO,Nord-est,0
026018,C735,Cison di Valmarino,Cison di Valmarino,CISON DI VALMARINO,Treviso,TV,026,TREVISO,Veneto,05,VENETO,Nord-est,0
026019,C815,Codognè,Codognè,CODOGNE,Treviso,TV,026,TREVISO,Veneto,05,VENETO,Nord-est,0
026020,C848,Colle Umberto,Colle Umberto,COLLE UMBERTO,Treviso,TV,026,TREVISO,Veneto,05,VENETO,Nord-est,0
026021,C957,Conegliano,Conegliano,CONEGLIANO,Treviso,TV,026,TREVISO,Veneto,05,VENETO,Nord-est,0
026022,C992,Cordignano,Cordignano,CORDIGNANO,Treviso,TV,026,TREVISO,Veneto,05,VENETO,Nord-est,0
026023,D030,Cornuda,Cornuda,CORNUDA,Treviso,TV,026,TREVISO,Veneto,05,VENETO,Nord-est,0
026025,C670,Crocetta del Montello,Crocetta del Montello,CROCETTA DEL MONTELLO,Treviso,TV,026,TREVISO,Veneto,05,VENETO,Nord-est,0
026026,D505,Farra di Soligo,Farra di Soligo,FARRA DI SOLIGO,Treviso,TV,026,TREVISO,Veneto,05,VENETO,Nord-est,0
026027,D654,Follina,Follina,FOLLINA,Treviso,TV,026,TREVISO,Veneto,05,VENETO,Nord-est,0
026028,D674,Fontanelle,Fontanelle,FONTANELLE,Treviso,TV,026,TREVISO,Veneto,05,VENETO,Nord-est,0
026029,D680,Fonte,Fonte,FONTE,Treviso,TV,026,TREVISO,Veneto,05,VENETO,Nord-est,0
026030,D794,Fregona,Fregona,FREGONA,Treviso,TV,026,TREVISO,Veneto,05,VENETO,Nord-est,0
026031,D854,Gaiarine,Gaiarine,GAIARINE,Treviso,TV,026,TREVISO,Veneto,05,VENETO,Nord-est,0
026032,E021,Giavera del Montello,Giavera del Montello,GIAVERA DEL MONTELLO,Treviso,TV,026,TREVISO,Veneto,05,VENETO,Nord-est,0
026033,E071,Godega di Sant'Urbano,Godega di Sant'Urbano,GODEGA DI SANT URBANO,Treviso,TV,026,TREVISO,Veneto,05,VENETO,Nord-est,0
026034,E092,Gorgo al Monticano,Gorgo al Monticano,GORGO AL MONTICANO,Treviso,TV,026,TREVISO,Veneto,05,VENETO,Nord-est,0
026035,E373,Istrana,Istrana,ISTRANA,Treviso,TV,026,TREVISO,Veneto,05,VENETO,Nord-est,0
026036,E692,Loria,Loria,LORIA,Treviso,TV,026,TREVISO,Veneto,05,VENETO,Nord-est,0
026037,E893,Mansuè,Mansuè,MANSUE,Treviso,TV,026,TREVISO,Veneto,05,VENETO,Nord-est,0
026038,E940,Mareno di Piave,Mareno di Piave,MARENO DI PIAVE,Treviso,TV,026,TREVISO,Veneto,05,VENETO,Nord-est,0
026039,F009,Maser,Maser,MASER,Treviso,TV,026,TREVISO,Veneto,05,VENETO,Nord-est,0
026040,F012,Maserada sul Piave,Maserada sul Piave,MASERADA SUL PIAVE,Treviso,TV,026,TREVISO,Veneto,05,VENETO,Nord-est,0
026041,F088,Meduna di Livenza,Meduna di Livenza,MEDUNA DI LIVENZA,Treviso,TV,026,TREVISO,Veneto,05,VENETO,Nord-est,0
026042,F190,Miane,Miane,MIANE,Treviso,TV,026,TREVISO,Veneto,05,VENETO,Nord-est,0
026043,F269,Mogliano Veneto,Mogliano Veneto,MOGLIANO VENETO,Treviso,TV,026,TREVISO,Veneto,05,VENETO,Nord-est,0
026044,F332,Monastier di Treviso,Monastier di Treviso,MONASTIER DI TREVISO,Treviso,TV,026,TREVISO,Veneto,05,VENETO,Nord-est,0
026045,F360,Monfumo,Monfumo,MONFUMO,Treviso,TV,026,TREVISO,Veneto,05,VENETO,Nord-est,0
026046,F443,Montebelluna,Montebelluna,MONTEBELLUNA,Treviso,TV,026,TREVISO,Veneto,05,VENETO,Nord-est,0
026047,F725,Morgano,Morgano,MORGANO,Treviso,TV,026,TREVISO,Veneto,05,VENETO,Nord-est,0
026048,F729,Moriago della Battaglia,Moriago della Battaglia,MORIAGO DELLA BATTAGLIA,Treviso,TV,026,TREVISO,Veneto,05,VENETO,Nord-est,0
026049,F770,Motta di Livenza,Motta di Livenza,MOTTA DI LIVENZA,Treviso,TV,026,TREVISO,Veneto,05,VENETO,Nord-est,0
026050,F872,Nervesa della Battaglia,Nervesa della Battaglia,NERVESA DELLA BATTAGLIA,Treviso,TV,026,TREVISO,Veneto,05,VENETO,Nord-est,0
026051,F999,Oderzo,Oderzo,ODERZO,Treviso,TV,026,TREVISO,Veneto,05,VENETO,Nord-est,0
026052,G115,Ormelle,Ormelle,ORMELLE,Treviso,TV,026,TREVISO,Veneto,05,VENETO,Nord-est,0
026053,G123,Orsago,Orsago,ORSAGO,Treviso,TV,026,TREVISO,Veneto,05,VENETO,Nord-est,0
026055,G229,Paese,Paese,PAESE,Treviso,TV,026,TREVISO,Veneto,05,VENETO,Nord-est,0
026056,G408,Pederobba,Pederobba,PEDEROBBA,Treviso,TV,026,TREVISO,Veneto,05,VENETO,Nord-est,0
026096,M422,Pieve del Grappa,Pieve del Grappa,PIEVE DEL GRAPPA,Treviso,TV,026,TREVISO,Veneto,05,VENETO,Nord-est,0
026057,G645,Pieve di Soligo,Pieve di Soligo,PIEVE DI SOLIGO,Treviso,TV,026,TREVISO,Veneto,05,VENETO,Nord-est,0
026058,G846,Ponte di Piave,Ponte di Piave,PONTE DI PIAVE,Treviso,TV,026,TREVISO,Veneto,05,VENETO,Nord-est,0
026059,G875,Ponzano Veneto,Ponzano Veneto,PONZANO VENETO,Treviso,TV,026,TREVISO,Veneto,05,VENETO,Nord-est,0
026060,G909,Portobuffolè,Portobuffolè,PORTOBUFFOLE,Treviso,TV,026,TREVISO,Veneto,05,VENETO,Nord-est,0
026061,G933,Possagno,Possagno,POSSAGNO,Treviso,TV,026,TREVISO,Veneto,05,VENETO,Nord-est,0
026062,G944,Povegliano,Povegliano,POVEGLIANO,Treviso,TV,026,TREVISO,Veneto,05,VENETO,Nord-est,0
026063,H022,Preganziol,Preganziol,PREGANZIOL,Treviso,TV,026,TREVISO,Veneto,05,VENETO,Nord-est,0
026064,H131,Quinto di Treviso,Quinto di Treviso,QUINTO DI TREVISO,Treviso,TV,026,TREVISO,Veneto,05,VENETO,Nord-est,0
026065,H220,Refrontolo,Refrontolo,REFRONTOLO,Treviso,TV,026,TREVISO,Veneto,05,VENETO,Nord-est,0
026066,H238,Resana,Resana,RESANA,Treviso,TV,026,TREVISO,Veneto,05,VENETO,Nord-est,0
026067,H253,Revine Lago,Revine Lago,REVINE LAGO,Treviso,TV,026,TREVISO,Veneto,05,VENETO,Nord-est,0
026068,H280,Riese Pio X,Riese Pio X,RIESE PIO X,Treviso,TV,026,TREVISO,Veneto,05,VENETO,Nord-est,0
026069,H523,Roncade,Roncade,RONCADE,Treviso,TV,026,TREVISO,Veneto,05,VENETO,Nord-est,0
026070,H706,Salgareda,Salgareda,SALGAREDA,Treviso,TV,026,TREVISO,Veneto,05,VENETO,Nord-est,0
026071,H781,San Biagio di Callalta,San Biagio di Callalta,SAN BIAGIO DI CALLALTA,Treviso,TV,026,TREVISO,Veneto,05,VENETO,Nord-est,0
026072,H843,San Fior,San Fior,SAN FIOR,Treviso,TV,026,TREVISO,Veneto,05,VENETO,Nord-est,0
026073,I103,San Pietro di Feletto,San Pietro di Feletto,SAN PIETRO DI FELETTO,Treviso,TV,026,TREVISO,Veneto,05,VENETO,Nord-est,0
026074,I124,San Polo di Piave,San Polo di Piave,SAN POLO DI PIAVE,Treviso,TV,026,TREVISO,Veneto,05,VENETO,Nord-est,0
026076,I382,San Vendemiano,San Vendemiano,SAN VENDEMIANO,Treviso,TV,026,TREVISO,Veneto,05,VENETO,Nord-est,0
026077,I417,San Zenone degli Ezzelini,San Zenone degli Ezzelini,SAN ZENONE DEGLI EZZELINI,Treviso,TV,026,TREVISO,Veneto,05,VENETO,Nord-est,0
026075,I221,Santa Lucia di Piave,Santa Lucia di Piave,SANTA LUCIA DI PIAVE,Treviso,TV,026,TREVISO,Veneto,05,VENETO,Nord-est,0
026078,I435,Sarmede,Sarmede,SARMEDE,Treviso,TV,026,TREVISO,Veneto,05,VENETO,Nord-est,0
026079,I578,Segusino,Segusino,SEGUSINO,Treviso,TV,026,TREVISO,Veneto,05,VENETO,Nord-est,0
026080,I635,Sernaglia della Battaglia,Sernaglia della Battaglia,SERNAGLIA DELLA BATTAGLIA,Treviso,TV,026,TREVISO,Veneto,05,VENETO,Nord-est,0
026081,F116,Silea,Silea,SILEA,Treviso,TV,026,TREVISO,Veneto,05,VENETO,Nord-est,0
026082,I927,Spresiano,Spresiano,SPRESIANO,Treviso,TV,026,TREVISO,Veneto,05,VENETO,Nord-est,0
026083,L014,Susegana,Susegana,SUSEGANA,Treviso,TV,026,TREVISO,Veneto,05,VENETO,Nord-est,0
026084,L058,Tarzo,Tarzo,TARZO,Treviso,TV,026,TREVISO,Veneto,05,VENETO,Nord-est,0
026085,L402,Trevignano,Trevignano,TREVIGNANO,Treviso,TV,026,TREVISO,Veneto,05,VENETO,Nord-est,0
026086,L407,Treviso,Treviso,TREVISO,Treviso,TV,026,TREVISO,Veneto,05,VENETO,Nord-est,1
026087,L565,Valdobbiadene,Valdobbiadene,VALDOBBIADENE,Treviso,TV,026,TREVISO,Veneto,05,VENETO,Nord-est,0
026088,L700,Vazzola,Vazzola,VAZZOLA,Treviso,TV,026,TREVISO,Veneto,05,VENETO,Nord-est,0
026089,L706,Vedelago,Vedelago,VEDELAGO,Treviso,TV,026,TREVISO,Veneto,05,VENETO,Nord-est,0
026090,L856,Vidor,Vidor,VIDOR,Treviso,TV,026,TREVISO,Veneto,05,VENETO,Nord-est,0
026091,M048,Villorba,Villorba,VILLORBA,Treviso,TV,026,TREVISO,Veneto,05,VENETO,Nord-est,0
026092,M089,Vittorio Veneto,Vittorio Veneto,VITTORIO VENETO,Treviso,TV,026,TREVISO,Veneto,05,VENETO,Nord-est,0
026093,M118,Volpago del Montello,Volpago del Montello,VOLPAGO DEL MONTELLO,Treviso,TV,026,TREVISO,Veneto,05,VENETO,Nord-est,0
026094,M163,Zenson di Piave,Zenson di Piave,ZENSON DI PIAVE,Treviso,TV,026,TREVISO,Veneto,05,VENETO,Nord-est,0
026095,M171,Zero Branco,Zero Branco,ZERO BRANCO,Treviso,TV,026,TREVISO,Veneto,05,VENETO,Nord-est,0
027001,A302,Annone Veneto,Annone Veneto,ANNONE VENETO,Venezia,VE,227,VENEZIA,Veneto,05,VENETO,Nord-est,0
027002,B493,Campagna Lupia,Campagna Lupia,CAMPAGNA LUPIA,Venezia,VE,227,VENEZIA,Veneto,05,VENETO,Nord-est,0
027003,B546,Campolongo Maggiore,Campolongo Maggiore,CAMPOLONGO MAGGIORE,Venezia,VE,227,VENEZIA,Veneto,05,VENETO,Nord-est,0
027004,B554,Camponogara,Camponogara,CAMPONOGARA,Venezia,VE,227,VENEZIA,Veneto,05,VENETO,Nord-est,0
027005,B642,Caorle,Caorle,CAORLE,Venezia,VE,227,VENEZIA,Veneto,05,VENETO,Nord-est,0
027044,M308,Cavallino-Treporti,Cavallino-Treporti,CAVALLINO TREPORTI,Venezia,VE,227,VENEZIA,Veneto,05,VENETO,Nord-est,0
027006,C383,Cavarzere,Cavarzere,CAVARZERE,Venezia,VE,227,VENEZIA,Veneto,05,VENETO,Nord-est,0
027007,C422,Ceggia,Ceggia,CEGGIA,Venezia,VE,227,VENEZIA,Veneto,05,VENETO,Nord-est,0
027008,C638,Chioggia,Chioggia,CHIOGGIA,Venezia,VE,227,VENEZIA,Veneto,05,VENETO,Nord-est,0
027009,C714,Cinto Caomaggiore,Cinto Caomaggiore,CINTO CAOMAGGIORE,Venezia,VE,227,VENEZIA,Veneto,05,VENETO,Nord-est,0
027010,C938,Cona,Cona,CONA,Venezia,VE,227,VENEZIA,Veneto,05,VENETO,Nord-est,0
027011,C950,Concordia Sagittaria,Concordia Sagittaria,CONCORDIA SAGITTARIA,Venezia,VE,227,VENEZIA,Veneto,05,VENETO,Nord-est,0
027012,D325,Dolo,Dolo,DOLO,Venezia,VE,227,VENEZIA,Veneto,05,VENETO,Nord-est,0
027013,D415,Eraclea,Eraclea,ERACLEA,Venezia,VE,227,VENEZIA,Veneto,05,VENETO,Nord-est,0
027014,D578,Fiesso d'Artico,Fiesso d'Artico,FIESSO D ARTICO,Venezia,VE,227,VENEZIA,Veneto,05,VENETO,Nord-est,0
027015,D740,Fossalta di Piave,Fossalta di Piave,FOSSALTA DI PIAVE,Venezia,VE,227,VENEZIA,Veneto,05,VENETO,Nord-est,0
027016,D741,Fossalta di Portogruaro,Fossalta di Portogruaro,FOSSALTA DI PORTOGRUARO,Venezia,VE,227,VENEZIA,Veneto,05,VENETO,Nord-est,0
027017,D748,Fossò,Fossò,FOSSO,Venezia,VE,227,VENEZIA,Veneto,05,VENETO,Nord-est,0
027018,E215,Gruaro,Gruaro,GRUARO,Venezia,VE,227,VENEZIA,Veneto,05,VENETO,Nord-est,0
027019,C388,Jesolo,Jesolo,JESOLO,Venezia,VE,227,VENEZIA,Veneto,05,VENETO,Nord-est,0
027020,E936,Marcon,Marcon,MARCON,Venezia,VE,227,VENEZIA,Veneto,05,VENETO,Nord-est,0
027021,E980,Martellago,Martellago,MARTELLAGO,Venezia,VE,227,VENEZIA,Veneto,05,VENETO,Nord-est,0
027022,F130,Meolo,Meolo,MEOLO,Venezia,VE,227,VENEZIA,Veneto,05,VENETO,Nord-est,0
027023,F229,Mira,Mira,MIRA,Venezia,VE,227,VENEZIA,Veneto,05,VENETO,Nord-est,0
027024,F241,Mirano,Mirano,MIRANO,Venezia,VE,227,VENEZIA,Veneto,05,VENETO,Nord-est,0
027025,F826,Musile di Piave,Musile di Piave,MUSILE DI PIAVE,Venezia,VE,227,VENEZIA,Veneto,05,VENETO,Nord-est,0
027026,F904,Noale,Noale,NOALE,Venezia,VE,227,VENEZIA,Veneto,05,VENETO,Nord-est,0
027027,F963,Noventa di Piave,Noventa di Piave,NOVENTA DI PIAVE,Venezia,VE,227,VENEZIA,Veneto,05,VENETO,Nord-est,0
027028,G565,Pianiga,Pianiga,PIANIGA,Venezia,VE,227,VENEZIA,Veneto,05,VENETO,Nord-est,0
027029,G914,Portogruaro,Portogruaro,PORTOGRUARO,Venezia,VE,227,VENEZIA,Veneto,05,VENETO,Nord-est,0
027030,G981,Pramaggiore,Pramaggiore,PRAMAGGIORE,Venezia,VE,227,VENEZIA,Veneto,05,VENETO,Nord-est,0
027031,H117,Quarto d'Altino,Quarto d'Altino,QUARTO D ALTINO,Venezia,VE,227,VENEZIA,Veneto,05,VENETO,Nord-est,0
027032,H735,Salzano,Salzano,SALZANO,Venezia,VE,227,VENEZIA,Veneto,05,VENETO,Nord-est,0
027033,H823,San Donà di Piave,San Donà di Piave,SAN DONA DI PIAVE,Venezia,VE,227,VENEZIA,Veneto,05,VENETO,Nord-est,0
027034,I040,San Michele al Tagliamento,San Michele al Tagliamento,SAN MICHELE AL TAGLIAMENTO,Venezia,VE,227,VENEZIA,Veneto,05,VENETO,Nord-est,0
027036,I373,San Stino di Livenza,San Stino di Livenza,SAN STINO DI LIVENZA,Venezia,VE,227,VENEZIA,Veneto,05,VENETO,Nord-est,0
027035,I242,Santa Maria di Sala,Santa Maria di Sala,SANTA MARIA DI SALA,Venezia,VE,227,VENEZIA,Veneto,05,VENETO,Nord-est,0
027037,I551,Scorzè,Scorzè,SCORZE,Venezia,VE,227,VENEZIA,Veneto,05,VENETO,Nord-est,0
027038,I908,Spinea,Spinea,SPINEA,Venezia,VE,227,VENEZIA,Veneto,05,VENETO,Nord-est,0
027039,I965,Stra,Stra,STRA,Venezia,VE,227,VENEZIA,Veneto,05,VENETO,Nord-est,0
027040,L085,Teglio Veneto,Teglio Veneto,TEGLIO VENETO,Venezia,VE,227,VENEZIA,Veneto,05,VENETO,Nord-est,0
027041,L267,Torre di Mosto,Torre di Mosto,TORRE DI MOSTO,Venezia,VE,227,VENEZIA,Veneto,05,VENETO,Nord-est,0
027042,L736,Venezia,Venezia,VENEZIA,Venezia,VE,227,VENEZIA,Veneto,05,VENETO,Nord-est,1
027043,L899,Vigonovo,Vigonovo,VIGONOVO,Venezia,VE,227,VENEZIA,Veneto,05,VENETO,Nord-est,0
023001,A061,Affi,Affi,AFFI,Verona,VR,023,VERONA,Veneto,05,VENETO,Nord-est,0
023002,A137,Albaredo d'Adige,Albaredo d'Adige,ALBAREDO D ADIGE,Verona,VR,023,VERONA,Veneto,05,VENETO,Nord-est,0
023003,A292,Angiari,Angiari,ANGIARI,Verona,VR,023,VERONA,Veneto,05,VENETO,Nord-est,0
023004,A374,Arcole,Arcole,ARCOLE,Verona,VR,023,VERONA,Veneto,05,VENETO,Nord-est,0
023005,A540,Badia Calavena,Badia Calavena,BADIA CALAVENA,Verona,VR,023,VERONA,Veneto,05,VENETO,Nord-est,0
023006,A650,Bardolino,Bardolino,BARDOLINO,Verona,VR,023,VERONA,Veneto,05,VENETO,Nord-est,0
023007,A737,Belfiore,Belfiore,BELFIORE,Verona,VR,023,VERONA,Veneto,05,VENETO,Nord-est,0
023008,A837,Bevilacqua,Bevilacqua,BEVILACQUA,Verona,VR,023,VERONA,Veneto,05,VENETO,Nord-est,0
023009,A964,Bonavigo,Bonavigo,BONAVIGO,Verona,VR,023,VERONA,Veneto,05,VENETO,Nord-est,0
023010,B070,Boschi Sant'Anna,Boschi Sant'Anna,BOSCHI SANT ANNA,Verona,VR,023,VERONA,Veneto,05,VENETO,Nord-est,0
023011,B073,Bosco Chiesanuova,Bosco Chiesanuova,BOSCO CHIESANUOVA,Verona,VR,023,VERONA,Veneto,05,VENETO,Nord-est,0
023012,B107,Bovolone,Bovolone,BOVOLONE,Verona,VR,023,VERONA,Veneto,05,VENETO,Nord-est,0
023013,B152,Brentino Belluno,Brentino Belluno,BRENTINO BELLUNO,Verona,VR,023,VERONA,Veneto,05,VENETO,Nord-est,0
023014,B154,Brenzone sul Garda,Brenzone sul Garda,BRENZONE SUL GARDA,Verona,VR,023,VERONA,Veneto,05,VENETO,Nord-est,0
023015,B296,Bussolengo,Bussolengo,BUSSOLENGO,Verona,VR,023,VERONA,Veneto,05,VENETO,Nord-est,0
023016,B304,Buttapietra,Buttapietra,BUTTAPIETRA,Verona,VR,023,VERONA,Veneto,05,VENETO,Nord-est,0
023017,B402,Caldiero,Caldiero,CALDIERO,Verona,VR,023,VERONA,Veneto,05,VENETO,Nord-est,0
023018,B709,Caprino Veronese,Caprino Veronese,CAPRINO VERONESE,Verona,VR,023,VERONA,Veneto,05,VENETO,Nord-est,0
023019,B886,Casaleone,Casaleone,CASALEONE,Verona,VR,023,VERONA,Veneto,05,VENETO,Nord-est,0
023020,C041,Castagnaro,Castagnaro,CASTAGNARO,Verona,VR,023,VERONA,Veneto,05,VENETO,Nord-est,0
023021,C078,Castel d'Azzano,Castel d'Azzano,CASTEL D AZZANO,Verona,VR,023,VERONA,Veneto,05,VENETO,Nord-est,0
023022,C225,Castelnuovo del Garda,Castelnuovo del Garda,CASTELNUOVO DEL GARDA,Verona,VR,023,VERONA,Veneto,05,VENETO,Nord-est,0
023023,C370,Cavaion Veronese,Cavaion Veronese,CAVAION VERONESE,Verona,VR,023,VERONA,Veneto,05,VENETO,Nord-est,0
023024,C412,Cazzano di Tramigna,Cazzano di Tramigna,CAZZANO DI TRAMIGNA,Verona,VR,023,VERONA,Veneto,05,VENETO,Nord-est,0
023025,C498,Cerea,Cerea,CEREA,Verona,VR,023,VERONA,Veneto,05,VENETO,Nord-est,0
023026,C538,Cerro Veronese,Cerro Veronese,CERRO VERONESE,Verona,VR,023,VERONA,Veneto,05,VENETO,Nord-est,0
023027,C890,Cologna Veneta,Cologna Veneta,COLOGNA VENETA,Verona,VR,023,VERONA,Veneto,05,VENETO,Nord-est,0
023028,C897,Colognola ai Colli,Colognola ai Colli,COLOGNOLA AI COLLI,Verona,VR,023,VERONA,Veneto,05,VENETO,Nord-est,0
023029,C943,Concamarise,Concamarise,CONCAMARISE,Verona,VR,023,VERONA,Veneto,05,VENETO,Nord-est,0
023030,D118,Costermano sul Garda,Costermano sul Garda,COSTERMANO SUL GARDA,Verona,VR,023,VERONA,Veneto,05,VENETO,Nord-est,0
023031,D317,Dolcè,Dolcè,DOLCE,Verona,VR,023,VERONA,Veneto,05,VENETO,Nord-est,0
023033,D420,Erbezzo,Erbezzo,ERBEZZO,Verona,VR,023,VERONA,Veneto,05,VENETO,Nord-est,0
023032,D419,Erbè,Erbè,ERBE,Verona,VR,023,VERONA,Veneto,05,VENETO,Nord-est,0
023034,D549,Ferrara di Monte Baldo,Ferrara di Monte Baldo,FERRARA DI MONTE BALDO,Verona,VR,023,VERONA,Veneto,05,VENETO,Nord-est,0
023035,D818,Fumane,Fumane,FUMANE,Verona,VR,023,VERONA,Veneto,05,VENETO,Nord-est,0
023036,D915,Garda,Garda,GARDA,Verona,VR,023,VERONA,Veneto,05,VENETO,Nord-est,0
023037,D957,Gazzo Veronese,Gazzo Veronese,GAZZO VERONESE,Verona,VR,023,VERONA,Veneto,05,VENETO,Nord-est,0
023038,E171,Grezzana,Grezzana,GREZZANA,Verona,VR,023,VERONA,Veneto,05,VENETO,Nord-est,0
023039,E284,Illasi,Illasi,ILLASI,Verona,VR,023,VERONA,Veneto,05,VENETO,Nord-est,0
023041,E358,Isola Rizza,Isola Rizza,ISOLA RIZZA,Verona,VR,023,VERONA,Veneto,05,VENETO,Nord-est,0
023040,E349,Isola della Scala,Isola della Scala,ISOLA DELLA SCALA,Verona,VR,023,VERONA,Veneto,05,VENETO,Nord-est,0
023042,E489,Lavagno,Lavagno,LAVAGNO,Verona,VR,023,VERONA,Veneto,05,VENETO,Nord-est,0
023043,E502,Lazise,Lazise,LAZISE,Verona,VR,023,VERONA,Veneto,05,VENETO,Nord-est,0
023044,E512,Legnago,Legnago,LEGNAGO,Verona,VR,023,VERONA,Veneto,05,VENETO,Nord-est,0
023045,E848,Malcesine,Malcesine,MALCESINE,Verona,VR,023,VERONA,Veneto,05,VENETO,Nord-est,0
023046,E911,Marano di Valpolicella,Marano di Valpolicella,MARANO DI VALPOLICELLA,Verona,VR,023,VERONA,Veneto,05,VENETO,Nord-est,0
023047,F172,Mezzane di Sotto,Mezzane di Sotto,MEZZANE DI SOTTO,Verona,VR,023,VERONA,Veneto,05,VENETO,Nord-est,0
023048,F218,Minerbe,Minerbe,MINERBE,Verona,VR,023,VERONA,Veneto,05,VENETO,Nord-est,0
023049,F461,Montecchia di Crosara,Montecchia di Crosara,MONTECCHIA DI CROSARA,Verona,VR,023,VERONA,Veneto,05,VENETO,Nord-est,0
023050,F508,Monteforte d'Alpone,Monteforte d'Alpone,MONTEFORTE D ALPONE,Verona,VR,023,VERONA,Veneto,05,VENETO,Nord-est,0
023051,F789,Mozzecane,Mozzecane,MOZZECANE,Verona,VR,023,VERONA,Veneto,05,VENETO,Nord-est,0
023052,F861,Negrar di Valpolicella,Negrar di Valpolicella,NEGRAR DI VALPOLICELLA,Verona,VR,023,VERONA,Veneto,05,VENETO,Nord-est,0
023053,F918,Nogara,Nogara,NOGARA,Verona,VR,023,VERONA,Veneto,05,VENETO,Nord-est,0
023054,F921,Nogarole Rocca,Nogarole Rocca,NOGAROLE ROCCA,Verona,VR,023,VERONA,Veneto,05,VENETO,Nord-est,0
023055,G080,Oppeano,Oppeano,OPPEANO,Verona,VR,023,VERONA,Veneto,05,VENETO,Nord-est,0
023056,G297,Palù,Palù,PALU,Verona,VR,023,VERONA,Veneto,05,VENETO,Nord-est,0
023057,G365,Pastrengo,Pastrengo,PASTRENGO,Verona,VR,023,VERONA,Veneto,05,VENETO,Nord-est,0
023058,G481,Pescantina,Pescantina,PESCANTINA,Verona,VR,023,VERONA,Veneto,05,VENETO,Nord-est,0
023059,G489,Peschiera del Garda,Peschiera del Garda,PESCHIERA DEL GARDA,Verona,VR,023,VERONA,Veneto,05,VENETO,Nord-est,0
023060,G945,Povegliano Veronese,Povegliano Veronese,POVEGLIANO VERONESE,Verona,VR,023,VERONA,Veneto,05,VENETO,Nord-est,0
023061,H048,Pressana,Pressana,PRESSANA,Verona,VR,023,VERONA,Veneto,05,VENETO,Nord-est,0
023062,H356,Rivoli Veronese,Rivoli Veronese,RIVOLI VERONESE,Verona,VR,023,VERONA,Veneto,05,VENETO,Nord-est,0
023064,H540,Ronco all'Adige,Ronco all'Adige,RONCO ALL ADIGE,Verona,VR,023,VERONA,Veneto,05,VENETO,Nord-est,0
023063,H522,Roncà,Roncà,RONCA,Verona,VR,023,VERONA,Veneto,05,VENETO,Nord-est,0
023065,H606,Roverchiara,Roverchiara,ROVERCHIARA,Verona,VR,023,VERONA,Veneto,05,VENETO,Nord-est,0
023066,H610,Roveredo di Guà,Roveredo di Guà,ROVEREDO DI GUA,Verona,VR,023,VERONA,Veneto,05,VENETO,Nord-est,0
023067,H608,Roverè Veronese,Roverè Veronese,ROVERE VERONESE,Verona,VR,023,VERONA,Veneto,05,VENETO,Nord-est,0
023068,H714,Salizzole,Salizzole,SALIZZOLE,Verona,VR,023,VERONA,Veneto,05,VENETO,Nord-est,0
023069,H783,San Bonifacio,San Bonifacio,SAN BONIFACIO,Verona,VR,023,VERONA,Veneto,05,VENETO,Nord-est,0
023070,H916,San Giovanni Ilarione,San Giovanni Ilarione,SAN GIOVANNI ILARIONE,Verona,VR,023,VERONA,Veneto,05,VENETO,Nord-est,0
023071,H924,San Giovanni Lupatoto,San Giovanni Lupatoto,SAN GIOVANNI LUPATOTO,Verona,VR,023,VERONA,Veneto,05,VENETO,Nord-est,0
023073,I003,San Martino Buon Albergo,San Martino Buon Albergo,SAN MARTINO BUON ALBERGO,Verona,VR,023,VERONA,Veneto,05,VENETO,Nord-est,0
023074,H712,San Mauro di Saline,San Mauro di Saline,SAN MAURO DI SALINE,Verona,VR,023,VERONA,Veneto,05,VENETO,Nord-est,0
023075,I105,San Pietro di Morubio,San Pietro di Morubio,SAN PIETRO DI MORUBIO,Verona,VR,023,VERONA,Veneto,05,VENETO,Nord-est,0
023076,I109,San Pietro in Cariano,San Pietro in Cariano,SAN PIETRO IN CARIANO,Verona,VR,023,VERONA,Veneto,05,VENETO,Nord-est,0
023079,I414,San Zeno di Montagna,San Zeno di Montagna,SAN ZENO DI MONTAGNA,Verona,VR,023,VERONA,Veneto,05,VENETO,Nord-est,0
023072,H944,Sanguinetto,Sanguinetto,SANGUINETTO,Verona,VR,023,VERONA,Veneto,05,VENETO,Nord-est,0
023077,I259,Sant'Ambrogio di Valpolicella,Sant'Ambrogio di Valpolicella,SANT AMBROGIO DI VALPOLICELLA,Verona,VR,023,VERONA,Veneto,05,VENETO,Nord-est,0
023078,I292,Sant'Anna d'Alfaedo,Sant'Anna d'Alfaedo,SANT ANNA D ALFAEDO,Verona,VR,023,VERONA,Veneto,05,VENETO,Nord-est,0
023080,I594,Selva di Progno,Selva di Progno,SELVA DI PROGNO,Verona,VR,023,VERONA,Veneto,05,VENETO,Nord-est,0
023081,I775,Soave,Soave,SOAVE,Verona,VR,023,VERONA,Veneto,05,VENETO,Nord-est,0
023082,I821,Sommacampagna,Sommacampagna,SOMMACAMPAGNA,Verona,VR,023,VERONA,Veneto,05,VENETO,Nord-est,0
023083,I826,Sona,Sona,SONA,Verona,VR,023,VERONA,Veneto,05,VENETO,Nord-est,0
023084,I850,Sorgà,Sorgà,SORGA,Verona,VR,023,VERONA,Veneto,05,VENETO,Nord-est,0
023085,L136,Terrazzo,Terrazzo,TERRAZZO,Verona,VR,023,VERONA,Veneto,05,VENETO,Nord-est,0
023086,L287,Torri del Benaco,Torri del Benaco,TORRI DEL BENACO,Verona,VR,023,VERONA,Veneto,05,VENETO,Nord-est,0
023087,L364,Tregnago,Tregnago,TREGNAGO,Verona,VR,023,VERONA,Veneto,05,VENETO,Nord-est,0
023088,L396,Trevenzuolo,Trevenzuolo,TREVENZUOLO,Verona,VR,023,VERONA,Veneto,05,VENETO,Nord-est,0
023089,L567,Valeggio sul Mincio,Valeggio sul Mincio,VALEGGIO SUL MINCIO,Verona,VR,023,VERONA,Veneto,05,VENETO,Nord-est,0
023090,L722,Velo Veronese,Velo Veronese,VELO VERONESE,Verona,VR,023,VERONA,Veneto,05,VENETO,Nord-est,0
023091,L781,Verona,Verona,VERONA,Verona,VR,023,VERONA,Veneto,05,VENETO,Nord-est,1
023092,D193,Veronella,Veronella,VERONELLA,Verona,VR,023,VERONA,Veneto,05,VENETO,Nord-est,0
023093,L810,Vestenanova,Vestenanova,VESTENANOVA,Verona,VR,023,VERONA,Veneto,05,VENETO,Nord-est,0
023094,L869,Vigasio,Vigasio,VIGASIO,Verona,VR,023,VERONA,Veneto,05,VENETO,Nord-est,0
023095,L912,Villa Bartolomea,Villa Bartolomea,VILLA BARTOLOMEA,Verona,VR,023,VERONA,Veneto,05,VENETO,Nord-est,0
023096,L949,Villafranca di Verona,Villafranca di Verona,VILLAFRANCA DI VERONA,Verona,VR,023,VERONA,Veneto,05,VENETO,Nord-est,0
023097,M172,Zevio,Zevio,ZEVIO,Verona,VR,023,VERONA,Veneto,05,VENETO,Nord-est,0
023098,M178,Zimella,Zimella,ZIMELLA,Verona,VR,023,VERONA,Veneto,05,VENETO,Nord-est,0
024001,A093,Agugliaro,Agugliaro,AGUGLIARO,Vicenza,VI,024,VICENZA,Veneto,05,VENETO,Nord-est,0
024002,A154,Albettone,Albettone,ALBETTONE,Vicenza,VI,024,VICENZA,Veneto,05,VENETO,Nord-est,0
024003,A220,Alonte,Alonte,ALONTE,Vicenza,VI,024,VICENZA,Veneto,05,VENETO,Nord-est,0
024004,A231,Altavilla Vicentina,Altavilla Vicentina,ALTAVILLA VICENTINA,Vicenza,VI,024,VICENZA,Veneto,05,VENETO,Nord-est,0
024005,A236,Altissimo,Altissimo,ALTISSIMO,Vicenza,VI,024,VICENZA,Veneto,05,VENETO,Nord-est,0
024006,A377,Arcugnano,Arcugnano,ARCUGNANO,Vicenza,VI,024,VICENZA,Veneto,05,VENETO,Nord-est,0
024007,A444,Arsiero,Arsiero,ARSIERO,Vicenza,VI,024,VICENZA,Veneto,05,VENETO,Nord-est,0
024008,A459,Arzignano,Arzignano,ARZIGNANO,Vicenza,VI,024,VICENZA,Veneto,05,VENETO,Nord-est,0
024009,A465,Asiago,Asiago,ASIAGO,Vicenza,VI,024,VICENZA,Veneto,05,VENETO,Nord-est,0
024010,A467,Asigliano Veneto,Asigliano Veneto,ASIGLIANO VENETO,Vicenza,VI,024,VICENZA,Veneto,05,VENETO,Nord-est,0
024124,M401,Barbarano Mossano,Barbarano Mossano,BARBARANO MOSSANO,Vicenza,VI,024,VICENZA,Veneto,05,VENETO,Nord-est,0
024012,A703,Bassano del Grappa,Bassano del Grappa,BASSANO DEL GRAPPA,Vicenza,VI,024,VICENZA,Veneto,05,VENETO,Nord-est,0
024013,A954,Bolzano Vicentino,Bolzano Vicentino,BOLZANO VICENTINO,Vicenza,VI,024,VICENZA,Veneto,05,VENETO,Nord-est,0
024014,B132,Breganze,Breganze,BREGANZE,Vicenza,VI,024,VICENZA,Veneto,05,VENETO,Nord-est,0
024015,B143,Brendola,Brendola,BRENDOLA,Vicenza,VI,024,VICENZA,Veneto,05,VENETO,Nord-est,0
024016,B161,Bressanvido,Bressanvido,BRESSANVIDO,Vicenza,VI,024,VICENZA,Veneto,05,VENETO,Nord-est,0
024017,B196,Brogliano,Brogliano,BROGLIANO,Vicenza,VI,024,VICENZA,Veneto,05,VENETO,Nord-est,0
024018,B403,Caldogno,Caldogno,CALDOGNO,Vicenza,VI,024,VICENZA,Veneto,05,VENETO,Nord-est,0
024019,B433,Caltrano,Caltrano,CALTRANO,Vicenza,VI,024,VICENZA,Veneto,05,VENETO,Nord-est,0
024020,B441,Calvene,Calvene,CALVENE,Vicenza,VI,024,VICENZA,Veneto,05,VENETO,Nord-est,0
024021,B485,Camisano Vicentino,Camisano Vicentino,CAMISANO VICENTINO,Vicenza,VI,024,VICENZA,Veneto,05,VENETO,Nord-est,0
024022,B511,Campiglia dei Berici,Campiglia dei Berici,CAMPIGLIA DEI BERICI,Vicenza,VI,024,VICENZA,Veneto,05,VENETO,Nord-est,0
024024,B835,Carrè,Carrè,CARRE,Vicenza,VI,024,VICENZA,Veneto,05,VENETO,Nord-est,0
024025,B844,Cartigliano,Cartigliano,CARTIGLIANO,Vicenza,VI,024,VICENZA,Veneto,05,VENETO,Nord-est,0
024026,C037,Cassola,Cassola,CASSOLA,Vicenza,VI,024,VICENZA,Veneto,05,VENETO,Nord-est,0
024129,M439,Castegnero Nanto,Castegnero Nanto,CASTEGNERO NANTO,Vicenza,VI,024,VICENZA,Veneto,05,VENETO,Nord-est,0
024028,C119,Castelgomberto,Castelgomberto,CASTELGOMBERTO,Vicenza,VI,024,VICENZA,Veneto,05,VENETO,Nord-est,0
024029,C605,Chiampo,Chiampo,CHIAMPO,Vicenza,VI,024,VICENZA,Veneto,05,VENETO,Nord-est,0
024030,C650,Chiuppano,Chiuppano,CHIUPPANO,Vicenza,VI,024,VICENZA,Veneto,05,VENETO,Nord-est,0
024032,C824,Cogollo del Cengio,Cogollo del Cengio,COGOLLO DEL CENGIO,Vicenza,VI,024,VICENZA,Veneto,05,VENETO,Nord-est,0
024126,M426,Colceresa,Colceresa,COLCERESA,Vicenza,VI,024,VICENZA,Veneto,05,VENETO,Nord-est,0
024034,D020,Cornedo Vicentino,Cornedo Vicentino,CORNEDO VICENTINO,Vicenza,VI,024,VICENZA,Veneto,05,VENETO,Nord-est,0
024035,D107,Costabissara,Costabissara,COSTABISSARA,Vicenza,VI,024,VICENZA,Veneto,05,VENETO,Nord-est,0
024036,D136,Creazzo,Creazzo,CREAZZO,Vicenza,VI,024,VICENZA,Veneto,05,VENETO,Nord-est,0
024037,D156,Crespadoro,Crespadoro,CRESPADORO,Vicenza,VI,024,VICENZA,Veneto,05,VENETO,Nord-est,0
024038,D379,Dueville,Dueville,DUEVILLE,Vicenza,VI,024,VICENZA,Veneto,05,VENETO,Nord-est,0
024039,D407,Enego,Enego,ENEGO,Vicenza,VI,024,VICENZA,Veneto,05,VENETO,Nord-est,0
024040,D496,Fara Vicentino,Fara Vicentino,FARA VICENTINO,Vicenza,VI,024,VICENZA,Veneto,05,VENETO,Nord-est,0
024041,D750,Foza,Foza,FOZA,Vicenza,VI,024,VICENZA,Veneto,05,VENETO,Nord-est,0
024042,D882,Gallio,Gallio,GALLIO,Vicenza,VI,024,VICENZA,Veneto,05,VENETO,Nord-est,0
024043,D897,Gambellara,Gambellara,GAMBELLARA,Vicenza,VI,024,VICENZA,Veneto,05,VENETO,Nord-est,0
024046,E184,Grisignano di Zocco,Grisignano di Zocco,GRISIGNANO DI ZOCCO,Vicenza,VI,024,VICENZA,Veneto,05,VENETO,Nord-est,0
024047,E226,Grumolo delle Abbadesse,Grumolo delle Abbadesse,GRUMOLO DELLE ABBADESSE,Vicenza,VI,024,VICENZA,Veneto,05,VENETO,Nord-est,0
024048,E354,Isola Vicentina,Isola Vicentina,ISOLA VICENTINA,Vicenza,VI,024,VICENZA,Veneto,05,VENETO,Nord-est,0
024049,E403,Laghi,Laghi,LAGHI,Vicenza,VI,024,VICENZA,Veneto,05,VENETO,Nord-est,0
024050,E465,Lastebasse,Lastebasse,LASTEBASSE,Vicenza,VI,024,VICENZA,Veneto,05,VENETO,Nord-est,0
024051,E671,Longare,Longare,LONGARE,Vicenza,VI,024,VICENZA,Veneto,05,VENETO,Nord-est,0
024052,E682,Lonigo,Lonigo,LONIGO,Vicenza,VI,024,VICENZA,Veneto,05,VENETO,Nord-est,0
024053,E731,Lugo di Vicenza,Lugo di Vicenza,LUGO DI VICENZA,Vicenza,VI,024,VICENZA,Veneto,05,VENETO,Nord-est,0
024127,M427,Lusiana Conco,Lusiana Conco,LUSIANA CONCO,Vicenza,VI,024,VICENZA,Veneto,05,VENETO,Nord-est,0
024055,E864,Malo,Malo,MALO,Vicenza,VI,024,VICENZA,Veneto,05,VENETO,Nord-est,0
024056,E912,Marano Vicentino,Marano Vicentino,MARANO VICENTINO,Vicenza,VI,024,VICENZA,Veneto,05,VENETO,Nord-est,0
024057,E970,Marostica,Marostica,MAROSTICA,Vicenza,VI,024,VICENZA,Veneto,05,VENETO,Nord-est,0
024063,F486,Monte di Malo,Monte di Malo,MONTE DI MALO,Vicenza,VI,024,VICENZA,Veneto,05,VENETO,Nord-est,0
024060,F442,Montebello Vicentino,Montebello Vicentino,MONTEBELLO VICENTINO,Vicenza,VI,024,VICENZA,Veneto,05,VENETO,Nord-est,0
024061,F464,Montecchio Maggiore,Montecchio Maggiore,MONTECCHIO MAGGIORE,Vicenza,VI,024,VICENZA,Veneto,05,VENETO,Nord-est,0
024062,F465,Montecchio Precalcino,Montecchio Precalcino,MONTECCHIO PRECALCINO,Vicenza,VI,024,VICENZA,Veneto,05,VENETO,Nord-est,0
024064,F514,Montegalda,Montegalda,MONTEGALDA,Vicenza,VI,024,VICENZA,Veneto,05,VENETO,Nord-est,0
024065,F515,Montegaldella,Montegaldella,MONTEGALDELLA,Vicenza,VI,024,VICENZA,Veneto,05,VENETO,Nord-est,0
024066,F662,Monteviale,Monteviale,MONTEVIALE,Vicenza,VI,024,VICENZA,Veneto,05,VENETO,Nord-est,0
024067,F675,Monticello Conte Otto,Monticello Conte Otto,MONTICELLO CONTE OTTO,Vicenza,VI,024,VICENZA,Veneto,05,VENETO,Nord-est,0
024068,F696,Montorso Vicentino,Montorso Vicentino,MONTORSO VICENTINO,Vicenza,VI,024,VICENZA,Veneto,05,VENETO,Nord-est,0
024070,F829,Mussolente,Mussolente,MUSSOLENTE,Vicenza,VI,024,VICENZA,Veneto,05,VENETO,Nord-est,0
024072,F922,Nogarole Vicentino,Nogarole Vicentino,NOGAROLE VICENTINO,Vicenza,VI,024,VICENZA,Veneto,05,VENETO,Nord-est,0
024073,F957,Nove,Nove,NOVE,Vicenza,VI,024,VICENZA,Veneto,05,VENETO,Nord-est,0
024074,F964,Noventa Vicentina,Noventa Vicentina,NOVENTA VICENTINA,Vicenza,VI,024,VICENZA,Veneto,05,VENETO,Nord-est,0
024075,G095,Orgiano,Orgiano,ORGIANO,Vicenza,VI,024,VICENZA,Veneto,05,VENETO,Nord-est,0
024076,G406,Pedemonte,Pedemonte,PEDEMONTE,Vicenza,VI,024,VICENZA,Veneto,05,VENETO,Nord-est,0
024077,G560,Pianezze,Pianezze,PIANEZZE,Vicenza,VI,024,VICENZA,Veneto,05,VENETO,Nord-est,0
024078,G694,Piovene Rocchette,Piovene Rocchette,PIOVENE ROCCHETTE,Vicenza,VI,024,VICENZA,Veneto,05,VENETO,Nord-est,0
024079,G776,Pojana Maggiore,Pojana Maggiore,POJANA MAGGIORE,Vicenza,VI,024,VICENZA,Veneto,05,VENETO,Nord-est,0
024080,G931,Posina,Posina,POSINA,Vicenza,VI,024,VICENZA,Veneto,05,VENETO,Nord-est,0
024081,G943,Pove del Grappa,Pove del Grappa,POVE DEL GRAPPA,Vicenza,VI,024,VICENZA,Veneto,05,VENETO,Nord-est,0
024082,G957,Pozzoleone,Pozzoleone,POZZOLEONE,Vicenza,VI,024,VICENZA,Veneto,05,VENETO,Nord-est,0
024083,H134,Quinto Vicentino,Quinto Vicentino,QUINTO VICENTINO,Vicenza,VI,024,VICENZA,Veneto,05,VENETO,Nord-est,0
024084,H214,Recoaro Terme,Recoaro Terme,RECOARO TERME,Vicenza,VI,024,VICENZA,Veneto,05,VENETO,Nord-est,0
024085,H361,Roana,Roana,ROANA,Vicenza,VI,024,VICENZA,Veneto,05,VENETO,Nord-est,0
024086,H512,Romano d'Ezzelino,Romano d'Ezzelino,ROMANO D EZZELINO,Vicenza,VI,024,VICENZA,Veneto,05,VENETO,Nord-est,0
024088,H580,Rossano Veneto,Rossano Veneto,ROSSANO VENETO,Vicenza,VI,024,VICENZA,Veneto,05,VENETO,Nord-est,0
024087,H556,Rosà,Rosà,ROSA,Vicenza,VI,024,VICENZA,Veneto,05,VENETO,Nord-est,0
024089,H594,Rotzo,Rotzo,ROTZO,Vicenza,VI,024,VICENZA,Veneto,05,VENETO,Nord-est,0
024090,F810,Salcedo,Salcedo,SALCEDO,Vicenza,VI,024,VICENZA,Veneto,05,VENETO,Nord-est,0
024094,I117,San Pietro Mussolino,San Pietro Mussolino,SAN PIETRO MUSSOLINO,Vicenza,VI,024,VICENZA,Veneto,05,VENETO,Nord-est,0
024096,I401,San Vito di Leguzzano,San Vito di Leguzzano,SAN VITO DI LEGUZZANO,Vicenza,VI,024,VICENZA,Veneto,05,VENETO,Nord-est,0
024091,H829,Sandrigo,Sandrigo,SANDRIGO,Vicenza,VI,024,VICENZA,Veneto,05,VENETO,Nord-est,0
024095,I353,Santorso,Santorso,SANTORSO,Vicenza,VI,024,VICENZA,Veneto,05,VENETO,Nord-est,0
024097,I425,Sarcedo,Sarcedo,SARCEDO,Vicenza,VI,024,VICENZA,Veneto,05,VENETO,Nord-est,0
024098,I430,Sarego,Sarego,SAREGO,Vicenza,VI,024,VICENZA,Veneto,05,VENETO,Nord-est,0
024099,I527,Schiavon,Schiavon,SCHIAVON,Vicenza,VI,024,VICENZA,Veneto,05,VENETO,Nord-est,0
024100,I531,Schio,Schio,SCHIO,Vicenza,VI,024,VICENZA,Veneto,05,VENETO,Nord-est,0
024101,I783,Solagna,Solagna,SOLAGNA,Vicenza,VI,024,VICENZA,Veneto,05,VENETO,Nord-est,0
024102,I867,Sossano,Sossano,SOSSANO,Vicenza,VI,024,VICENZA,Veneto,05,VENETO,Nord-est,0
024128,M436,Sovizzo,Sovizzo,SOVIZZO,Vicenza,VI,024,VICENZA,Veneto,05,VENETO,Nord-est,0
024104,L156,Tezze sul Brenta,Tezze sul Brenta,TEZZE SUL BRENTA,Vicenza,VI,024,VICENZA,Veneto,05,VENETO,Nord-est,0
024105,L157,Thiene,Thiene,THIENE,Vicenza,VI,024,VICENZA,Veneto,05,VENETO,Nord-est,0
024106,D717,Tonezza del Cimone,Tonezza del Cimone,TONEZZA DEL CIMONE,Vicenza,VI,024,VICENZA,Veneto,05,VENETO,Nord-est,0
024107,L248,Torrebelvicino,Torrebelvicino,TORREBELVICINO,Vicenza,VI,024,VICENZA,Veneto,05,VENETO,Nord-est,0
024108,L297,Torri di Quartesolo,Torri di Quartesolo,TORRI DI QUARTESOLO,Vicenza,VI,024,VICENZA,Veneto,05,VENETO,Nord-est,0
024110,L433,Trissino,Trissino,TRISSINO,Vicenza,VI,024,VICENZA,Veneto,05,VENETO,Nord-est,0
024123,M384,Val Liona,Val Liona,VAL LIONA,Vicenza,VI,024,VICENZA,Veneto,05,VENETO,Nord-est,0
024125,M423,Valbrenta,Valbrenta,VALBRENTA,Vicenza,VI,024,VICENZA,Veneto,05,VENETO,Nord-est,0
024111,L551,Valdagno,Valdagno,VALDAGNO,Vicenza,VI,024,VICENZA,Veneto,05,VENETO,Nord-est,0
024112,L554,Valdastico,Valdastico,VALDASTICO,Vicenza,VI,024,VICENZA,Veneto,05,VENETO,Nord-est,0
024113,L624,Valli del Pasubio,Valli del Pasubio,VALLI DEL PASUBIO,Vicenza,VI,024,VICENZA,Veneto,05,VENETO,Nord-est,0
024115,L723,Velo d'Astico,Velo d'Astico,VELO D ASTICO,Vicenza,VI,024,VICENZA,Veneto,05,VENETO,Nord-est,0
024116,L840,Vicenza,Vicenza,VICENZA,Vicenza,VI,024,VICENZA,Veneto,05,VENETO,Nord-est,1
024117,L952,Villaga,Villaga,VILLAGA,Vicenza,VI,024,VICENZA,Veneto,05,VENETO,Nord-est,0
024118,M032,Villaverla,Villaverla,VILLAVERLA,Vicenza,VI,024,VICENZA,Veneto,05,VENETO,Nord-est,0
024119,M145,Zanè,Zanè,ZANE,Vicenza,VI,024,VICENZA,Veneto,05,VENETO,Nord-est,0
024120,M170,Zermeghedo,Zermeghedo,ZERMEGHEDO,Vicenza,VI,024,VICENZA,Veneto,05,VENETO,Nord-est,0
024121,M194,Zovencedo,Zovencedo,ZOVENCEDO,Vicenza,VI,024,VICENZA,Veneto,05,VENETO,Nord-est,0
024122,M199,Zugliano,Zugliano,ZUGLIANO,Vicenza,VI,024,VICENZA,Veneto,05,VENETO,Nord-est,0
